id,model,prediction
eee744d5f128086dbc74,Naive Bayes,negative
ff24653a340a54e72a81,Naive Bayes,negative
c57cf03017fa619ca90e,Naive Bayes,positive
33a136af572f1c18c971,Naive Bayes,positive
d082127dfff3d1298889,Naive Bayes,negative
817226953257b0ef8856,Naive Bayes,negative
bfd5246bfbcde6654cfc,Naive Bayes,negative
dd31dcb355f964ddd20f,Naive Bayes,positive
4c5705df44c511a6e88a,Naive Bayes,negative
ea0059066484438f94d4,Naive Bayes,positive
839940374d1381613866,Naive Bayes,negative
142c3aa9583d88eb048c,Naive Bayes,positive
252926035e089ca748e3,Naive Bayes,negative
695221bfb7a8624e13ea,Naive Bayes,positive
7c0b1085632c70b7de1c,Naive Bayes,negative
7288a5d658b6599418b4,Naive Bayes,negative
cf655b6b22d6e0769281,Naive Bayes,negative
7f53385d981fbc98568c,Naive Bayes,positive
447b9950d9a6646c711f,Naive Bayes,positive
e1a209dfb07e1a3dae9e,Naive Bayes,negative
2cbf626fb27d16cab295,Naive Bayes,positive
8fdec5f18d0f71b29166,Naive Bayes,positive
4cca53795a070066a23b,Naive Bayes,positive
b561914e103fb6282354,Naive Bayes,negative
65e4bd666334150029f0,Naive Bayes,positive
f153e834b296bbae898f,Naive Bayes,positive
8dbae8944cd20207879e,Naive Bayes,negative
2fcc1bed07631b10bbd5,Naive Bayes,positive
08f4e437dd1d28f2127a,Naive Bayes,negative
25f6f4242bc09dd2d346,Naive Bayes,positive
4453f1b1b75a2175e197,Naive Bayes,positive
8585b0c749b4c67062ad,Naive Bayes,negative
d1580737714650bb5f05,Naive Bayes,negative
6289f3eb8cb0c5b294db,Naive Bayes,negative
e6fe044fbba7c0e238ad,Naive Bayes,positive
53ea88c551b8eb085578,Naive Bayes,positive
e8c3b41fefbeabf6ade5,Naive Bayes,positive
09b4c3b3070fb2c483e8,Naive Bayes,positive
857a5ca88a4c74ef51de,Naive Bayes,positive
bd83605ba1d11ce8bc73,Naive Bayes,positive
d8ed6cdd92dadf9c5624,Naive Bayes,positive
37024536d0996ffb52fe,Naive Bayes,negative
1c4c66de45f8f22d060a,Naive Bayes,negative
0662c942ae39ecd38114,Naive Bayes,negative
ec8effb0acaf932a17cb,Naive Bayes,negative
d933254d94f14da6d9da,Naive Bayes,positive
c58a3101db4e67e72fb4,Naive Bayes,positive
3d034985a9839fde9834,Naive Bayes,negative
ffa444a427efa663f03b,Naive Bayes,negative
dce17db45727a2b12205,Naive Bayes,positive
c9af3d35a0e616fb6726,Naive Bayes,positive
fce2ee70317220e1776b,Naive Bayes,positive
5c949e08d096934b7c06,Naive Bayes,positive
0f9069160e698e260d22,Naive Bayes,positive
1c015a83a380965cdfa4,Naive Bayes,negative
3a54877bb82c8855fb87,Naive Bayes,positive
0cac6d2a914c8331dccd,Naive Bayes,positive
281a6bd6ac7b56ae6cc4,Naive Bayes,negative
327adbb0b2d7b2ec5f57,Naive Bayes,negative
3f50e0b6b6dcd9dcabb2,Naive Bayes,positive
2b7f3223a6959607d26f,Naive Bayes,positive
08690a977781711a5dc2,Naive Bayes,negative
0d6925c613417ca3e0b9,Naive Bayes,positive
ea8a8a39c4a763fe0eab,Naive Bayes,negative
e76d4193e32ab37ed124,Naive Bayes,positive
abd881c9f881d2e133a0,Naive Bayes,positive
11728ee597738994e3ac,Naive Bayes,negative
a11a3f77496b028cdce0,Naive Bayes,positive
375e1006c21607aa9af0,Naive Bayes,positive
aea16df5a29901167a4a,Naive Bayes,positive
bb7135c020d245e1774c,Naive Bayes,positive
0c74ac3b166736099da0,Naive Bayes,negative
8dc74fd71709ec384929,Naive Bayes,negative
472b1e0b579f1c7c6058,Naive Bayes,positive
3428cb59c6aaa25b02e6,Naive Bayes,positive
ed0c32e1761e03d9d2ec,Naive Bayes,negative
2b969fc252a37fc78974,Naive Bayes,negative
f7739a748b2fdae25c7a,Naive Bayes,positive
83f800db6f622e690a2a,Naive Bayes,positive
ffcbad8b36c333bf7de6,Naive Bayes,negative
782b7dd5ef98ff25b7af,Naive Bayes,positive
5f15ba40bf5a308f933f,Naive Bayes,negative
3d2046fca69f9577a08d,Naive Bayes,positive
4359b957ccf998f7cabe,Naive Bayes,negative
c3bb7e4bb07a4a1469c7,Naive Bayes,positive
4eab5a20bc4066f005f5,Naive Bayes,negative
74a99046573fc2119734,Naive Bayes,positive
9734abb36e12a050c188,Naive Bayes,positive
6242c4ec69eaceb7c542,Naive Bayes,positive
636fe5f3bb1e64e82d96,Naive Bayes,positive
62a9ef66e1ff4c520620,Naive Bayes,negative
32fd9a70a9c0a9a1aed6,Naive Bayes,positive
bf6d25ec32b7b65b4428,Naive Bayes,negative
73c541f617b4e1e37c29,Naive Bayes,positive
19d22e8acc7c5b20b244,Naive Bayes,positive
e92297599579e20d7ba4,Naive Bayes,negative
38f3e9d6c98cca8121e2,Naive Bayes,negative
35f1bbd557e8dd92f7d3,Naive Bayes,negative
9638c9a73f30215440b3,Naive Bayes,negative
b9294bbb225b5ed8873c,Naive Bayes,positive
04e70bfdc637c10d0409,Naive Bayes,positive
efaa9ec5b0c1e837b204,Naive Bayes,negative
ee8e7c0c1268ea111f73,Naive Bayes,negative
8ca9beb11232a610fd26,Naive Bayes,positive
a8cdce19644b93e15e60,Naive Bayes,negative
486367613cb18ee247a3,Naive Bayes,negative
2862c7d7b6fdbe16df73,Naive Bayes,negative
82d494881d77fb5e3d88,Naive Bayes,positive
b2d08a93ceb3749595ad,Naive Bayes,negative
5b8103aab2a9d0bed0d0,Naive Bayes,negative
b2e845758016acb898c7,Naive Bayes,positive
f06e6ebd07d91f54f017,Naive Bayes,negative
572adf0cde3d2775ffed,Naive Bayes,positive
b4eeeb8bac6548d7f435,Naive Bayes,positive
f6d7bcf663f31c91b43a,Naive Bayes,negative
dab2167948b7d02b2438,Naive Bayes,negative
7510953884104aa9ff6c,Naive Bayes,negative
1b918efd268cb9cae2c0,Naive Bayes,positive
cbb8fa276ce751089971,Naive Bayes,positive
de51f554ca66f11c7d4d,Naive Bayes,positive
0a9e413bd779de05accd,Naive Bayes,positive
099f901020b90a0dba7b,Naive Bayes,positive
20faf3f34cc8a6a95796,Naive Bayes,negative
138a89293fadb93b346a,Naive Bayes,negative
8bed391089491836f5eb,Naive Bayes,negative
8abe57332430694dd008,Naive Bayes,negative
82697b41113517a467ee,Naive Bayes,positive
281af41f391c65d4d3ea,Naive Bayes,positive
45e182206a6f4e4ec6d4,Naive Bayes,negative
a95fe713521d37a5a6a6,Naive Bayes,negative
2780f349a370234a72d3,Naive Bayes,negative
6a3a969a966fb8bd2844,Naive Bayes,negative
6cc1ecf26c7c4a3faa55,Naive Bayes,positive
46dbb5079c9138b3933e,Naive Bayes,positive
b80b144dfbcc8d7c2a16,Naive Bayes,negative
5899a96e3784afe044bc,Naive Bayes,negative
a55723aa1030fef56852,Naive Bayes,negative
002b9baf13c59940981a,Naive Bayes,positive
4fe282f4500827284fd1,Naive Bayes,positive
c6d470c47f5dbda69447,Naive Bayes,positive
e3e836e4f1ec23013d93,Naive Bayes,negative
754b339edaceb45dcee9,Naive Bayes,positive
7162ac870c2c67de0382,Naive Bayes,positive
3ad0629273ee5fc0e8b7,Naive Bayes,negative
aaaa6fc63036769637be,Naive Bayes,negative
af758fc49f26d65232fd,Naive Bayes,negative
23be94d92af0c70350ee,Naive Bayes,negative
61fc8a08d14f7d044b00,Naive Bayes,positive
b96448468d01265983f3,Naive Bayes,positive
a32ad84e14b196ada7cb,Naive Bayes,negative
a9f65f99e2bd807da066,Naive Bayes,positive
7cc4b1858aa0ce93442d,Naive Bayes,positive
9066d2d784aade8b5531,Naive Bayes,negative
907b73ceda8324e00196,Naive Bayes,negative
b14196f94c903cb2b0b0,Naive Bayes,negative
39cf45f80adb93f7d97a,Naive Bayes,positive
398acf79c74d5ec7048b,Naive Bayes,negative
3588fdac806abc539a17,Naive Bayes,negative
d89ccb8a387e47a097ad,Naive Bayes,negative
a40449980c8a3a3cf46c,Naive Bayes,positive
86f158c46348622dabab,Naive Bayes,negative
03bfd880d0e0bc1a1596,Naive Bayes,negative
5380582d94fbc31e3a60,Naive Bayes,negative
95cb3df3b3d706097882,Naive Bayes,negative
9491a238fcdb9d472fc7,Naive Bayes,positive
fc2d759166855fa3af53,Naive Bayes,positive
a8066e4db19e15d4f66b,Naive Bayes,negative
4c636ab5a6465cdd1fed,Naive Bayes,negative
45ac0e3f49101c683c2f,Naive Bayes,positive
dadfe489e711079fcb2d,Naive Bayes,negative
c3e5af6ca722956c7c61,Naive Bayes,positive
90d9694565eb4559ae45,Naive Bayes,negative
8bb3d79fb70f88f7cfde,Naive Bayes,positive
3c4d8b96d355390a2886,Naive Bayes,positive
816e935f98c96aea9195,Naive Bayes,positive
d918e17dd18e7b71df13,Naive Bayes,negative
38910a67720125ae52b2,Naive Bayes,negative
5f5774e830e307c8207b,Naive Bayes,positive
3a4adb55fcdafad0318d,Naive Bayes,positive
628bdf73d28eaa1006bc,Naive Bayes,negative
e29368bf5cb886153fce,Naive Bayes,positive
6a66d36e7c450c45dc70,Naive Bayes,positive
215a906e3608881eee54,Naive Bayes,negative
cae8eb14d7ffb39dea5a,Naive Bayes,positive
00f7cda3c069b97d2d5a,Naive Bayes,negative
2bb37198f5ff2a036730,Naive Bayes,positive
6d3020992b4ec8628a9a,Naive Bayes,positive
b48605d8b49508fc396e,Naive Bayes,negative
099b7e9200d5d6a9e454,Naive Bayes,positive
a8018a8536e4d07272b1,Naive Bayes,negative
4fe61468995f8b32593e,Naive Bayes,negative
28f86ece013480538926,Naive Bayes,positive
fe03b4363a030725e11b,Naive Bayes,negative
f7c14de5ca8864c3854f,Naive Bayes,positive
20365d9f799866fc6e11,Naive Bayes,negative
3ecab720bc490c22106f,Naive Bayes,negative
dcd09e85fef8e2c8f99b,Naive Bayes,positive
f3bd21ca0e21f779487a,Naive Bayes,positive
d9678ff77f1b3a342061,Naive Bayes,positive
3cc486a4a42ea71b6584,Naive Bayes,positive
3aedd73f048e65da7a63,Naive Bayes,positive
1852f4fcd37316a6a6fe,Naive Bayes,negative
3b7dc373258a4d670e86,Naive Bayes,positive
b0c7bf5677e6cc55aef4,Naive Bayes,negative
429202914f141eaf2283,Naive Bayes,positive
242af8300b372eab6b8d,Naive Bayes,negative
8b93aa1845c1b4fecccd,Naive Bayes,negative
64ebcf0dd7d5aa1d6d33,Naive Bayes,negative
c5e6bcd29eb42058d03a,Naive Bayes,negative
5f259100c26fe8607faa,Naive Bayes,negative
225d6b16fcb5e1b3a2d2,Naive Bayes,negative
d3e46f067a809d6e843e,Naive Bayes,positive
24590ac2b523ec2e350a,Naive Bayes,positive
ad4246cf2acef5f9d274,Naive Bayes,negative
28590387536baa10909f,Naive Bayes,positive
8dd894f327b13ea560e7,Naive Bayes,negative
546ce714ce997cf96691,Naive Bayes,positive
5ba359ef80ae87bd88a4,Naive Bayes,negative
c29c6df547d4d0abeaf9,Naive Bayes,positive
2777322e2c7797c798a2,Naive Bayes,positive
6cb2128c298e5b1b0cd2,Naive Bayes,positive
8ba735a3c33c471b123e,Naive Bayes,negative
bbfb949cf060c6bf7ffd,Naive Bayes,positive
a861c89b3d6fa43ee338,Naive Bayes,positive
9b11fdd83e94c9b972dc,Naive Bayes,positive
c359dc4093feee9b44d2,Naive Bayes,positive
5b3b215f7e3483140102,Naive Bayes,positive
5895ddefcee3b6ad1d2b,Naive Bayes,positive
17ec034e0aae2ebc1423,Naive Bayes,positive
3b45f171c5d8a11e593b,Naive Bayes,positive
2e5e5d17e282f72c1523,Naive Bayes,positive
7b769a940fe162492755,Naive Bayes,positive
4e72343c226d34b6b950,Naive Bayes,positive
79fc6b071b28de41758b,Naive Bayes,positive
5e78d8abb94097715a7a,Naive Bayes,positive
0a10a3400eeb2c078ef5,Naive Bayes,negative
e2481b2986aa3e781b2b,Naive Bayes,positive
e759963345200cfeff0f,Naive Bayes,negative
104c4ac7cc5caf6b36bd,Naive Bayes,positive
4c5a10379bb445b0f9aa,Naive Bayes,negative
ae4fbd13bf8f8f4f3cbc,Naive Bayes,positive
43452346a2a692906897,Naive Bayes,negative
dc0751d2d2767e14844e,Naive Bayes,positive
ccc58928b5a54344854a,Naive Bayes,positive
3100cda6c29ef8af2e32,Naive Bayes,positive
c545b2d368b54c4c2b61,Naive Bayes,positive
c07ce03810a317525e20,Naive Bayes,positive
f6e6477a2b28ed21fb00,Naive Bayes,negative
90b4ed8eb231536334f5,Naive Bayes,positive
617faf43ca7f9d401c41,Naive Bayes,negative
eef2dc44682dee1a6fb9,Naive Bayes,positive
abf39c58d7071dfd5d1f,Naive Bayes,negative
7ccf2cd754ec0d742a57,Naive Bayes,negative
aa834f4f066b69de5368,Naive Bayes,negative
e8890df11846eb92b3a3,Naive Bayes,positive
746e635c2139bb0fa4ae,Naive Bayes,positive
f5027c6efb906ecb9ac5,Naive Bayes,negative
2a7b799bad6dc49af04b,Naive Bayes,positive
9767f0e1686803338955,Naive Bayes,positive
ae2317079418a105c308,Naive Bayes,positive
7f3427d53b8c14927e88,Naive Bayes,positive
badc3f1a3d2b0aae8420,Naive Bayes,positive
ee9a0d88aa28e08034e3,Naive Bayes,positive
1d98c03e8f3735d82bb2,Naive Bayes,positive
2bb5ce465a76ae2c3013,Naive Bayes,positive
58a864644f1ccc481e1e,Naive Bayes,negative
ef2a2f25a1a9e01b4aae,Naive Bayes,positive
8a941386e823f723814f,Naive Bayes,positive
7fc982ed51c22b86f58d,Naive Bayes,positive
aed5ba56ec936b3c6117,Naive Bayes,negative
d633b75193b4aa7db57b,Naive Bayes,positive
016d56dd57bf46bc3fe7,Naive Bayes,negative
77054acae1042aa97bf2,Naive Bayes,negative
45d63399ba0c11cf2746,Naive Bayes,positive
8f0ee51e4cb199478a2d,Naive Bayes,positive
644a723cbdac8d3f2307,Naive Bayes,negative
56b643566fc0c83a21db,Naive Bayes,negative
d59b862918d0814d5ad2,Naive Bayes,negative
bb75b0e7c87a2c0f923e,Naive Bayes,negative
e79541e04fb41f6e8ce5,Naive Bayes,positive
47b038c8323e2bc6703c,Naive Bayes,positive
369c82009943baa22487,Naive Bayes,negative
4ed1f3e0716eaa76d8a1,Naive Bayes,negative
3797323c8d73e724ae96,Naive Bayes,positive
2ae39cf2cfcfff960a81,Naive Bayes,positive
323f8468a3d8111f69fc,Naive Bayes,positive
4acb86711851999db39e,Naive Bayes,positive
8a03a264fff249b03a13,Naive Bayes,positive
72c77f78418b246ffe4b,Naive Bayes,positive
fda40a93105722c81400,Naive Bayes,negative
295d96109b33955d33b8,Naive Bayes,positive
0ae7dd16f28fd31147b8,Naive Bayes,negative
300913630fe40418c57a,Naive Bayes,negative
9a9f7cb75b78fecae75b,Naive Bayes,positive
4eeacf54f9b21987abcd,Naive Bayes,negative
aa5b2e7e95369b0a6909,Naive Bayes,negative
cba3618ef57a3202d62b,Naive Bayes,positive
cba013161b66a5cb5e04,Naive Bayes,negative
42df59bacf900e16847f,Naive Bayes,positive
650a0549501d4e96dfcd,Naive Bayes,negative
0da95ae776ce26d29ad1,Naive Bayes,negative
25895e0120a68c5fefd3,Naive Bayes,negative
8a60d9a666e9d73aa90a,Naive Bayes,negative
89c4c62e39f25cb1e3f4,Naive Bayes,negative
9a1e7f5461d6095b1e15,Naive Bayes,positive
db4e1f754038bebc4e81,Naive Bayes,positive
88dd622acddd5850f17e,Naive Bayes,positive
b247425278a0f7c9af31,Naive Bayes,negative
b2b54d8fc6e8b7308746,Naive Bayes,negative
08d26781fc3fbd2023f4,Naive Bayes,positive
7eb1fa201badeabe8cd9,Naive Bayes,positive
fdd0303bf3b2796c1980,Naive Bayes,negative
67108f7cb22bdf952289,Naive Bayes,positive
e55cacda149c1bdd143c,Naive Bayes,negative
e8be912095866f846478,Naive Bayes,negative
b6280fb8344e03c4caab,Naive Bayes,positive
4403dfa553c0290e9127,Naive Bayes,negative
db820d31a3fff6fad150,Naive Bayes,negative
3bdb6cb0d94595dfbab1,Naive Bayes,negative
7c48ff00dd2be4f15be3,Naive Bayes,negative
c8288e5f15a88bc0388e,Naive Bayes,positive
d218f73e1d6264ed1646,Naive Bayes,positive
ceed9546e6fee763aed2,Naive Bayes,positive
d496a491d7ac0ff72f00,Naive Bayes,positive
bd9f37cdc64b106146e7,Naive Bayes,positive
03d0caeb11771e26ca44,Naive Bayes,negative
aa8e0a933101e7f77d42,Naive Bayes,negative
e1e235d642e9ea153ff9,Naive Bayes,negative
235c0794d3c6de67b42c,Naive Bayes,negative
378fcbb75fde81bbc37d,Naive Bayes,positive
6befd02aa74329c9d403,Naive Bayes,negative
1ea3b5fc2bc414fc4d3a,Naive Bayes,positive
7d687c7dd7f05d5fb136,Naive Bayes,positive
5542c4ba023886cbf76e,Naive Bayes,negative
929212c113326d74d8a2,Naive Bayes,positive
97bb50c855565d0b4c87,Naive Bayes,negative
82187b4fa6c5994b744f,Naive Bayes,positive
57494c374ebb0fcd9d1c,Naive Bayes,positive
5f831df021319d92bbe6,Naive Bayes,negative
85083a4cfb315f953163,Naive Bayes,positive
4a4e6bae25028a1c1748,Naive Bayes,negative
2786c1eef9ce31b2522d,Naive Bayes,negative
617d8b7630c9040e9648,Naive Bayes,negative
0221420ee11f75211a17,Naive Bayes,positive
d808ca1a8bb216db92cd,Naive Bayes,positive
506132fc832e3784d2bd,Naive Bayes,negative
d717af9bb27ecd265e5e,Naive Bayes,positive
8f4bb23f39b28b335191,Naive Bayes,positive
bdd8379784ef0d29065b,Naive Bayes,negative
9f6f93e4192cbc3096ea,Naive Bayes,negative
69d650fe05e5c5b20101,Naive Bayes,positive
df0c14baced1ae667e29,Naive Bayes,positive
8d1138042df798488fd9,Naive Bayes,positive
4d52f7717526a26478e6,Naive Bayes,positive
57d471fee5726c89319d,Naive Bayes,positive
1572ee7b4d3778bb3c41,Naive Bayes,positive
458aa14f5b5ff3c2a1dd,Naive Bayes,positive
d139116ed9f534f4c3e1,Naive Bayes,positive
98bf280a8b26919e209c,Naive Bayes,negative
c88221c36204581c3a4f,Naive Bayes,positive
dabd4575ff7d8a3a9125,Naive Bayes,positive
9d2acdddb6fa58ea4288,Naive Bayes,negative
196805e92c6d2f25e580,Naive Bayes,negative
89f926ac94fcb6133348,Naive Bayes,positive
b261f65e60f4abfedefa,Naive Bayes,negative
a3acea7662dba72e5bd8,Naive Bayes,negative
691d28c7d3bc7f3a68e5,Naive Bayes,negative
12bc01d9d22772169d60,Naive Bayes,negative
ac2fd084d560e51ae981,Naive Bayes,negative
c0c27655a80456752078,Naive Bayes,positive
77537f46c842e0cfdac2,Naive Bayes,negative
a710111e54df416f670c,Naive Bayes,negative
5f05dc75625b227ef730,Naive Bayes,positive
e55706ba29a7ff416c52,Naive Bayes,positive
d062baa8d2c1a6aae43c,Naive Bayes,negative
a0ec687eda9434dbb72f,Naive Bayes,negative
3cc0f5d8d05fd4d60f26,Naive Bayes,negative
754b8e19c426b58c9b50,Naive Bayes,negative
5055bb9d64d62ce27b5d,Naive Bayes,negative
50b7ef2e0744f8f1ec0f,Naive Bayes,negative
a21277f8b8c74a0826bc,Naive Bayes,positive
ef4eb313717ca523bedf,Naive Bayes,negative
b7a49fcf06a5337c5cfe,Naive Bayes,negative
a6ac3a02b1e84348136f,Naive Bayes,negative
9d62c314840db2aeff83,Naive Bayes,negative
a4cfaacbccdb33c23157,Naive Bayes,negative
a7a72fc51ff03a77f7cf,Naive Bayes,negative
9337dee960e461eb7594,Naive Bayes,negative
c4b08dbb158a10fd3b17,Naive Bayes,negative
6d69eeba71afb4f0a709,Naive Bayes,negative
7660b307de26fec4a353,Naive Bayes,negative
ddbc07adb8ac62b8aa01,Naive Bayes,positive
557ddac1045ad7baa8e4,Naive Bayes,positive
5ad0e62b25e0087b4ffe,Naive Bayes,negative
01d3882993555d89db85,Naive Bayes,negative
f61c094eb147f9a74f98,Naive Bayes,negative
25598267d3b0361b544d,Naive Bayes,negative
5c93ee9c39c674a6d763,Naive Bayes,negative
cbf884b0b078638fdd57,Naive Bayes,positive
349de08a5ec461a2646c,Naive Bayes,positive
b29fb32ad003cb7afabd,Naive Bayes,positive
f93a429b6fc6107046fb,Naive Bayes,negative
9e523a931d3c7625f138,Naive Bayes,negative
343d584881f99959052d,Naive Bayes,positive
66f79730de987819ffa8,Naive Bayes,positive
7936b4f19ad72fa12d49,Naive Bayes,negative
d73c2c4eafcb72dc8ab1,Naive Bayes,positive
e9c6fd5c7ae158702698,Naive Bayes,negative
07ec232798f4ab18f701,Naive Bayes,positive
7aee07bb23b9b24ca080,Naive Bayes,positive
27953a6b21e7105aa562,Naive Bayes,negative
277d2d8cc7138be12976,Naive Bayes,negative
efda8011f0d0433d28f6,Naive Bayes,negative
caafd2fd0c97c6ca347d,Naive Bayes,positive
0dab549b750cbf366401,Naive Bayes,negative
514d8d95234510df59bd,Naive Bayes,positive
5c48893d1d0b15a43543,Naive Bayes,negative
a26c03f86f475aaacb32,Naive Bayes,negative
5c6eb84b1037697fba3f,Naive Bayes,positive
d5a5f80de95198fb3e30,Naive Bayes,negative
798103c77002efd80c1b,Naive Bayes,negative
ed08f2f16427810ac2e0,Naive Bayes,positive
188d3c153214ce7906bd,Naive Bayes,positive
6fa0001fc936689fb44f,Naive Bayes,negative
01c8c844ab05b211f948,Naive Bayes,negative
5bf0ea68c9d88719d1c7,Naive Bayes,negative
ebb76bf55f5c28f967da,Naive Bayes,negative
6c6a95ed76d9f3b00163,Naive Bayes,negative
26c44c0c9dc8343086a9,Naive Bayes,negative
43b8cc72b75559d32354,Naive Bayes,negative
03b8d444d4529dbf2373,Naive Bayes,negative
488b62f97d2b3c9c350b,Naive Bayes,negative
84c382719c6b8fb08baa,Naive Bayes,positive
c5276aabbafdb3ef1816,Naive Bayes,positive
12fd8c826f04b9068f33,Naive Bayes,positive
e6dacfaee866eba26090,Naive Bayes,positive
1585abb38000bec92509,Naive Bayes,positive
34c7b6fdc797ef461c3e,Naive Bayes,negative
273615104c6a2f2d625e,Naive Bayes,positive
4722d897db2bb5e39ec7,Naive Bayes,positive
ab7efd0c02bbe41b5c95,Naive Bayes,negative
67b846b25880a0f6fc45,Naive Bayes,negative
164a9174e7549c1b8674,Naive Bayes,negative
fe3fe5a1dbb9ac54e118,Naive Bayes,positive
2327b1f8a0b3332624f7,Naive Bayes,positive
3bde871fd4109c75c4c4,Naive Bayes,negative
43e464153da03532e708,Naive Bayes,negative
92fc5012abd2442649fb,Naive Bayes,positive
5c0cdcf84d2c04b38d9f,Naive Bayes,negative
2af08e27534715d97caa,Naive Bayes,negative
a2da6ebbb97acea31f75,Naive Bayes,positive
12ba4e0650ce340d9dff,Naive Bayes,negative
5ba03f8c3be60b0d925c,Naive Bayes,positive
e0e4dda510c9c9216efa,Naive Bayes,positive
aece475421d1e802c540,Naive Bayes,positive
5b954d4371693f04a949,Naive Bayes,negative
0238aaf27408ec998209,Naive Bayes,negative
445bee97db06d0f6c876,Naive Bayes,positive
b292f7173cd8378e2b6b,Naive Bayes,positive
74fabc899731f48c9279,Naive Bayes,positive
04a44f920c562c671e73,Naive Bayes,negative
f2e04b12ca9cc4b6140c,Naive Bayes,positive
d626dfd44fbe0629e26d,Naive Bayes,positive
46928a9297bb79de3631,Naive Bayes,negative
4ea96c07191ab3a38ddc,Naive Bayes,negative
bee9de3370ff3e8d0e86,Naive Bayes,negative
a0f4957f04778cd0f899,Naive Bayes,positive
16c4e7e6492c3563c771,Naive Bayes,negative
79b7bf31e198146a8d54,Naive Bayes,negative
284c0acc7b6f25e647f4,Naive Bayes,negative
c20cfda2a3d96ce5ecc4,Naive Bayes,negative
f608e209e33ab040053a,Naive Bayes,negative
39aa1a5af5de11f3536f,Naive Bayes,positive
a1b94fa3a90d03bdd679,Naive Bayes,positive
2aef467bf415185b1ea7,Naive Bayes,negative
8c9fa6564c96ecf25917,Naive Bayes,negative
04c07ec1b9c5bc471a9b,Naive Bayes,negative
e0617d8dd44dff5c9a67,Naive Bayes,positive
2beec7a4ca5e4d8700b6,Naive Bayes,negative
334b6fb5b0032faef382,Naive Bayes,positive
ea23f7e348e2099df429,Naive Bayes,negative
69e1c78b42ddf1bdb8f4,Naive Bayes,negative
a86d2be77881fcbf35ba,Naive Bayes,positive
986e9a4175461f0d83cd,Naive Bayes,positive
acffae134d35cc3cef7c,Naive Bayes,negative
d7d1ae591511bf895b80,Naive Bayes,positive
db5a7f82901446c60432,Naive Bayes,positive
65031dc64f5fc62c9ee2,Naive Bayes,positive
afe1b314722642795436,Naive Bayes,negative
062192597b656a1e55a1,Naive Bayes,negative
0f1717e7a3bcd84427d5,Naive Bayes,positive
bc135818cb26e1dbe15e,Naive Bayes,negative
94a17d2cbd76f076baae,Naive Bayes,negative
ecddcf3684f209888274,Naive Bayes,negative
d753b72d41da34413244,Naive Bayes,negative
569d1d124e495e5bbfda,Naive Bayes,negative
58894b6cacc30f926e1f,Naive Bayes,negative
3558512f6551b6ef35f3,Naive Bayes,negative
21e4652427addc889256,Naive Bayes,positive
98c58cec42ee230339b2,Naive Bayes,negative
cd999c47ee582c9124ad,Naive Bayes,positive
ceb3d45a316bfa5e210f,Naive Bayes,positive
dccf86cda0289cac7dff,Naive Bayes,positive
f1b422d324ba9273da48,Naive Bayes,negative
68c04ac0b63070ba7d59,Naive Bayes,positive
db0be59ed6f53adb3b31,Naive Bayes,positive
2c9326ce63606680e881,Naive Bayes,positive
97a6e34e9c41f405ed23,Naive Bayes,positive
22e723d506ffed6e023a,Naive Bayes,positive
a96a5e606e64b44ebe23,Naive Bayes,positive
a3ef15bfa2c7d5bd8fcf,Naive Bayes,positive
da05a951b21f958a2431,Naive Bayes,negative
e30da0370ed5405c65fe,Naive Bayes,negative
6a701a83a2d6aef138a2,Naive Bayes,positive
443c62991991f7b63d66,Naive Bayes,negative
a585966310dec22bbde3,Naive Bayes,negative
ae7ccdb2d370f98a7c1e,Naive Bayes,positive
32e0574ef115db9d1cdc,Naive Bayes,positive
f7dfb10a70420e5f322c,Naive Bayes,positive
aa01bfe93ba83f0f879c,Naive Bayes,positive
2ffd4555e2bbe8455342,Naive Bayes,positive
fdc427b89824c1179aab,Naive Bayes,positive
baf3491c4a3a418cd0d2,Naive Bayes,negative
c104b121f87eabebc830,Naive Bayes,positive
19117def3dfb6acd44c4,Naive Bayes,negative
38186495165b77733164,Naive Bayes,negative
2000dd162355a6766289,Naive Bayes,positive
e36864e9f0a9b4ae5682,Naive Bayes,positive
10a43d441b2b1750efb0,Naive Bayes,negative
6be6e9955f8a344eab4c,Naive Bayes,positive
f73f4d509be9037ff7ed,Naive Bayes,positive
1bb871b2f6c3fccbe1fd,Naive Bayes,negative
f00aa6e9c6a00d7c93ed,Naive Bayes,negative
47c0542b3777da55fc46,Naive Bayes,negative
5bdb2c6e677663a4e8ff,Naive Bayes,positive
8fe006542889bc49d074,Naive Bayes,positive
628f11bb0e9dd37f6a61,Naive Bayes,positive
bd508b9530659a30a0dc,Naive Bayes,negative
4917eacb17a4cec5eebd,Naive Bayes,negative
9b8bcf18c087601e0368,Naive Bayes,negative
7075c7102893659ea856,Naive Bayes,positive
66713a4f5f69c1987538,Naive Bayes,positive
78ddf5283b9e321a0d89,Naive Bayes,positive
4d683bfe3761bb63bed2,Naive Bayes,positive
bc3a6c6bc0105b0846af,Naive Bayes,negative
74be83c1bcee015fc284,Naive Bayes,negative
d77ef24d712b13e3edf5,Naive Bayes,positive
1d86f6ab61b3074bb38f,Naive Bayes,positive
7bab57976395fbb36ce4,Naive Bayes,positive
973c6b0f15f688ca8e65,Naive Bayes,negative
d47370dcc4948e923077,Naive Bayes,negative
759cc97c252ba426cf2d,Naive Bayes,negative
6dfe955d192bd45f3252,Naive Bayes,negative
7703d14893385e576a5b,Naive Bayes,negative
0ae594f376c30dfaaa45,Naive Bayes,negative
3c196ea65d083eff1006,Naive Bayes,negative
c4c6a704316577cc9431,Naive Bayes,positive
3347083a15365ccf1a15,Naive Bayes,positive
36a9e0c23bf1c40d75ab,Naive Bayes,negative
90be7ca57e076735b9df,Naive Bayes,positive
eed6e35286f95ce7e0e2,Naive Bayes,positive
33264495703702a0f98f,Naive Bayes,negative
79711cc1f5a6ffb632b6,Naive Bayes,positive
36768d1c3d2ea5083326,Naive Bayes,negative
09e8a566eecab022405d,Naive Bayes,positive
6e64f36313d9fa5023e6,Naive Bayes,positive
f577ea31f0d397a569a5,Naive Bayes,positive
49d998fd70ba8a1ba714,Naive Bayes,positive
296f665548b64e2942d9,Naive Bayes,positive
87f965487aa47b864eed,Naive Bayes,negative
f1461fc923c8a59887e1,Naive Bayes,positive
eae45d297cd5d192d734,Naive Bayes,negative
a0ed7eff57e1ee771067,Naive Bayes,negative
7b44116c41ba6ce75805,Naive Bayes,negative
acb7f35fc38c2e6bfe72,Naive Bayes,positive
ffc55defff5f06de79b0,Naive Bayes,negative
83c1e62018c501719936,Naive Bayes,negative
01c35d6c4ef53e89fe35,Naive Bayes,negative
fcd7fa4087038de9a9de,Naive Bayes,positive
eb92ec2deee2c6af3f32,Naive Bayes,positive
52248fee8ca157b687b0,Naive Bayes,negative
c270ef06c85107beb766,Naive Bayes,negative
22a56bbe7b160b663b02,Naive Bayes,positive
acf5f9a392e1ca522279,Naive Bayes,positive
b48b03b085a961941d88,Naive Bayes,positive
efadb3207ac01f132f45,Naive Bayes,negative
dc37b9728e03e349d717,Naive Bayes,positive
1e8779393ee69934b625,Naive Bayes,negative
f11b602fb1c5ca69c3b7,Naive Bayes,positive
ce6fb43294e9069130e3,Naive Bayes,negative
1a9000c5bcf90194fccd,Naive Bayes,positive
217f5da3db190d598e1b,Naive Bayes,negative
43894b0ae4c68aefe416,Naive Bayes,positive
f10c4db62ba4121319d5,Naive Bayes,positive
83961403757d93b1f0a5,Naive Bayes,negative
3389022d908024ab3849,Naive Bayes,negative
8c7412ae3ef25df92e3d,Naive Bayes,negative
c4f6490e13834dffc8ca,Naive Bayes,positive
849a2ddef9802847607e,Naive Bayes,positive
ec5fa628025341bf6b1e,Naive Bayes,positive
dec3dac7b27ba059f708,Naive Bayes,positive
595b93471a7101586a95,Naive Bayes,positive
14102dc36fe40b599f44,Naive Bayes,negative
a8e8e2016ece693ac062,Naive Bayes,positive
ce20cdfc078699964a9a,Naive Bayes,negative
3d3156cd08b2e2c21e48,Naive Bayes,positive
721094cee2e335462930,Naive Bayes,negative
c7c3fea73f84cfeea64b,Naive Bayes,negative
a0fe43b0591fe6c54459,Naive Bayes,positive
c81710a2d8da9b4c3871,Naive Bayes,positive
4731238720c7f02cfd0d,Naive Bayes,positive
2b9f597eb763abd282f5,Naive Bayes,positive
98a85e93f47e5bd269b0,Naive Bayes,negative
22f4ff325041262f9ed2,Naive Bayes,positive
5135fc45a3cfc3e5e598,Naive Bayes,negative
fb46e77c0c2bbafcd2f7,Naive Bayes,negative
404f74c03d9876edf60c,Naive Bayes,positive
847c5b23e35c937ec9b2,Naive Bayes,positive
d85128083d829f54df3e,Naive Bayes,negative
98089d24308924afcfe3,Naive Bayes,negative
e273a9694a95ebe542ce,Naive Bayes,positive
2049342ebf75e8f166e3,Naive Bayes,positive
51e33c7b551f3ece79fb,Naive Bayes,negative
86f8aa16f0764f84463a,Naive Bayes,positive
496522e8c8f8d46d76f2,Naive Bayes,positive
f2fcc6e63b31e75b361b,Naive Bayes,negative
440a80c9e754fdce0105,Naive Bayes,negative
63c6b782814afaab596d,Naive Bayes,negative
7d19e08ab1fcb0f4655e,Naive Bayes,positive
935e42cd899cc3363740,Naive Bayes,negative
769fddad123d659a4718,Naive Bayes,negative
f3b30f7d328fd8db29e2,Naive Bayes,positive
b36bf14bb3bc8b663ae6,Naive Bayes,positive
893f36baff0fc2ffc68c,Naive Bayes,positive
35dd4c5315e92352ec9c,Naive Bayes,negative
6fa3a2286eb02b181b4d,Naive Bayes,negative
b262037483a23d9e2ca3,Naive Bayes,positive
7d97ecd644a4e2174c1b,Naive Bayes,negative
7e63f3337dae43cc4aa9,Naive Bayes,positive
ade20e178aff8a148d67,Naive Bayes,negative
74197f7b901ec2093597,Naive Bayes,negative
7cb9563afd58e4258138,Naive Bayes,negative
7781f446f51de18361a8,Naive Bayes,positive
5f31b9afa28bab76bea4,Naive Bayes,negative
10db5a37106c907113fb,Naive Bayes,positive
bb24faf6412099856dbd,Naive Bayes,positive
4935de8a6288b0932277,Naive Bayes,positive
35034ab8247cdd579010,Naive Bayes,positive
a3648a87169b5456ef8f,Naive Bayes,negative
699ff9196c6a45f93bed,Naive Bayes,positive
3e4be229841ecb6cc0a3,Naive Bayes,negative
4ec9e576fce0645b33e2,Naive Bayes,positive
06c61c4d6aa1a6cf5fe5,Naive Bayes,positive
df95f4da94b280acc7a4,Naive Bayes,positive
8be4c1fdaac2c45c132a,Naive Bayes,positive
8772d171f456ee34a9ce,Naive Bayes,negative
9f8554aa5c10f19aebd5,Naive Bayes,positive
929a624e3ded9104492f,Naive Bayes,negative
041b231baf3b720514da,Naive Bayes,positive
a8ea0a78861cac6fe5ce,Naive Bayes,negative
8cef927a52b223e3eb76,Naive Bayes,positive
d7375384fd3b86cf56e7,Naive Bayes,positive
776ea83be72bec72bb5f,Naive Bayes,negative
8682a0850f7b33d4d2a4,Naive Bayes,positive
02865d2da25e776015e1,Naive Bayes,negative
f164c405e2e256c29f71,Naive Bayes,positive
4e911e273e2e912b6a34,Naive Bayes,positive
0cd231fffc338a8f1c10,Naive Bayes,negative
5443a898ff5ad9e56b00,Naive Bayes,positive
f406265214ffe660c78b,Naive Bayes,negative
d7568acf7d83e1348c52,Naive Bayes,positive
f4c2ec7f5de06df43e7b,Naive Bayes,positive
00e3161f70ada759481a,Naive Bayes,negative
b2a995201278414a87b0,Naive Bayes,positive
7337ba18e0a95ebe9edc,Naive Bayes,positive
fc7341148f672827a7a0,Naive Bayes,positive
725ede8a95c2e277bd58,Naive Bayes,positive
63cd54f325c4164cd5e1,Naive Bayes,negative
5f34adf7cffee52f5550,Naive Bayes,positive
7e06475b68c74eed6cba,Naive Bayes,negative
fc2876ba38c5408a9184,Naive Bayes,positive
c3503bf2f1cf263a099c,Naive Bayes,positive
2f1be1be32a86a947b82,Naive Bayes,positive
70690f8d95017265530a,Naive Bayes,positive
def72ad213155fe97f48,Naive Bayes,negative
13aef4879fc961581785,Naive Bayes,negative
62dde8d2f4f7ee4798ee,Naive Bayes,negative
8517d11eaefc8ad635ee,Naive Bayes,negative
863d092f3311f4fcd310,Naive Bayes,negative
8456b37ac05bbab37e06,Naive Bayes,positive
6c467994902bd4e74277,Naive Bayes,negative
7359443fe91e4ded66e9,Naive Bayes,positive
7e4a5e2d9cae52d2ad84,Naive Bayes,negative
08952f967d059122970f,Naive Bayes,negative
cd073659e591e2bd2947,Naive Bayes,negative
14e6b080b49442179f93,Naive Bayes,positive
c2d7c784906a947e5c50,Naive Bayes,negative
40d532dd7794fddcb840,Naive Bayes,negative
8a85e4386214795215e5,Naive Bayes,negative
4ed2629198f9a3122016,Naive Bayes,negative
22a3846b62103667d3d6,Naive Bayes,negative
2cb2ed927afa76a94d31,Naive Bayes,negative
af1433a2c70b2d70cf87,Naive Bayes,positive
58cf841a2531d6b29d66,Naive Bayes,negative
73888848c88b9a9cc846,Naive Bayes,negative
e0c62c010af95bbe2f71,Naive Bayes,positive
c5aa91e982b4aff0f2d1,Naive Bayes,positive
90f4c5b1f09cc6ca481e,Naive Bayes,positive
0736d74aec3451062f55,Naive Bayes,negative
143ce8b3eb89bd5210b7,Naive Bayes,negative
a7dc370a3a22bbdf20d2,Naive Bayes,positive
f2e20982e423b2349df2,Naive Bayes,negative
6ea3aa2e0d549700b14d,Naive Bayes,positive
e84b93ff89f8bf23d4aa,Naive Bayes,negative
bb0504aaf2e759d25ff2,Naive Bayes,positive
701ba194b7167279521c,Naive Bayes,positive
62b0ed2b08356ce0ff5a,Naive Bayes,negative
67c613afd0b77f11ad79,Naive Bayes,negative
efd8ec7add7b8d2c9bdf,Naive Bayes,negative
49746d39d4c26001accc,Naive Bayes,negative
69ee77f08c6a0af373ed,Naive Bayes,negative
5429d90489e66c8e31c4,Naive Bayes,positive
0a8c532fd545acc1ff9b,Naive Bayes,negative
5fea6835472d1b0c6c54,Naive Bayes,negative
463c9a9b220ead3da828,Naive Bayes,positive
95b59f8e1b397abdbe37,Naive Bayes,negative
a59ee4cae34f50c7a9f8,Naive Bayes,positive
f90fb163a7d300ca28e0,Naive Bayes,positive
868d2c1a9b800e912517,Naive Bayes,negative
ddf5802a29fa39f4bbf7,Naive Bayes,positive
593451e503e27c6b243b,Naive Bayes,negative
a5e1ded0e09cc132470c,Naive Bayes,negative
b5fa57c4a18a22dd0863,Naive Bayes,negative
4658892d26b4e49b699c,Naive Bayes,negative
6e9d56cf5343a1997041,Naive Bayes,negative
1b5c08cbba203ceba047,Naive Bayes,positive
5df6ecb254744d7dffa2,Naive Bayes,negative
b92428698d6a87deead2,Naive Bayes,positive
bf85115a4610c8a75ecf,Naive Bayes,positive
59875a9812a1487e0e78,Naive Bayes,positive
c071ccf184a25d8e3d34,Naive Bayes,negative
f79a5f49a1ce425b3b6d,Naive Bayes,negative
1a234c5e7cc12d0026dc,Naive Bayes,negative
97c69d81c85208c92911,Naive Bayes,positive
97fbc377f936206cb416,Naive Bayes,positive
2626b1668563054b1175,Naive Bayes,positive
dff5fd98fc123a36afcd,Naive Bayes,positive
ec8aed33fcd34e92d136,Naive Bayes,negative
2f8c3c5288fbd45c0555,Naive Bayes,positive
4cf6d43d08da1017b43a,Naive Bayes,positive
81b94b294bddfb3309e7,Naive Bayes,positive
7d34396b789f3641c21c,Naive Bayes,positive
5886bafedd405d6247d3,Naive Bayes,positive
9431924815d4b639428c,Naive Bayes,negative
379243a3f98c5ccc2c15,Naive Bayes,negative
b4009c55a74806013ca1,Naive Bayes,positive
25413826c007e9f68d8a,Naive Bayes,positive
9f7ec15f12b7b2e3f639,Naive Bayes,negative
c17759ca5c0bd9b6971a,Naive Bayes,positive
824692d85e47fa57b219,Naive Bayes,positive
976c12b0f4eb8323594e,Naive Bayes,positive
bb5575e92e9a423c0d9f,Naive Bayes,negative
a994d71c7b378f1763a4,Naive Bayes,positive
da7523f6f79fa8d7b43c,Naive Bayes,positive
d6974dc077cb8a70b5be,Naive Bayes,positive
587a0c645f4aa7590a5d,Naive Bayes,negative
8988b191a8c0caf102b5,Naive Bayes,positive
ae1ad508e2c8991aeeda,Naive Bayes,negative
438d495d65efa14169fd,Naive Bayes,negative
bca62129779a4a068a54,Naive Bayes,negative
3551565f2c7b4c7de82a,Naive Bayes,negative
91cfcc06c5c118b74ff1,Naive Bayes,positive
239be2aee3c9209d6d62,Naive Bayes,positive
7344f6652d0615c5390c,Naive Bayes,negative
ce8ed95e6fb2f2678b61,Naive Bayes,positive
f3155651f725335f37bb,Naive Bayes,positive
5b0ab0b260a0d8854cae,Naive Bayes,positive
b92d3e691f811e64000c,Naive Bayes,negative
7c0a1ff4ab5f9e3d4821,Naive Bayes,positive
f649ca3f9bdba3947e89,Naive Bayes,negative
b8357ba76bb85bf933d9,Naive Bayes,negative
91bd06f85b557322ca5b,Naive Bayes,negative
a8dd75a71114e5d38781,Naive Bayes,positive
a93163854c954b0d5644,Naive Bayes,negative
0e48e5fda7ea1939bfed,Naive Bayes,positive
6287cd00e68380d1b21b,Naive Bayes,negative
47292f31ce722a98dffd,Naive Bayes,negative
71f2ebfbe498b1731ef7,Naive Bayes,positive
7178fc0fb49200499356,Naive Bayes,negative
847449fc76e5a99cbe35,Naive Bayes,positive
8b3a570c070499666517,Naive Bayes,positive
7d32b64955943c23ecb8,Naive Bayes,negative
0c324395d8580bc708a2,Naive Bayes,positive
ad19d3f828ed768f84a1,Naive Bayes,positive
441e0b465bd285ea01d9,Naive Bayes,positive
05e8dbf72dce4cdfc5b8,Naive Bayes,negative
da8e0f10e87dd271545b,Naive Bayes,negative
6b1cc7e3614132cc9e32,Naive Bayes,negative
5a2d165578bd1378a84f,Naive Bayes,negative
9aeb013b6baf6f89d81c,Naive Bayes,positive
f368e8602eb2ced6e07e,Naive Bayes,negative
70281d123cf88d935ad4,Naive Bayes,negative
6955ed3e2a71a36e3dbd,Naive Bayes,positive
51b666886f4a06741b34,Naive Bayes,negative
725c52a61fff186493c8,Naive Bayes,negative
d6f2f4b9d8025a90ac26,Naive Bayes,positive
1eec3eb65696bb208b7a,Naive Bayes,negative
bc00c0ca2323b5e9770e,Naive Bayes,negative
527e3a9ea0bd73da8d84,Naive Bayes,negative
7a992a511f7878aba043,Naive Bayes,negative
4f2d78401d30709d5dab,Naive Bayes,positive
08c9a53d87638768ea5a,Naive Bayes,positive
9541e95647f51cd96176,Naive Bayes,positive
614991d8b4d88c85aec4,Naive Bayes,negative
5f0c34fe41d6aaadae22,Naive Bayes,positive
9736f5837d8b7367cf68,Naive Bayes,negative
12036924ab8ffc182107,Naive Bayes,positive
88c00534efc305eff143,Naive Bayes,positive
d3b4a14ee5d384c66ca9,Naive Bayes,positive
cc1d093f108e22670b92,Naive Bayes,negative
b9bddbca96f4b5d40649,Naive Bayes,negative
0642a6ea9cf31138ae69,Naive Bayes,negative
b6aed8cc81604db58eab,Naive Bayes,negative
280ef18b68b36e7f753c,Naive Bayes,negative
9a4e042f47e92b9edfe9,Naive Bayes,positive
ebe0eafe6a7d735d084b,Naive Bayes,positive
9493b8f66649a2da785e,Naive Bayes,negative
7a0e1541fb9239789c6a,Naive Bayes,positive
70f2cecb258fb1894297,Naive Bayes,negative
6403852871633c1c0d2e,Naive Bayes,positive
14ef3844b6575db21387,Naive Bayes,negative
9bea0860c901ded81805,Naive Bayes,positive
83cf83a6969267a2ff0d,Naive Bayes,negative
0c74cf6af29ea81fd86d,Naive Bayes,negative
e6885c738a4c873ccae9,Naive Bayes,negative
70f475e9a178d5689c75,Naive Bayes,negative
c6367a2a52739a371d39,Naive Bayes,positive
c140929913ef245c6a44,Naive Bayes,positive
5773b59f5052fa5e0d17,Naive Bayes,positive
5caf649604e48eeaf141,Naive Bayes,positive
a502a7a0c41ca3671b46,Naive Bayes,positive
0dc28afd96e4189f3222,Naive Bayes,positive
756521dee352d059f48b,Naive Bayes,positive
107b8113ef84b4ff7e66,Naive Bayes,positive
8cdda7a1bb20c93e8afc,Naive Bayes,negative
7399b691dfa6bc8a9a8a,Naive Bayes,positive
201beab9c84a6f11e1e9,Naive Bayes,negative
666aa83c6e0d5a436d4d,Naive Bayes,negative
445e9dc7876bb482a184,Naive Bayes,positive
e189664190a5df6919ef,Naive Bayes,positive
0a5d89b3d611dfc4b0c2,Naive Bayes,negative
bb72781456737f8b6a98,Naive Bayes,positive
62bab1aa04241d832876,Naive Bayes,negative
97c012d4a4633efe88e3,Naive Bayes,positive
694359fcaad91d1b1016,Naive Bayes,positive
7cfe834c6ec7f10b17c8,Naive Bayes,negative
39c3e6b61d76a42474f9,Naive Bayes,positive
0c83f761ceb9c385f2ec,Naive Bayes,positive
ed5541c7db162fad93b4,Naive Bayes,negative
ac78b7a06eee61dfefb4,Naive Bayes,negative
cd18b98c2f135f7213a5,Naive Bayes,positive
9326bf79a46c16a91949,Naive Bayes,negative
07912bb5bb2c6a8694dc,Naive Bayes,negative
187f42220a324e44bae6,Naive Bayes,negative
b1acc432c22b40a48807,Naive Bayes,positive
33b26e8e0ca4d0ce1322,Naive Bayes,negative
33e254d2e37974e27dc4,Naive Bayes,positive
44d2dc0952fb9f2431bf,Naive Bayes,negative
8046c08a5710c233efd2,Naive Bayes,negative
69f831705950e8fd09c6,Naive Bayes,positive
6f822662be352e0a11f1,Naive Bayes,negative
a18573e58770ac0d5042,Naive Bayes,positive
2173c1326a300c812123,Naive Bayes,positive
8a4534665084b1be3558,Naive Bayes,negative
aec0415d033b7256e346,Naive Bayes,positive
b346b07ef085d92fd309,Naive Bayes,positive
ba4acd4365cb790c3926,Naive Bayes,negative
05a18eb7971fc5d7b0cb,Naive Bayes,positive
0031bc9509b554779457,Naive Bayes,negative
0a02599554a80948e16c,Naive Bayes,positive
03d9f8b220a70117c465,Naive Bayes,positive
6e67aff7689978aa33e3,Naive Bayes,positive
2e8642acd342f2b42b4e,Naive Bayes,positive
c71930bcc9f93b3541d7,Naive Bayes,negative
a35051ddfe7c584442fc,Naive Bayes,positive
2a638c67704cf3d734cc,Naive Bayes,positive
32c50945a99ead952031,Naive Bayes,negative
ea7bac941a5dde772ec8,Naive Bayes,positive
e78badc9dad6d04f9081,Naive Bayes,negative
e3f9524024180e5722ae,Naive Bayes,positive
eff2c6a3d3e3f8edca0c,Naive Bayes,positive
6901c3a1468f06309cae,Naive Bayes,negative
d14bc1fb4c4eaecde5a7,Naive Bayes,positive
1ed0505426dbeab39d5f,Naive Bayes,negative
a270c185a0200eec190b,Naive Bayes,negative
dd07821298aef38ec699,Naive Bayes,negative
bde42695e567b423b737,Naive Bayes,positive
4af7591aee59161d6d04,Naive Bayes,positive
e8b1c011fea889727853,Naive Bayes,positive
83a577b6618da9c550ff,Naive Bayes,negative
523e4c09e5f98153cda7,Naive Bayes,negative
daefd3d457d78e2d5a19,Naive Bayes,negative
64939810cb31d54b1d88,Naive Bayes,positive
c2121ac2cf4c41714a55,Naive Bayes,positive
df840943aa6a48ed964d,Naive Bayes,positive
001dec04d5344057472b,Naive Bayes,negative
527177e6a9d25e8b828a,Naive Bayes,negative
d0819075c6ccc88d7680,Naive Bayes,negative
6d1797a07c98c2f99673,Naive Bayes,negative
718d416cc7541e04badd,Naive Bayes,positive
ef9b41a0b0db8f936a2d,Naive Bayes,negative
c07f5a18be1bdeebe5e2,Naive Bayes,negative
836590b7dbddfb3b80fb,Naive Bayes,positive
c2ba8269b7287a7ca24f,Naive Bayes,positive
6f5c962c01d4a9383b82,Naive Bayes,negative
2712cf46ec6b830eb20d,Naive Bayes,negative
68f1886aa4a39f03a02b,Naive Bayes,negative
8735f4ffea525bfeaca5,Naive Bayes,negative
669db0b35feb13156410,Naive Bayes,positive
41b9bb62c6948cf8d165,Naive Bayes,negative
57ad865f0938bdb3916f,Naive Bayes,positive
c8340359aa8c530eae05,Naive Bayes,negative
c1e31a5e06e5e433df26,Naive Bayes,positive
24a021d4c5f44655b14a,Naive Bayes,positive
7b23ad5f7fc5eac17b20,Naive Bayes,positive
f81893b27af9f8eb0125,Naive Bayes,positive
bfe9e4528857deddee29,Naive Bayes,negative
02830c0929168706ec00,Naive Bayes,negative
ab2bad4366e3b9d8c2e2,Naive Bayes,positive
95c778a9f7611252235c,Naive Bayes,negative
d274080ab2e876142412,Naive Bayes,negative
8161ca59908f7a3f72cb,Naive Bayes,negative
d8e28bfea884d1ce16a1,Naive Bayes,positive
4942fe50a7247d058011,Naive Bayes,negative
53210ba658420d44a854,Naive Bayes,negative
018004ecff413fd81464,Naive Bayes,positive
1923c98067b6bad9c79a,Naive Bayes,positive
f475342ad0df14f24d3c,Naive Bayes,negative
eedaf52b10a70147e23d,Naive Bayes,positive
549dea34e6e20fdb883c,Naive Bayes,positive
d93217b58017abb1b9af,Naive Bayes,negative
f073760b114192c3d370,Naive Bayes,negative
d0a47a4a856aa2154c23,Naive Bayes,negative
220a356e33bea05145ae,Naive Bayes,positive
c38294f3aa6198e299eb,Naive Bayes,positive
c2e97a12d517f73c02d9,Naive Bayes,positive
0fd21d8ce882b35c1343,Naive Bayes,negative
e2d3d6f62740b8983293,Naive Bayes,negative
272ee76b01c18fe1956b,Naive Bayes,positive
0af1bde094543cdfa62b,Naive Bayes,negative
cc5add490d3eb5354d3e,Naive Bayes,negative
8fbe1a88ecc19fd00e90,Naive Bayes,negative
47e36fbf30c8752398c1,Naive Bayes,positive
3a7ff3edde202388d637,Naive Bayes,positive
7a0955c0ba846fc6ee37,Naive Bayes,positive
63e8484e3598d0ee4150,Naive Bayes,negative
43796d88a05035114e15,Naive Bayes,negative
6aadc2e804f0c22e3ff6,Naive Bayes,negative
fdadcd3216482f26231a,Naive Bayes,positive
60658a4eb1f8089de38e,Naive Bayes,positive
4e5571c65885af907cdf,Naive Bayes,positive
86e673e68a68907f8c27,Naive Bayes,positive
c575a7643581017b130f,Naive Bayes,negative
b97f33ad70f1c4c070a7,Naive Bayes,negative
4f1e5332a25cc0c9d484,Naive Bayes,positive
540a03ef7b5f90b9b0ca,Naive Bayes,negative
7abef97e22123616f371,Naive Bayes,negative
abae445d7c76b818c693,Naive Bayes,negative
cc5a90c64614b2e4b11d,Naive Bayes,negative
b27717eecdb23e0e6de5,Naive Bayes,negative
dfac978bd6da1ddc52a0,Naive Bayes,negative
5bcdde837f09337911fb,Naive Bayes,negative
efa607c7da1818ba96ec,Naive Bayes,negative
b8afb126e7790b9a09c0,Naive Bayes,positive
2dbbf03423773a4e01d4,Naive Bayes,negative
008e8af8c552bedf48f6,Naive Bayes,positive
1c4ba5ab192bc41846fc,Naive Bayes,negative
927ffdeb2ba3e215c717,Naive Bayes,negative
9651d153f573b7391ccc,Naive Bayes,negative
6c8c1e44f7c1eee3d1aa,Naive Bayes,positive
e8a44c747537d9d85ac2,Naive Bayes,positive
800ddf510e2c6ec2da86,Naive Bayes,positive
b4c44fdfcba28dd098fa,Naive Bayes,negative
683033151859637d7fb3,Naive Bayes,negative
393e16521bbefc3e81a8,Naive Bayes,positive
52a4d962263e3424be70,Naive Bayes,negative
97f66331aafe1d2713cc,Naive Bayes,positive
ac14dde1ecfc3c433f04,Naive Bayes,negative
e9cd66a7a62c6954a6be,Naive Bayes,negative
f412e2d08be4a4b79210,Naive Bayes,negative
ed4d461b5f6f30552393,Naive Bayes,negative
d8c2d1bb943ef5505536,Naive Bayes,negative
558980cbb7171c0c5895,Naive Bayes,negative
86c925aa0ba7185db74e,Naive Bayes,positive
d32d7f0df5885d715f57,Naive Bayes,negative
867abb70f6403f5fca5a,Naive Bayes,positive
592665c0ee192dd39e7f,Naive Bayes,positive
69f33137647fd067c628,Naive Bayes,positive
9ff16cca435c606753a4,Naive Bayes,negative
faad6d35b22035cfa57b,Naive Bayes,positive
2ee478237ee31efcbeb1,Naive Bayes,negative
216f98372f896988412a,Naive Bayes,positive
2c116073899fb1c0c1bc,Naive Bayes,positive
2ff7b95e44ace8b5f17f,Naive Bayes,negative
e75b9110d6f3a54e18f0,Naive Bayes,negative
7a473752f73cb5e09cb3,Naive Bayes,negative
36861adb6d207cc03aea,Naive Bayes,positive
16695019fdf636a78f16,Naive Bayes,positive
2a9c3274095010261daf,Naive Bayes,positive
c26286a01405f41e7285,Naive Bayes,positive
044cccfed17c88333ba1,Naive Bayes,negative
6ff81b4297c20830e586,Naive Bayes,negative
fa5a94ee4de9c97f5c32,Naive Bayes,negative
41c5c701e3f4e0844fec,Naive Bayes,negative
d49bf44ee837555177ef,Naive Bayes,positive
d7896f0164ae43b54258,Naive Bayes,positive
1f800cd79d91a67fd1db,Naive Bayes,negative
fcc54ce121b638c3db95,Naive Bayes,positive
a613abac66e7d49a5039,Naive Bayes,positive
2df4d60fa98a8de7fe83,Naive Bayes,negative
824e02ccbc5831d0d9c5,Naive Bayes,positive
49fb558b1ebae119d379,Naive Bayes,positive
3a4f9f0d701ede21efbd,Naive Bayes,positive
169d5498c2cf3fb30667,Naive Bayes,positive
07ec3d83da58dbb20970,Naive Bayes,negative
b18adb4b0e5d60b59861,Naive Bayes,negative
3e82f4d35e0f5add7c91,Naive Bayes,positive
417792a8f5e9e554f7b3,Naive Bayes,positive
c32e1feb28e3d695dc3b,Naive Bayes,negative
6d7adc5eac4da8939943,Naive Bayes,positive
a256f897bfb51022a59e,Naive Bayes,positive
5c6ee08f85383c2abbd5,Naive Bayes,positive
2898f0a7b3440cd03e02,Naive Bayes,negative
caf7c5f4455075dd4dda,Naive Bayes,positive
b9d074aee8b622367476,Naive Bayes,negative
7e38d02a357cee3f06d2,Naive Bayes,negative
1aa5ab6b1e5fea3e9b3c,Naive Bayes,negative
d009ec89eef25a7906d1,Naive Bayes,positive
bbb6ebab60faca06ad48,Naive Bayes,negative
7642abbf04d3369ccca1,Naive Bayes,positive
14a4ee8762ee4dd63fd0,Naive Bayes,negative
856e7a57a5bba2de5b91,Naive Bayes,negative
abfc96314b5b9583a8bc,Naive Bayes,negative
019b9d33a949283dc02c,Naive Bayes,negative
aee1fe964de287fabebb,Naive Bayes,negative
0d3915fa1499ce7bba85,Naive Bayes,positive
581b49072b65d1d4d89f,Naive Bayes,positive
9842cb08fd76e0f704d2,Naive Bayes,negative
6b6484d0ea34b47ca603,Naive Bayes,positive
24c39b10ed17db89523f,Naive Bayes,positive
58f7134edf359f063a41,Naive Bayes,positive
c4312272d7d3783dfb6b,Naive Bayes,negative
323c0f7a684b97ea54ec,Naive Bayes,negative
450739e1dff0c447dae2,Naive Bayes,negative
cc05d5a87235020f049a,Naive Bayes,negative
c132d34476da80f3ac8a,Naive Bayes,positive
fa2046695a0dcba920fd,Naive Bayes,positive
570a25a50be47c350853,Naive Bayes,positive
09053731fd96d1d59ee7,Naive Bayes,positive
43337ae1b325e06177b1,Naive Bayes,negative
7dfcc280745465e07ca8,Naive Bayes,positive
6b64fe37856c4b2a5455,Naive Bayes,positive
da9627c3728cffe5e8b2,Naive Bayes,positive
e35f54cd64058be1eb70,Naive Bayes,positive
7d09fac8be526ec79108,Naive Bayes,negative
8270b6e36d51d7c9eeb9,Naive Bayes,positive
40072303470f3c74f1d6,Naive Bayes,positive
fffaa71abce5f182b68e,Naive Bayes,positive
6b1fa51232275662a1d1,Naive Bayes,negative
566dc9e792e46da2e478,Naive Bayes,negative
6d09b30204fa0e741573,Naive Bayes,negative
96ed380ef04622095fb2,Naive Bayes,negative
59107be0ca929eb7b2e3,Naive Bayes,positive
9fd7984ffe385fb8ca77,Naive Bayes,negative
7154acefadb734978f92,Naive Bayes,negative
fd59c67cc2ae0adb4fd5,Naive Bayes,positive
d9698cda245b3d3cc2dd,Naive Bayes,positive
611f8228b9ad2da30cdc,Naive Bayes,positive
732a3701c60321a80d92,Naive Bayes,negative
36c7f5ea729ff9866f7c,Naive Bayes,positive
3c4e08a89e48428f4bda,Naive Bayes,positive
936aa987008e2344c6e1,Naive Bayes,positive
90b824e9949c1f74e20e,Naive Bayes,positive
1cf92686d783968ce06b,Naive Bayes,positive
699c2b1e6c2bf1450bfb,Naive Bayes,positive
23736e266dc24206b0e3,Naive Bayes,negative
fee9551888a50b22b5ba,Naive Bayes,positive
8084a8d0ef370a85bbe8,Naive Bayes,positive
6b4b95bbbc9d3c9bdddb,Naive Bayes,positive
0e5a6d37c9d6cd857abb,Naive Bayes,positive
e65187d7d47b53b8bb3e,Naive Bayes,positive
aa29969829fb21cb1765,Naive Bayes,negative
8fb068b8ab83237c2801,Naive Bayes,positive
e466da579608343f369e,Naive Bayes,positive
45f002629b3dd57c3d79,Naive Bayes,positive
a9cc44558dfdfab8d66a,Naive Bayes,negative
e4829c39c98226ae3806,Naive Bayes,positive
02f91d9133fe056f816b,Naive Bayes,negative
40ad4ba968102775db75,Naive Bayes,negative
1d7d29039c18cc7326d2,Naive Bayes,negative
7484bb4b67c776f3caa9,Naive Bayes,negative
c8e77681a8e3eaccb703,Naive Bayes,positive
f9a60072cfd6b00eefe0,Naive Bayes,negative
3a330d97e91aabfafd0c,Naive Bayes,negative
44301198ff46e2dec9c9,Naive Bayes,negative
843732fa0f0b5bbfc57a,Naive Bayes,positive
805eabd44a9b6bff5002,Naive Bayes,positive
caf24446b09309b85789,Naive Bayes,positive
6393bde9fabaf9d5c6f6,Naive Bayes,negative
70c697f82b91c98ae7e0,Naive Bayes,positive
7736555a6be0523eb5ac,Naive Bayes,negative
df211a1792e5751098ed,Naive Bayes,positive
9c4665687a0be1bcbc9c,Naive Bayes,negative
23eef937f183bad8b507,Naive Bayes,positive
0b50dd0e2bf54ff47626,Naive Bayes,positive
e2ea3a962ba536951802,Naive Bayes,negative
d0c34181f15e9c311414,Naive Bayes,negative
bd350d26d9f191d1a16b,Naive Bayes,positive
d5f069aada7a645e39c7,Naive Bayes,positive
8ff29d87c4d8a8c009b3,Naive Bayes,positive
298ced8027e8cc091157,Naive Bayes,positive
8c3f9156da0d3425dabb,Naive Bayes,negative
fdbbf1bb127e8d12db7d,Naive Bayes,negative
95f7450c638adaae2ff7,Naive Bayes,negative
3daec9c6daeee1dae918,Naive Bayes,negative
640ee3934d2df60afd17,Naive Bayes,negative
67cc5e4d423a0de17a97,Naive Bayes,positive
8fda69a92542aef74fbb,Naive Bayes,positive
ca35a7c3c33cd46af28b,Naive Bayes,positive
9eef682810ebd75c0479,Naive Bayes,positive
73d0df931477e9c1c326,Naive Bayes,negative
fd55d831a5c32e2f6048,Naive Bayes,positive
e9e70f6a1d3b4586a012,Naive Bayes,positive
49f89b6504b9d5393373,Naive Bayes,negative
5a29a2bda5b98b0fd534,Naive Bayes,positive
16542d7ba69e1f280b42,Naive Bayes,negative
06a9fc13d7e61903030b,Naive Bayes,positive
c33390411a1a06ed6c1e,Naive Bayes,negative
ae3aed9044bc039cfe8b,Naive Bayes,positive
5c25c7be9e13080bc7bf,Naive Bayes,negative
ae54d013487b98a36bc2,Naive Bayes,positive
50115ab1adf8e4a72894,Naive Bayes,negative
fd6c641560ccbbe4d6de,Naive Bayes,negative
2563ff4fd245012ae36e,Naive Bayes,negative
c06c14feef8ff0dd38d0,Naive Bayes,positive
cd6b47caabbd21feeadc,Naive Bayes,positive
aa429d137053ef4c84ac,Naive Bayes,positive
786e57214a57bcb325b2,Naive Bayes,negative
c4d4ab6775b8e89e2eaa,Naive Bayes,negative
1ec6b5587996003edebb,Naive Bayes,negative
99593026581ba5995984,Naive Bayes,positive
4b1d12e5cdba22b2bff9,Naive Bayes,positive
230e95b7e8f4c0c32dfc,Naive Bayes,positive
10cf4b2c5472f8906171,Naive Bayes,negative
3e3262bbcdf798d2ec5a,Naive Bayes,positive
8377e361ecad3efec497,Naive Bayes,positive
c40ae237e68fd612e017,Naive Bayes,negative
00cd6183dd0e812890f2,Naive Bayes,negative
07c3c9d8546272ed7b81,Naive Bayes,negative
cc5baa47aed3009e1ee3,Naive Bayes,positive
4031bfe31d928e59c057,Naive Bayes,negative
fe1eb0a992e65cb8f57f,Naive Bayes,negative
3f72c7863096fb349886,Naive Bayes,negative
c3a0293cb734c4abf8e4,Naive Bayes,positive
ec91b55fb7ce0bb759f2,Naive Bayes,positive
7a27bb3bba5028b41748,Naive Bayes,positive
daedcff244de3b0abe52,Naive Bayes,negative
217eab0c8dc2d5bab256,Naive Bayes,negative
965072edd7ad42dfed02,Naive Bayes,negative
baa9ceb2d9f9c014be4c,Naive Bayes,positive
29fb2c15a4a7683a7c95,Naive Bayes,positive
0c887de291719c4cffb5,Naive Bayes,negative
d232544eac4175d1edc8,Naive Bayes,positive
70c57f5f456832477a9a,Naive Bayes,positive
1871f223aa60bd29867c,Naive Bayes,positive
9a42bf342d9068c6b012,Naive Bayes,positive
9f196c16fd9ecea7ffc2,Naive Bayes,negative
a7c072d6f0a58eb451f6,Naive Bayes,positive
c77598ad1fb17f21b02c,Naive Bayes,positive
2249ce5ad683d99c5543,Naive Bayes,positive
7435cf0922ad105747e8,Naive Bayes,negative
0ea8e04d5dce488d9911,Naive Bayes,positive
e02710e4ce3d01852687,Naive Bayes,positive
4accf80703fbb8cb22d2,Naive Bayes,positive
631af9a54b2dfe5486ea,Naive Bayes,negative
2177b1ee0433f2e41a59,Naive Bayes,negative
1962bf62803cd6d1334a,Naive Bayes,positive
c9cf213603f68a1d63ac,Naive Bayes,positive
e50c61d1cc34b9ce2c0c,Naive Bayes,negative
c55af1e9f7c5c8187633,Naive Bayes,positive
648e5ae1adadec4a9caf,Naive Bayes,negative
dcada4ac46fad89ba838,Naive Bayes,positive
1ad75b5f6c8c34aafe43,Naive Bayes,positive
ad9bba04994f24022d9c,Naive Bayes,negative
ad07ebc8e9a931001427,Naive Bayes,positive
2eb7d9f7dc746ca9b14f,Naive Bayes,positive
ffc0fddad185a523dbfc,Naive Bayes,negative
b440081b434f5442c1eb,Naive Bayes,negative
0506193a8b2ae395cae0,Naive Bayes,positive
7157db96fad0aded1961,Naive Bayes,positive
35bf0b6bd76a124d9a5d,Naive Bayes,positive
debef984ba0697b06578,Naive Bayes,positive
60d21643d51fde627c87,Naive Bayes,positive
1c679a420c2ea061ba92,Naive Bayes,negative
6ce099817ba6cc5219d8,Naive Bayes,negative
acb65857ef7ea43af69a,Naive Bayes,positive
d4a79b89dcaef13b7f68,Naive Bayes,negative
83740c56f4f2691a9c24,Naive Bayes,positive
9de96e5098b3b7b89f50,Naive Bayes,negative
494ab9e19d22e4890e18,Naive Bayes,negative
234276fdc25f2a6fdb98,Naive Bayes,negative
9953a4c97fd8eebe530f,Naive Bayes,positive
158fe2a28679f0ec98d6,Naive Bayes,positive
8c29489226952503e38b,Naive Bayes,positive
8ce9d26423c8d92cf344,Naive Bayes,negative
f0ad64203f1603d06e39,Naive Bayes,positive
4094749930d96d0b5993,Naive Bayes,positive
914e10f940703233c123,Naive Bayes,negative
578c73bc09cfbc2de730,Naive Bayes,positive
5469061df4f7afc17312,Naive Bayes,positive
a1336619bd4d92b3d3aa,Naive Bayes,negative
efa166dfcdd37d37a594,Naive Bayes,positive
287c7cd2a54048dcdc7d,Naive Bayes,negative
5db5dfa70beddbdf8ec6,Naive Bayes,positive
6d8183895469296bd4cf,Naive Bayes,negative
7c65ce8e8c620135feba,Naive Bayes,positive
a01c716703188b3e23e2,Naive Bayes,positive
9c0705dc20835399f7fa,Naive Bayes,positive
8a2dc5f058755a68242c,Naive Bayes,positive
6f5a978bc25db204c0f2,Naive Bayes,positive
b03d6c15974f0bcb01d0,Naive Bayes,negative
5bcf92d67b2fd4aaf2c4,Naive Bayes,positive
f27d9ed4a006b53abebd,Naive Bayes,negative
f238894076670b0b147e,Naive Bayes,positive
c59cb7db1fe9434dd31a,Naive Bayes,negative
c83a8fc26ec6dbdd0490,Naive Bayes,negative
51781fe68f6ed9de1475,Naive Bayes,negative
cafb7c11537b9fb5a787,Naive Bayes,negative
e3f1e899e89e528656e0,Naive Bayes,negative
81af9ccfb2d2385f2500,Naive Bayes,positive
f58fa36c1482b6cf0fa4,Naive Bayes,negative
088c6b11b8e99f7602b7,Naive Bayes,positive
dfa67dd20b1f81a8460c,Naive Bayes,negative
c2a3957d708ca4de52ba,Naive Bayes,positive
db7cb5bd4a819b20a520,Naive Bayes,negative
0e5375680b6773b5dad0,Naive Bayes,positive
2b74e21cac8aa79cdff9,Naive Bayes,positive
810ec32b86e3ef892809,Naive Bayes,positive
f64953cda9e1ba6a7fd0,Naive Bayes,negative
e1234d808097bb0f6ee9,Naive Bayes,positive
aa125ae0cadf0286409b,Naive Bayes,positive
86f324e7e76966e1e890,Naive Bayes,positive
ed8643a2df5f53cc3bea,Naive Bayes,positive
855878034ca3b0a544a2,Naive Bayes,positive
37d1cfb74669e89b973c,Naive Bayes,negative
34489e70ca1641671609,Naive Bayes,negative
77fc8b77780c445b6491,Naive Bayes,negative
b1b37a95f784178fa894,Naive Bayes,negative
870c891faeb995983ed0,Naive Bayes,negative
404f090fc251daef64e8,Naive Bayes,negative
4aa2f2310a36c5ddf637,Naive Bayes,positive
e6337a3bb70936d90924,Naive Bayes,positive
68c452eb34bcacf526ec,Naive Bayes,positive
ecc9013deb6bb726e734,Naive Bayes,negative
35a08f1911ece68d8b1d,Naive Bayes,negative
f216292fef0fc5f6137a,Naive Bayes,negative
a6e927136efb2b06aac7,Naive Bayes,negative
7351adb7f3e3c8090a4b,Naive Bayes,negative
810982f36940f4287acb,Naive Bayes,negative
d66866b00c3f1a1e63ef,Naive Bayes,negative
ba2a4fee60bc0d100481,Naive Bayes,negative
2df9208a7416fe3c8a13,Naive Bayes,negative
999101394afbcf5454c5,Naive Bayes,negative
e448b30d374795445cf0,Naive Bayes,negative
a4164d94324f8a2ee6e4,Naive Bayes,negative
6418454fd16e7c04fdb4,Naive Bayes,positive
1aed8d0cb2367bd6d797,Naive Bayes,positive
6187f1bbb802ac468859,Naive Bayes,negative
35c62a2270dc019298ec,Naive Bayes,positive
269f6afd915badf034da,Naive Bayes,negative
9c260994396e44e5d999,Naive Bayes,negative
cdc3b8b09a3e5ac1d4ab,Naive Bayes,negative
a9230964d7115acb2933,Naive Bayes,negative
00e43cdd656c944c25f5,Naive Bayes,negative
2984fa019163ac1b9b62,Naive Bayes,negative
3c3a6e3a443743301748,Naive Bayes,negative
5c6965acabb8104a737b,Naive Bayes,positive
ffc2206876427e17921a,Naive Bayes,positive
e426a84f289830b9f729,Naive Bayes,negative
f11a4b4747eadec215bc,Naive Bayes,positive
f1d4de0cd04d40627907,Naive Bayes,positive
8f27e0f13a485bba842e,Naive Bayes,positive
7039b29eb645cb36f917,Naive Bayes,negative
474a984ff0729f494455,Naive Bayes,positive
5e931aa0436b6e6225cc,Naive Bayes,positive
633c0d1bd646efacf7e6,Naive Bayes,positive
e136831e3cd6787d5563,Naive Bayes,negative
ca7f888d48cbe7925610,Naive Bayes,negative
9ee4e2d2ae0f85e958c3,Naive Bayes,positive
0791bc162aa607a3f101,Naive Bayes,negative
b180fbab8230510821db,Naive Bayes,positive
79e87d390a7c085324b0,Naive Bayes,negative
d98f048e586be4330ff4,Naive Bayes,negative
83b77df32599d84083a3,Naive Bayes,negative
65942aff3a492daf48c9,Naive Bayes,positive
df5e63cbc879e7988d9d,Naive Bayes,negative
71690479f075ba6fbc4d,Naive Bayes,negative
47dbde397bb833f7dc1d,Naive Bayes,positive
e231d8d0c97e14f231ae,Naive Bayes,positive
798202981f79c5944bbe,Naive Bayes,negative
b9057373ce1fe0deba06,Naive Bayes,negative
2b178fd1467f3a211a0d,Naive Bayes,negative
b30dd78a0353ae9370fe,Naive Bayes,negative
308f0fc104d6cba7cd11,Naive Bayes,positive
790493cf37a684575e1e,Naive Bayes,positive
46f59ad436b317a94f48,Naive Bayes,positive
329d84a43d6c3700fed7,Naive Bayes,positive
cd5413ddcdf20029b1e5,Naive Bayes,positive
cbaa2683f4b9a7a56f6e,Naive Bayes,negative
be2312393f5dc128bc44,Naive Bayes,positive
fcb4930db2d1951f908f,Naive Bayes,negative
480ea50eaffa551a7b4b,Naive Bayes,negative
4502ca2b34541ec0d7d1,Naive Bayes,negative
cfc81e1d1199bc263c5a,Naive Bayes,negative
21bacda1098693e915f8,Naive Bayes,positive
d6880879a3051c331ad1,Naive Bayes,positive
46b41cecac917e639183,Naive Bayes,positive
47b2aa2a78f1de738e05,Naive Bayes,negative
0f25540f00ed76eb11c9,Naive Bayes,positive
dec5d0e2ea3ebddff1ff,Naive Bayes,positive
e8ef023710e4e41905bf,Naive Bayes,negative
174af0ae7151e1c010d4,Naive Bayes,negative
800920cfbd8460615217,Naive Bayes,negative
8ee8cd5e93dba9ec7c3b,Naive Bayes,positive
fe564aa0a849e3db41ef,Naive Bayes,negative
3cfd1f8d6c0ac3d824d4,Naive Bayes,negative
b760ef22200dd89acae0,Naive Bayes,positive
00d15a9b5ea05286f284,Naive Bayes,positive
17183b94d5e665d275d5,Naive Bayes,positive
401931b6c945ded1b48c,Naive Bayes,positive
5fe2ee10c4f7f4150117,Naive Bayes,positive
f8b81f20bcf698381f9d,Naive Bayes,negative
7d54859408297fe80a79,Naive Bayes,positive
67ccad95a1554d510d45,Naive Bayes,negative
ffe77137bccfbf1f37e3,Naive Bayes,positive
f09b82d6dcb7d2292812,Naive Bayes,negative
43b3e80e580ed4410fa1,Naive Bayes,positive
d9008c5297e038a0d20b,Naive Bayes,negative
46587d9a7f4ece12087c,Naive Bayes,negative
a64418a599b366d54c71,Naive Bayes,negative
feb2b1d576c427b32320,Naive Bayes,positive
f51a123d78b0ae7d66e5,Naive Bayes,negative
4c6b5c552b2a35cd3f40,Naive Bayes,positive
a623112d825a772abffe,Naive Bayes,negative
04134f18df2175e25026,Naive Bayes,negative
600ef03b771e7beb4f47,Naive Bayes,positive
68678a6fbd91834fdcb6,Naive Bayes,positive
dc612b565f987e56a5d2,Naive Bayes,positive
325be0612afdd2d92b35,Naive Bayes,negative
00ad60466b65c366d4ad,Naive Bayes,positive
899028f4d74d51c191ef,Naive Bayes,positive
f1ade82a61151ae85f78,Naive Bayes,negative
f1bf0932fbbcc9eb0f3a,Naive Bayes,positive
812eef288daf1cba360e,Naive Bayes,positive
4b67779b698b721a48c9,Naive Bayes,negative
c594561d6ecc39521629,Naive Bayes,positive
7fccb4fd29a7bbddd19c,Naive Bayes,positive
6cca7947c95afb8f1909,Naive Bayes,negative
c9f3630f198f13ad4297,Naive Bayes,positive
687ab616d1b08537cfad,Naive Bayes,negative
da50320001deb3ba75b3,Naive Bayes,positive
c36626be56c8acc44a68,Naive Bayes,negative
8e6b2a50879b49e030be,Naive Bayes,negative
2947735cdc6691b128b5,Naive Bayes,positive
416ee17fbb0d7eaeff87,Naive Bayes,negative
68b74584da14a28a107e,Naive Bayes,positive
a2fe4ec3e630c9a9ec98,Naive Bayes,positive
643b5d4bbe7607a502a6,Naive Bayes,negative
99d4bd6d16bff99e0611,Naive Bayes,positive
41424c4c6e025f8b2e98,Naive Bayes,negative
45d25382787191e851c4,Naive Bayes,positive
bc79a98575d38e3153c3,Naive Bayes,positive
8cd0e8905735fb98c8f6,Naive Bayes,negative
b165d137e51be1731d03,Naive Bayes,positive
cc4965814bd07e028efe,Naive Bayes,negative
256ad02e04991fcf58c2,Naive Bayes,negative
9be5d62547f0e3bedf3e,Naive Bayes,negative
bf02be98b0eea6dfa33b,Naive Bayes,negative
f712e117ca84735a3335,Naive Bayes,positive
9739cbe056be259a2c69,Naive Bayes,negative
fb6cd39c515a4064810f,Naive Bayes,positive
3c5060de6bc35f7e7cb9,Naive Bayes,positive
e7635b6b16dbed138acb,Naive Bayes,positive
a204e5dde1eb433d3b37,Naive Bayes,negative
83d99bd7591898c8b1b7,Naive Bayes,negative
985e7559fb3d3a94d88a,Naive Bayes,positive
70949cf850ca4617ee9b,Naive Bayes,negative
a668412ba05d13a5468f,Naive Bayes,negative
ecf3a4a88f54f0677048,Naive Bayes,positive
58af5d367c81493f58e7,Naive Bayes,positive
c11d1ffab00283f78984,Naive Bayes,positive
1a8199cfaa80649c5253,Naive Bayes,positive
9020ab30d7f8cb3d991b,Naive Bayes,negative
f70f46c02a418bcb6cc9,Naive Bayes,positive
4fabee92a2720330931d,Naive Bayes,positive
47769bae059190836a14,Naive Bayes,negative
5d02ba4202fab07790a2,Naive Bayes,positive
31dcd944c6b937955679,Naive Bayes,negative
d919b34fb233f6b6fe07,Naive Bayes,negative
cdc666dc8bebdcb5d5dc,Naive Bayes,negative
b802c5730b306edb7540,Naive Bayes,negative
50989a61843417ad170d,Naive Bayes,negative
1875f7c1f1e6e64dba6f,Naive Bayes,positive
0a7a299ce31c33da3877,Naive Bayes,negative
15934733a8edf9cb50e3,Naive Bayes,positive
846c4da55ccd659244f7,Naive Bayes,positive
bbad791a2c77234dccec,Naive Bayes,positive
34502d0d4830124a91c7,Naive Bayes,negative
74d3c3d06a43cb878a3e,Naive Bayes,negative
442280f204da683a4de1,Naive Bayes,negative
67361766c24bb51ee48b,Naive Bayes,negative
e772bd4728631ee55d41,Naive Bayes,positive
12d798e316faf44f6375,Naive Bayes,positive
9577b7dd7f56db9ae052,Naive Bayes,positive
90c8543e17795be497d7,Naive Bayes,positive
6a33586bcd7249bdc0a0,Naive Bayes,negative
634639becef8a5dd0628,Naive Bayes,positive
22f050bbba34ec3376a1,Naive Bayes,negative
be3c6f0e1b08e43ad842,Naive Bayes,positive
acc6a7eb1c9cf2f373fa,Naive Bayes,negative
294c0afca9797d92b567,Naive Bayes,positive
ca4279e4ed5cf9befc32,Naive Bayes,negative
ff94c7af0c3b8ee88020,Naive Bayes,negative
d9375ac4976da81bee14,Naive Bayes,negative
530cbefc78051a0224e1,Naive Bayes,negative
d70b672ab6f2c5cce829,Naive Bayes,positive
629bbfd3b416a8ca7efa,Naive Bayes,negative
cdb783d8ac7545c448d0,Naive Bayes,positive
8a4f75335e4c1f668e08,Naive Bayes,negative
237a7c590689b972bb20,Naive Bayes,positive
0aeb77f06a718a24d13c,Naive Bayes,negative
544215a6bf3f7dee1084,Naive Bayes,negative
452254bbcf7d358180b5,Naive Bayes,negative
75fcba49e28a8226f190,Naive Bayes,positive
4906708f39a5e22114b0,Naive Bayes,negative
69eb40338cd4694ede1a,Naive Bayes,negative
cf86b4868d9fce158b6c,Naive Bayes,positive
7fcf00da032128ffccca,Naive Bayes,positive
bc3ce5dd9aecde6bd5cf,Naive Bayes,positive
bccd2e3d1fcef3e36e4e,Naive Bayes,positive
d41c0775422751df5efd,Naive Bayes,negative
427904405034c333a5b0,Naive Bayes,positive
711438d4cfada6ab9dbc,Naive Bayes,negative
724c61b3e323ce37bd48,Naive Bayes,negative
988576949078a684df0b,Naive Bayes,positive
d2676bb84a4eb0bc4803,Naive Bayes,positive
4bdde08cc72fbb37e7ed,Naive Bayes,negative
7c25637c83f4ef1fd812,Naive Bayes,positive
d3e3e4faaf95fa90c8e1,Naive Bayes,negative
60c9c02b8c3727fb961d,Naive Bayes,positive
72c7767e46230ed1caa3,Naive Bayes,negative
1f8ad3f74f67408982bd,Naive Bayes,negative
2beeda3438decb13fea0,Naive Bayes,positive
42c86f1828d507bd8df7,Naive Bayes,positive
93cbe105d2bd41a05138,Naive Bayes,negative
d51d225daeb1d10fee01,Naive Bayes,positive
4bd99aed0397da2138bb,Naive Bayes,negative
34caceffe486c5dbec57,Naive Bayes,negative
db5734fe6c36fa26ac1d,Naive Bayes,positive
c35c77ede42c0750827d,Naive Bayes,negative
605b69adbe38c16a1a37,Naive Bayes,negative
a6ccb67a9bf3ceef6878,Naive Bayes,negative
fa87ffc36807f8450361,Naive Bayes,negative
217896c5753948984cf8,Naive Bayes,positive
74203fd1dfa135a5ade3,Naive Bayes,positive
44e7c183b0a12e505029,Naive Bayes,negative
4ca47cc4a935ef6849a5,Naive Bayes,negative
3a3a02f6fd3e56ef7c9b,Naive Bayes,negative
f21de6d8728b0b2fd7ac,Naive Bayes,negative
b80ed538f4b3101475d6,Naive Bayes,positive
7459be21d4b4ffaeb748,Naive Bayes,positive
ac763d73a234b80ef50f,Naive Bayes,positive
ef7aa24f2fc35517debf,Naive Bayes,negative
b9c0ce3fd7f23dafaf9e,Naive Bayes,negative
45655b0f56cb034281cc,Naive Bayes,negative
fecb55b680d982fe930c,Naive Bayes,negative
00933c29e87c9adc0198,Naive Bayes,positive
feb1cb9e74966f97b6c5,Naive Bayes,positive
ebe8fe5b99fead689488,Naive Bayes,negative
1fe4703774eaf5a9d9ae,Naive Bayes,positive
20a601ea47c6f325de38,Naive Bayes,negative
fa3ca182fba2358ec1ac,Naive Bayes,positive
7ca481cc0a2cec06a5c2,Naive Bayes,positive
77774ce17decf0fa5eed,Naive Bayes,positive
2f1e9b3be3672ee71a5f,Naive Bayes,positive
e6ea5c4d6d4e988d20cb,Naive Bayes,negative
cf6878702131b60dd594,Naive Bayes,negative
9795db717e67340cc7db,Naive Bayes,negative
8948975c76e8e0002dda,Naive Bayes,negative
d1e4c1524dc3762895e5,Naive Bayes,negative
bae9b6728dd8cfb2ace9,Naive Bayes,positive
f1c74e3ec78f3289113b,Naive Bayes,positive
6d02ddc9f0012ae9b587,Naive Bayes,negative
01c3327bfe1c9daa3cc8,Naive Bayes,negative
e60e2495c5c031ece8d0,Naive Bayes,negative
e6d4e534c492c9fb6341,Naive Bayes,positive
c5680e14b7b3fcf39f52,Naive Bayes,positive
5af4507d57d720b16181,Naive Bayes,positive
e40dde979ba7c64a85b1,Naive Bayes,negative
f6cdbe901d76c3ed4587,Naive Bayes,negative
11d81a0cd3efa87ee541,Naive Bayes,negative
6fa8787dfd6ea7a4ce61,Naive Bayes,positive
e816d1754a2efb943a59,Naive Bayes,positive
19b8dbde5e048291e093,Naive Bayes,positive
335a92fcbac643cc03b3,Naive Bayes,negative
7596762a8fe3df310555,Naive Bayes,negative
8a67999df14282151e2c,Naive Bayes,negative
cbc51167dbfa23de396d,Naive Bayes,positive
ea87be193cb8b8f8b7b8,Naive Bayes,negative
38fd4bccf764b68b44e4,Naive Bayes,negative
0cfbde87f2557b98259f,Naive Bayes,negative
09df2d3d45e8f9629097,Naive Bayes,positive
b8a7f02e37bf8098915e,Naive Bayes,positive
92bc723438217d44e864,Naive Bayes,positive
57df03113bf4f28c0c5b,Naive Bayes,positive
90efa1ffa4120f4e3dcf,Naive Bayes,positive
bf7557c93363782f68d2,Naive Bayes,positive
95d8ce82e3cb056631f8,Naive Bayes,negative
7563866658790bfe5641,Naive Bayes,negative
5a236179a79fe9e8d113,Naive Bayes,positive
1c132766875022241987,Naive Bayes,positive
e6471a1a6f557feebe09,Naive Bayes,positive
7bbd8ada43e900e3b301,Naive Bayes,positive
76bb24dd2e800c852591,Naive Bayes,positive
f7b84f28dd7d62aeb74d,Naive Bayes,positive
1121e5ec56f5bef687bd,Naive Bayes,positive
2181658f8f0e138fcaf4,Naive Bayes,negative
2721149f962c0c05f35e,Naive Bayes,negative
c4df8c23b446b0dafd15,Naive Bayes,negative
b2c32bb51a06ee04988f,Naive Bayes,positive
1847450c3160a56860fc,Naive Bayes,positive
a141d4e6c443ce266fce,Naive Bayes,positive
efea52804932d477a5c0,Naive Bayes,positive
21c4b60edadba149f621,Naive Bayes,positive
b477a1465e1f06095fdc,Naive Bayes,positive
3c74471c387317044aa6,Naive Bayes,positive
40220e62c685603c0de7,Naive Bayes,negative
83e13432dc47a0480e70,Naive Bayes,positive
0169740bff480402633a,Naive Bayes,negative
b92d5c4c061e296a07aa,Naive Bayes,negative
5ca9cd0c95b0e46e687f,Naive Bayes,negative
de98a07c3772b95b71d0,Naive Bayes,negative
c7a42af39dca83aab964,Naive Bayes,negative
7044ed360b919528c1ea,Naive Bayes,positive
902fa424bda8b6f9c72f,Naive Bayes,positive
fa52ea7d465cb521911d,Naive Bayes,negative
adfd2b1cc9a74e2accc6,Naive Bayes,negative
55e0add6f55065ac8864,Naive Bayes,positive
b026cc94ca9a0c811635,Naive Bayes,positive
b000ef98b5d140d2e3e2,Naive Bayes,negative
fe955cece2d7766547e2,Naive Bayes,negative
fde6f3993d7adb41790d,Naive Bayes,negative
4258a89df0c15d059ce7,Naive Bayes,negative
26e5cc49ff36d4fcd575,Naive Bayes,positive
05d363d9145d13aab76e,Naive Bayes,positive
1066f5589b7605ad64c9,Naive Bayes,negative
11dbf74cf6beaf84a1b6,Naive Bayes,positive
67130a6d3fc60cd55027,Naive Bayes,negative
96dd5e4ca935da183d33,Naive Bayes,positive
676eb414f53df943fe67,Naive Bayes,positive
f7d22e92da95da5fb474,Naive Bayes,negative
c686666e83aad4ae90ee,Naive Bayes,negative
8dfceed362d05a541426,Naive Bayes,negative
890c895ee948cd58483f,Naive Bayes,negative
182c1c66a07df7c01602,Naive Bayes,negative
450add6333c08ce01d6d,Naive Bayes,positive
646568cb296821c7a32b,Naive Bayes,positive
948d427dc4fd0c10cece,Naive Bayes,positive
8f8ec8b93ed520dd1644,Naive Bayes,negative
04bc08cce223a2b56f68,Naive Bayes,negative
15a9a2df7719d2670f76,Naive Bayes,negative
4c3b82af955dc71a90ad,Naive Bayes,negative
e4686492e32caac61ea1,Naive Bayes,positive
5ef2de83a7fe6d55bfba,Naive Bayes,positive
f6cd4857fd363dfaaf8a,Naive Bayes,positive
bbaa941e91d3857ca75a,Naive Bayes,positive
1cbe66fb39cf327ee8fe,Naive Bayes,positive
93709197dd35a2df94ea,Naive Bayes,positive
373bb617055354e08698,Naive Bayes,positive
373362043f04bad05b9d,Naive Bayes,positive
620f344f1ac45c53b155,Naive Bayes,positive
6869b0172553175261af,Naive Bayes,negative
527b64572655441bc85f,Naive Bayes,positive
9e15a4a022cd392a9fae,Naive Bayes,negative
de3cc5a99ac649cd75e5,Naive Bayes,negative
d3c7d4805e29d6cd352c,Naive Bayes,negative
3331d9581a0fcc5a4e26,Naive Bayes,negative
bb0d128855da9eeada33,Naive Bayes,positive
ece756c7d25b224963f2,Naive Bayes,positive
941eeedeb0a23bcb9520,Naive Bayes,negative
0f94f7c44c4ab4a26626,Naive Bayes,positive
0a0417d05576784f30a7,Naive Bayes,negative
111237bc50a19e5fd2b9,Naive Bayes,positive
e412a1be9419cfa5b345,Naive Bayes,negative
1f9de61f5ea13fd64763,Naive Bayes,positive
7a737f35bc2084cfc226,Naive Bayes,positive
2c5e97db608e7bdcbcab,Naive Bayes,positive
948b65db7da5b128f667,Naive Bayes,negative
3c6b1fa91b2e2545074a,Naive Bayes,positive
fbbfd3532cc3f3fd9f8d,Naive Bayes,negative
317b09086d3e6282a016,Naive Bayes,negative
98ae9c2783be5e569b92,Naive Bayes,negative
babdd88486ea9359e536,Naive Bayes,positive
06a99f83f7c6d02a8c10,Naive Bayes,positive
8cf5bc268b4abdb5a158,Naive Bayes,negative
dc6e5d4d879cd8dfc0d6,Naive Bayes,negative
ce4380a1d943ca8e22cb,Naive Bayes,negative
a59e2e1868e0aa91c64d,Naive Bayes,negative
3b7915e2c7afc4061744,Naive Bayes,positive
9524bdc70917bb286e3a,Naive Bayes,negative
184cbb243bad345062a8,Naive Bayes,positive
82466addbce0c4f0ed92,Naive Bayes,positive
c468f7fa1815273552d2,Naive Bayes,negative
c9efda38c5fa96b0e460,Naive Bayes,positive
e565053b741fdfa4cabd,Naive Bayes,positive
fb854d995acdadc2562f,Naive Bayes,positive
a7d89af6b275a113b29f,Naive Bayes,positive
e0c266e423fdabcb4d5e,Naive Bayes,negative
1caef84c78490e8eaa11,Naive Bayes,positive
bbe5670f59cceec474bc,Naive Bayes,negative
a8906ada63ae5567ad21,Naive Bayes,negative
728d99e3f405d2f7477b,Naive Bayes,negative
ed312e2b6e220f69d69e,Naive Bayes,negative
9b9ff4efbc1bddb2d39f,Naive Bayes,negative
3a46ced672ed8e10d942,Naive Bayes,positive
4187692ed286b7a4db48,Naive Bayes,positive
4b400093fab5ce530819,Naive Bayes,positive
959b27615df78eb16ea7,Naive Bayes,positive
2ebd037f5ef74ab9cc1d,Naive Bayes,negative
ebc2d222680fa9981d41,Naive Bayes,positive
4c8fbe402766db8bfc40,Naive Bayes,negative
095f296c5d9afd00964b,Naive Bayes,negative
b8cbce4ad76507aedaec,Naive Bayes,negative
f3225030fa773541b0f2,Naive Bayes,positive
8a8a163162c105d839e9,Naive Bayes,negative
708c8cd5cff4efbb0b35,Naive Bayes,negative
f881e66e9e446fb766c5,Naive Bayes,negative
e21596ce6f0e33f3888e,Naive Bayes,negative
d830adc7c5d60081b60d,Naive Bayes,negative
528f8219aa5693f3c3cd,Naive Bayes,negative
eb42b585e3d3f22be3a7,Naive Bayes,positive
7266ba3b7a65d40d590c,Naive Bayes,positive
0875c44b962dddd0f3b1,Naive Bayes,negative
ee6cf1095a6be09aec89,Naive Bayes,positive
28411100548cf16f94e4,Naive Bayes,negative
7d718345a763894077f2,Naive Bayes,positive
35e04e0bdb91e9f33370,Naive Bayes,positive
de9c71bf554e2b9ca568,Naive Bayes,positive
776d12a83de036767820,Naive Bayes,positive
9f0a9e0ad30809c858c4,Naive Bayes,positive
d8113813429d2c4f0fc8,Naive Bayes,negative
c31f8fa048acebb41b92,Naive Bayes,negative
a6d9600e091a9165ee22,Naive Bayes,positive
a9449b3fc7dd64240dce,Naive Bayes,positive
4d5f745a05396006b2a1,Naive Bayes,positive
4623cc25d79ff9502140,Naive Bayes,positive
bce885837ad7c5dde3c2,Naive Bayes,negative
add6f5f87eab095eb3af,Naive Bayes,positive
6044f011949f1297eb23,Naive Bayes,negative
6dea7a8f04f1855b201a,Naive Bayes,positive
968876c00a92782d0688,Naive Bayes,positive
b1a8a1d5033f9d3dd473,Naive Bayes,negative
b45c60ef5e46c8668d61,Naive Bayes,negative
48cfab83c5b4f9d4729f,Naive Bayes,positive
5214977b22292125d09e,Naive Bayes,positive
8b01fd0f1abe0d5dfdb9,Naive Bayes,negative
caa0b5ddc1f1e0409f6f,Naive Bayes,positive
c417cf686540c8fe535c,Naive Bayes,negative
bc56d5c6a5303e971bcb,Naive Bayes,positive
9c77b1d477e78338026b,Naive Bayes,negative
aefdaa4d0c269a11a58e,Naive Bayes,negative
610aff1a54d01f1ac178,Naive Bayes,negative
7cc8538767b6d8720126,Naive Bayes,negative
6b3e34e4dadcbcbe3c8a,Naive Bayes,positive
f87ef0babffa7ffb9a15,Naive Bayes,negative
9096e6f33f4feb2ce762,Naive Bayes,positive
0638d1a484945b0d846f,Naive Bayes,positive
519dc582fe9eeed585de,Naive Bayes,negative
45f36db79c25fb740b86,Naive Bayes,positive
ceefe6a4386fcc93812a,Naive Bayes,positive
6f0fb41664a04a9b0881,Naive Bayes,positive
31bd66c872c807c7d7da,Naive Bayes,negative
5a4116b6ead53b3278bb,Naive Bayes,negative
dbbb80fa89b52257928c,Naive Bayes,positive
0e7f0af9b883358f96fc,Naive Bayes,positive
1871dfc8e9ad51c188ad,Naive Bayes,negative
191b753fbc9361e3e0b4,Naive Bayes,negative
928078a0d4436b89a4de,Naive Bayes,negative
b445e85299ff31187e75,Naive Bayes,positive
2127f6483aa8c36812a6,Naive Bayes,positive
2e5a00dd494498dd5b05,Naive Bayes,positive
a9ff2497053ef82234ce,Naive Bayes,negative
e600b1cfc31896fc29ae,Naive Bayes,positive
65a3dcb47ee838a525f4,Naive Bayes,negative
988a9f595c0d083d068d,Naive Bayes,negative
3530294bdfbbacd5e9f6,Naive Bayes,negative
008206cd38841ae28f15,Naive Bayes,negative
9a8dbf0c908a600c2cdb,Naive Bayes,positive
177c457bdfaea1fdf3a4,Naive Bayes,negative
fb059f4797bee4a26397,Naive Bayes,negative
c6915449ed287b32aa78,Naive Bayes,positive
d940edf1c8fd9aaaa7a3,Naive Bayes,negative
cf6016fc7c7a6bdb8096,Naive Bayes,negative
15fd172ea337c0ad7e13,Naive Bayes,negative
1847cf58ce8884d97174,Naive Bayes,negative
069264270b20663de612,Naive Bayes,negative
0d9112f66e6ebd93cbf0,Naive Bayes,positive
a4f5b3ad8f1777ae6ecd,Naive Bayes,positive
afe04384f9b92609ab0d,Naive Bayes,positive
160bd64c0d1e29848846,Naive Bayes,negative
c269ef15d6af50773f88,Naive Bayes,positive
62810c1d3abdd27bcb72,Naive Bayes,positive
30b196d1d10bee4248ca,Naive Bayes,positive
fb99b38c46ddc340b59b,Naive Bayes,negative
cc3240389110188c962f,Naive Bayes,positive
39bc26c1e3a00f5f9e6e,Naive Bayes,positive
263a12701af9585f19ee,Naive Bayes,negative
870fb00d288c917617ff,Naive Bayes,positive
c39db798608c57cbbf24,Naive Bayes,positive
f3324545bdfc9dfba77a,Naive Bayes,positive
77270b0f8b1328a641f1,Naive Bayes,positive
98a195d7bee1d7b31ec7,Naive Bayes,negative
b5745c35962179f33882,Naive Bayes,positive
d8a05d10c1ccbd038bc8,Naive Bayes,positive
acdfd94d55aac51fa2b9,Naive Bayes,positive
2e6ca0e7039e6f597d73,Naive Bayes,positive
b3055e274ab66f80b29c,Naive Bayes,positive
d44e5d51069b6a803fc9,Naive Bayes,negative
51b8067ade54cee32887,Naive Bayes,negative
e3c88eac1fd2ca67eb26,Naive Bayes,positive
29f79f8b13575e8dfa1b,Naive Bayes,positive
2368181ba5c0ae83849d,Naive Bayes,negative
14b6acf2607b72a21b01,Naive Bayes,negative
06e08bbf5f204c0f00f4,Naive Bayes,positive
143b56aee58f7053e0b1,Naive Bayes,negative
c41ab8ad553bbd3c45ff,Naive Bayes,positive
5847f50cfcb06451951b,Naive Bayes,negative
bfadac7a6a7ab5531f55,Naive Bayes,positive
dbf0b4da48af7c48af43,Naive Bayes,positive
0231cf6778b58ad1a1c2,Naive Bayes,negative
6e5be3c23d9868a8773a,Naive Bayes,positive
8ae8f3af3cb607e33014,Naive Bayes,positive
d6ab3b16c8352cd8b16c,Naive Bayes,positive
e01d7fa380780d83882a,Naive Bayes,positive
c420e76e670680b8c0a5,Naive Bayes,positive
249e54cf1a841cff4d4a,Naive Bayes,negative
7d8617f8590f14fedef3,Naive Bayes,negative
a36f1da05b1c1aeac964,Naive Bayes,negative
526ff256e003aaa39813,Naive Bayes,negative
45068ddd5a0219d66604,Naive Bayes,negative
0f5e24e49265642a87bd,Naive Bayes,negative
9b4733e374ed68f3e2ac,Naive Bayes,negative
92978d73f8c7855530c7,Naive Bayes,positive
ad9f6862b244368148fd,Naive Bayes,negative
c8b1d911c70212812a79,Naive Bayes,negative
0d7bb60a4d7c9ce28feb,Naive Bayes,positive
d41dcecb524d5e1fe706,Naive Bayes,negative
daea6c93c8ca0107602b,Naive Bayes,positive
daf4692e52a08750688e,Naive Bayes,negative
519e47d949baf6a6fab8,Naive Bayes,positive
2d00bea691ac590287a5,Naive Bayes,positive
278f8a489715fffcf4a7,Naive Bayes,positive
774d8108d6104b542e54,Naive Bayes,positive
5d69b9179e9c7b5cc9d2,Naive Bayes,positive
4da1eca39f7c9b466267,Naive Bayes,positive
052506c938e1daa98ba1,Naive Bayes,negative
7e1719fc7855d4a0aa3d,Naive Bayes,positive
a268e3ce0b2677420554,Naive Bayes,negative
b205dee495bbf6e2f221,Naive Bayes,negative
f04e332496c62d6a0403,Naive Bayes,positive
74716fd22404071fdd18,Naive Bayes,positive
663e44639b2f05337d91,Naive Bayes,positive
3b9a5c007aaf2495d788,Naive Bayes,positive
6a08d9dad63170857954,Naive Bayes,positive
1a8caaa06520fa49d49e,Naive Bayes,positive
250df11c78910dbc67ec,Naive Bayes,negative
f60a9feb832507eec03a,Naive Bayes,positive
fc594b8668abcd92dc9c,Naive Bayes,negative
1f80e18b04f6c52e56de,Naive Bayes,positive
311dcefe38587251bd54,Naive Bayes,positive
2f52e8c03d07ffa3e36b,Naive Bayes,negative
78ef98de993f361f6820,Naive Bayes,positive
e399a1b602caeeb15f5c,Naive Bayes,positive
a6ce19a15c33082f4115,Naive Bayes,positive
b2fbe472c99d3431dd8c,Naive Bayes,positive
05153d85c53f139a6e21,Naive Bayes,positive
4f27ada4e899864bd1cc,Naive Bayes,negative
a15efb33c97fd9e4d345,Naive Bayes,negative
c3bcf58799a584a1480c,Naive Bayes,negative
ba281684e5b27e4506a3,Naive Bayes,negative
e5edbf5faf1be05c5ed1,Naive Bayes,negative
4e1a3166afc0d1b1d853,Naive Bayes,negative
b851ec2a11ea65fd085d,Naive Bayes,positive
eee147ce1b14ce0c7372,Naive Bayes,positive
511e2e664c68d44dcfb7,Naive Bayes,positive
392fb8ed8425bf2e7c65,Naive Bayes,positive
ee7bec8cef5df26c9dc3,Naive Bayes,negative
3dafecb75f8637c85cae,Naive Bayes,positive
f1fc37d6d97c34566275,Naive Bayes,positive
2ddbde9f42c11ce8e077,Naive Bayes,negative
e4bab29aa193bce21dfa,Naive Bayes,negative
55bd760c862fef963a9b,Naive Bayes,negative
c66c230d37cb1126f1f7,Naive Bayes,negative
579eeda2ae4807199476,Naive Bayes,negative
5f143c67f3a4ac469473,Naive Bayes,positive
550e4dfb5b67e4c7f090,Naive Bayes,negative
6ca8536d2174109d8718,Naive Bayes,negative
cf2fcebd8e8d42c38045,Naive Bayes,positive
e096e9bcee22121a30ea,Naive Bayes,positive
a7bdf4fdb26128a6b964,Naive Bayes,negative
73919146edce25d7f81f,Naive Bayes,negative
676534830022a141d478,Naive Bayes,negative
ce6559019b06315b75cd,Naive Bayes,negative
01e4071c22d89f6baa3e,Naive Bayes,positive
31b910716c4f5ee3a1c6,Naive Bayes,positive
b29166f6159723466824,Naive Bayes,positive
1c26cf41c8340218b9ab,Naive Bayes,negative
d6cbe8bf4ab6dcbfeb25,Naive Bayes,negative
b04584e0b4676fd96ea4,Naive Bayes,positive
44d7809d5d67f76c262a,Naive Bayes,positive
985bd47b39a23e6d03d0,Naive Bayes,negative
da761add17a472e7c937,Naive Bayes,negative
be4a67d52912b90aab49,Naive Bayes,positive
58ea81818f015c62a044,Naive Bayes,positive
e180242f67c116aec495,Naive Bayes,negative
b02f80172dbd40eb659e,Naive Bayes,positive
8909756ebc109510697f,Naive Bayes,positive
a6db82953f519e753481,Naive Bayes,negative
67669a8c9e9132c2f71c,Naive Bayes,positive
bf9e91189b03df826931,Naive Bayes,negative
c11d824fdd835d4251ed,Naive Bayes,positive
274eab2ce13913e437bd,Naive Bayes,negative
e7a641a76cb4990432d2,Naive Bayes,positive
f3982e1a2091ede00f9f,Naive Bayes,positive
5cd8b85fa7b1d0dccf53,Naive Bayes,positive
bf0ff9b1c092fb62e89c,Naive Bayes,negative
6576249730f1167f0337,Naive Bayes,positive
b3deb8b2acf60c99791d,Naive Bayes,positive
88c87c9ac82c67353a3c,Naive Bayes,negative
4fb876e28ca650d44973,Naive Bayes,negative
5b814472d9fe1d7cc781,Naive Bayes,negative
1d0c1678fb4391769268,Naive Bayes,positive
b877e1cf6b286f71c718,Naive Bayes,negative
0c453df8906fc1a42600,Naive Bayes,negative
5cb95a80a8a19b8283d4,Naive Bayes,negative
de48ffa7564c3a02cde5,Naive Bayes,negative
05efa902ad57fb680d64,Naive Bayes,positive
3a24be8659a03adf4f3e,Naive Bayes,positive
ec840e0232f00e1870a0,Naive Bayes,negative
4324b7c9684e11825e62,Naive Bayes,positive
ec23f18b5c70ce62817c,Naive Bayes,negative
9d6ccbc9d83c3810fd13,Naive Bayes,positive
63deecbddfda8407f903,Naive Bayes,negative
cc9dcb5a5270a73e896a,Naive Bayes,positive
776991ab34b70c04035a,Naive Bayes,positive
55d3023bad47df9b0ac1,Naive Bayes,positive
bae912e56d5eb36bb044,Naive Bayes,negative
f70ef7add7ef6a531cd5,Naive Bayes,negative
c1fbab60ebec6c03c4d7,Naive Bayes,negative
4cad19d328d83ef40c3d,Naive Bayes,positive
67ad09372e353e5a70ee,Naive Bayes,negative
feecc3f6350a294d61bd,Naive Bayes,negative
b04e3b67e668dacbe7da,Naive Bayes,negative
1f22a38ba03bb1d66121,Naive Bayes,negative
103b8650bfcdd178bdc7,Naive Bayes,negative
c53d5dd29f4ff64faa42,Naive Bayes,negative
0f919611e22f163d956f,Naive Bayes,negative
808291d22d45d608648c,Naive Bayes,negative
ff3421f404a0409059aa,Naive Bayes,negative
b673cbdb4f76cf2486ef,Naive Bayes,negative
6356d9f7ab2b7732f6bc,Naive Bayes,negative
04f15ff5a908301a7db8,Naive Bayes,negative
cfff6a71845e7f76bc12,Naive Bayes,positive
17f0292780894668de03,Naive Bayes,negative
a31596a4dde5e083bec7,Naive Bayes,negative
3b7565a7aa98bfcd578e,Naive Bayes,positive
c0d40523bb6115716cd8,Naive Bayes,positive
0112e5b28182d39a184c,Naive Bayes,negative
49e07f5aa4f6af53d698,Naive Bayes,negative
0c78bf7c670c2e18cdcc,Naive Bayes,positive
152e4201ded021977f72,Naive Bayes,positive
a3f3711b90cbddc705b2,Naive Bayes,positive
8090b60475fc96b64e04,Naive Bayes,positive
9568d9ea2d641408f224,Naive Bayes,negative
25ede44ce7b101509fde,Naive Bayes,negative
2095e386f963e1fefeee,Naive Bayes,negative
ff2cc732679f8d67b097,Naive Bayes,positive
76106fc14f9b84d432ff,Naive Bayes,positive
8c08a2762014256b5a00,Naive Bayes,positive
88e73fb37feb81a07483,Naive Bayes,negative
6f86018eac9a8374d3f7,Naive Bayes,positive
8edca20e8163d49b4352,Naive Bayes,negative
2da8930445b9b38e42f1,Naive Bayes,negative
168ecd5f05a527444a1f,Naive Bayes,negative
0f62732d76031cfd8ad0,Naive Bayes,positive
48d44a6183ff99d9fe85,Naive Bayes,positive
838f41afee8b8aef7c78,Naive Bayes,negative
99be65fa69f6e894c4f1,Naive Bayes,positive
245e69ba5eed863b2cd0,Naive Bayes,positive
056f70be6bb663e49cbc,Naive Bayes,positive
cc6c6b32dc8fe1483ada,Naive Bayes,negative
518d87795fc562984daf,Naive Bayes,negative
388a7a7ad3d93b895c97,Naive Bayes,positive
8a656fc743bba00885f4,Naive Bayes,positive
5e76f192662b353c5ba2,Naive Bayes,negative
5ca172e6a1df67c5e1ac,Naive Bayes,negative
d19d835ca62f3e2d790c,Naive Bayes,positive
f965748c44b3f7fbeab2,Naive Bayes,negative
f851aa4cee17d2c44f28,Naive Bayes,positive
2dc8b590b15febfb5129,Naive Bayes,negative
8666d6c45d263263e5e9,Naive Bayes,negative
7c33099858b9713452f1,Naive Bayes,positive
c91c3f63b438df4169ef,Naive Bayes,negative
98df51feb70e75e75f63,Naive Bayes,positive
2ad7ab0cb0ed627378a5,Naive Bayes,negative
21d121203c0d740bbc54,Naive Bayes,negative
8597e7b478cb6ceb5be1,Naive Bayes,negative
dcf509d5d28fcf8ef958,Naive Bayes,positive
43bc66de6921e17fe14b,Naive Bayes,positive
f3494e2ba3a9550da946,Naive Bayes,negative
26241eba58d2be117227,Naive Bayes,negative
9352405be883745aad06,Naive Bayes,positive
73ccca8f86fcf1fdba89,Naive Bayes,negative
bd5609b6989cd2bc7616,Naive Bayes,positive
ae1bca0b57ea0b6b6e04,Naive Bayes,negative
6bc128d7779e88d411b9,Naive Bayes,positive
4eef3714756278b7b808,Naive Bayes,positive
e8dfd4c99fe413597963,Naive Bayes,positive
c52601d194054335fba7,Naive Bayes,negative
a215114ff6ecdfede3f2,Naive Bayes,negative
155a4763c213e6e61b7d,Naive Bayes,positive
59f4139d03ae38dc0def,Naive Bayes,positive
81bf4a1dc13a69f0b452,Naive Bayes,positive
0d7a6dca5e955532638f,Naive Bayes,negative
5259c0cdc1aa2a43e7c3,Naive Bayes,negative
212fa175748a3095916e,Naive Bayes,negative
49b1f9559e982d13c239,Naive Bayes,negative
02f0385f8dcc2b819d36,Naive Bayes,negative
d8018371e7312b499e8b,Naive Bayes,positive
fb8cd370af79481c6076,Naive Bayes,positive
7619aa29b027d1f38031,Naive Bayes,negative
1d8ac6e604b5a1158efd,Naive Bayes,negative
ce3964d36611b4d6ec27,Naive Bayes,positive
c0b728152abb09acce3d,Naive Bayes,negative
78187b6465412052714d,Naive Bayes,negative
42af710d57526d8a1fec,Naive Bayes,positive
d9aa545f099fe16f5053,Naive Bayes,positive
031d69672fbfeb43c5b0,Naive Bayes,negative
3bbea36d3e97c1939f92,Naive Bayes,negative
0566bcd9d3c0548d24e7,Naive Bayes,positive
49b6fbfacc9591e44b38,Naive Bayes,negative
77059e7636574e4b3476,Naive Bayes,negative
55f6717aff07c63b315c,Naive Bayes,negative
682445083f3be121541c,Naive Bayes,positive
cb10542888425a505f8d,Naive Bayes,positive
42c0470da29e842008a3,Naive Bayes,positive
813ac09828a0a8c6774a,Naive Bayes,positive
c90533fa75bda49d0aee,Naive Bayes,negative
e1857f0dc4d15f3f9605,Naive Bayes,positive
f6ec36ca1cc90e97dde3,Naive Bayes,positive
4d04c0436bd1437e7509,Naive Bayes,negative
7dff015a463dab18917e,Naive Bayes,positive
9e68a0288b026f5d86a2,Naive Bayes,negative
b1a9a1e6639391532304,Naive Bayes,negative
ff3e77fb38b52ea7e6d8,Naive Bayes,positive
1f162dc3a9a48f19695c,Naive Bayes,negative
a724d72552ea661f115a,Naive Bayes,negative
e03d83d9b88fe9a93ff9,Naive Bayes,negative
1ed039a197c1b9a6b083,Naive Bayes,positive
9f27e817aa62dd5218e4,Naive Bayes,positive
aa77735cf998fa415069,Naive Bayes,negative
b5e3b4d70da772be7f8f,Naive Bayes,positive
fbf1b38aa10ea8929c9a,Naive Bayes,negative
97e2c46afa78053e734d,Naive Bayes,positive
4c1d8f655fef031457df,Naive Bayes,negative
dd25807c4bd1c90903c5,Naive Bayes,positive
be5d768415a533f1993c,Naive Bayes,negative
3b25ddad8a1de99e4f7f,Naive Bayes,negative
99bd7102aa71a2824901,Naive Bayes,negative
ca88d156ce9afa42f56b,Naive Bayes,negative
f876e771bdd35e24fbdc,Naive Bayes,negative
5e86a5e3b9d5d7b21fa9,Naive Bayes,negative
9d66f20f589d8c6b67d4,Naive Bayes,positive
092d04fd54d73a6d6746,Naive Bayes,negative
66905728d1b5237713cf,Naive Bayes,positive
31eda9ea82d46bbc1786,Naive Bayes,positive
a67ad86baf62d383d3e6,Naive Bayes,positive
b2275590579703d8219c,Naive Bayes,negative
e1c4a4f8c1e70b067fad,Naive Bayes,negative
e555d0cfa079b838f6a6,Naive Bayes,positive
5f4fa6a08f6dd5479117,Naive Bayes,negative
f4f3181209c7928eb75c,Naive Bayes,negative
46c449dad6f29e8d96b6,Naive Bayes,positive
0f895c77271617b65aa3,Naive Bayes,negative
074aee4f2ee36361b1c2,Naive Bayes,negative
b0f0a758a489765c2c54,Naive Bayes,negative
41d373c5a8c11a388bd2,Naive Bayes,positive
2db1f2438250c3dae67d,Naive Bayes,negative
3ae7dbdfdb2449aaf292,Naive Bayes,positive
c8f156c1710f42eddc78,Naive Bayes,positive
4a88817d64af9ed18a42,Naive Bayes,positive
605c152606a36de359f9,Naive Bayes,positive
cb8b6e0c1e445fb6fc1b,Naive Bayes,positive
a200c1938582f95fc864,Naive Bayes,negative
f380575215786d933d67,Naive Bayes,positive
9be833ac76f1745fb466,Naive Bayes,negative
f37014c3e3cae8ef7563,Naive Bayes,positive
20601eebe11f6e94ce74,Naive Bayes,positive
b32cf7f6f7644c538316,Naive Bayes,negative
469d12cd935b3d97bf87,Naive Bayes,positive
1848ca49df1deede40ff,Naive Bayes,negative
d5b2a7068ae6ea5ab729,Naive Bayes,negative
fb6d8f42a246602fac9b,Naive Bayes,negative
a6aa893f93dfb6c6d1e5,Naive Bayes,positive
adb5e252e220177f4e06,Naive Bayes,positive
d3fb5cef2cdc39828dc8,Naive Bayes,negative
7f48a0eb9afbe764e2b9,Naive Bayes,positive
88ce6b556684142ab54e,Naive Bayes,negative
9892423ecb3332358e17,Naive Bayes,positive
51f2a604669aec3ec10a,Naive Bayes,negative
2c1e717645e42ec6dbce,Naive Bayes,negative
e4d90d6da2e27baf8ca9,Naive Bayes,negative
b9caa237bf99a0fe565e,Naive Bayes,positive
08c534ab3b305aab8553,Naive Bayes,negative
2e5164ec16bf2a3b1305,Naive Bayes,negative
1f3e3e81b731fbaa75f3,Naive Bayes,negative
81421b9628d889aa366f,Naive Bayes,negative
b9687388611ea0774016,Naive Bayes,positive
846e74963dd7a06e7cc7,Naive Bayes,negative
5eb3490a9d653d04f4cd,Naive Bayes,negative
d8f6b7d9416fd5101550,Naive Bayes,positive
84ceb16bae0b217795a0,Naive Bayes,positive
ffad0679815f36a40781,Naive Bayes,negative
6ee1c7432b60e3a15c14,Naive Bayes,positive
17c78357a39d75cd57a9,Naive Bayes,negative
4dba566d839538b4b246,Naive Bayes,positive
0f83f9b4b920d34da072,Naive Bayes,negative
db21d06095ea0cc45ec9,Naive Bayes,negative
e5483f6ea00017e681c7,Naive Bayes,negative
745bf2587e599e177409,Naive Bayes,positive
7efdd3d93bce2a14759d,Naive Bayes,negative
2fb20428ed285f6e1a5b,Naive Bayes,positive
a34ea7f262cce7297690,Naive Bayes,negative
1c58982c1856e0d4a81d,Naive Bayes,negative
317ab1c731e83172a653,Naive Bayes,negative
ba3fd0bbf8afc9af76c2,Naive Bayes,positive
0edf592d57629f31330e,Naive Bayes,negative
545e5f43f8d619c611f7,Naive Bayes,negative
500a2601baa377a9d29d,Naive Bayes,negative
6ee906cf30be64cd66e4,Naive Bayes,negative
e6b133cdcced884b23b1,Naive Bayes,negative
7651a4044fbbadd36399,Naive Bayes,negative
ac9785a1ba42c3c1cc8e,Naive Bayes,negative
c901610c7dbdc927f474,Naive Bayes,positive
73c952e33173df5b0d85,Naive Bayes,positive
36eaa42d3f064dab7386,Naive Bayes,negative
8f2608ac342c0dbc325a,Naive Bayes,negative
f5fc3d68d2db4276b77f,Naive Bayes,positive
49804133f9b51a50fc25,Naive Bayes,negative
08bc61a862501a678997,Naive Bayes,positive
9bb1a286d9943b23eecd,Naive Bayes,positive
dde36de089302ececd61,Naive Bayes,negative
c2a00c0b6353701915a1,Naive Bayes,positive
df29c7e507ad18629ebf,Naive Bayes,negative
9bc0b5f020750352a3bb,Naive Bayes,positive
361873fa616cfb453941,Naive Bayes,negative
c48801526c5d7d8a0f18,Naive Bayes,positive
987ce38c659673266247,Naive Bayes,positive
4dce079d0acf1f1c9850,Naive Bayes,negative
2aefe40372dc9e12fb81,Naive Bayes,negative
617ba4a6e636c61e8d6a,Naive Bayes,negative
859e0b9fe9dc2f14406e,Naive Bayes,negative
f9b3f0604c9050cc3ad9,Naive Bayes,positive
eff1a6399c3b64a8c9ae,Naive Bayes,positive
0a772eafb8a872b1c212,Naive Bayes,negative
0fe029fbb2c2ef6f3fde,Naive Bayes,positive
509ab01c5fc96a947ba6,Naive Bayes,negative
8debdf980b140eb78693,Naive Bayes,positive
f843c1faf43a6f5ca8e1,Naive Bayes,positive
14af55651a6a66583ad2,Naive Bayes,positive
961ecdde0ff16284db1c,Naive Bayes,positive
e6912bc2f75de762b72d,Naive Bayes,negative
66361d8567da88ab9f03,Naive Bayes,positive
683fff1606b4dfaf1efa,Naive Bayes,negative
6b35d69e16603726fba8,Naive Bayes,negative
9977257e0e3dbbec3a59,Naive Bayes,negative
cefd489519d19cb39e41,Naive Bayes,negative
bd1459b3f2b167539a0f,Naive Bayes,negative
60785ce078f780c5c957,Naive Bayes,positive
3d82abd858814b9ba8d2,Naive Bayes,negative
5c702439ff49b588a174,Naive Bayes,positive
ef36336de82822d636fc,Naive Bayes,negative
c415da92459cacd8ef97,Naive Bayes,negative
faf32452d7c4ccb0abca,Naive Bayes,positive
f8afcae44fcf89f02845,Naive Bayes,positive
f43b9aa36ab6fe08c94f,Naive Bayes,positive
00b95996c517952a39e1,Naive Bayes,positive
182310eea76275109c7b,Naive Bayes,positive
d6c7d38d5f85d7bcf492,Naive Bayes,positive
52a2b1bbb27c0d718575,Naive Bayes,positive
2a2d90b0ef2d4428445c,Naive Bayes,positive
a358dbbce81fb0640629,Naive Bayes,negative
fd3c047aaff62f24b11a,Naive Bayes,positive
7614935a8c8628f969bd,Naive Bayes,positive
f9f24a6d7c0caf9de0f4,Naive Bayes,positive
735aeb915ba564b0af40,Naive Bayes,negative
266b50882139b7cadb8e,Naive Bayes,positive
eedb72eb878afa63f454,Naive Bayes,negative
a1e705a8cd440205aeb3,Naive Bayes,negative
0291ceb79e2177ea139b,Naive Bayes,positive
27b3998e3e6ac69506f4,Naive Bayes,negative
7b0a29132477d580e908,Naive Bayes,negative
11484890e308dab474b0,Naive Bayes,positive
147ca558002621a390a6,Naive Bayes,positive
396a40409b2c46623645,Naive Bayes,negative
360e814c7d6a55f97c7d,Naive Bayes,positive
f605a5bab1bd0431468b,Naive Bayes,positive
079328d2fe423c8e1273,Naive Bayes,negative
28629693a1655ed1e6cf,Naive Bayes,positive
43033b022a44bd292b0a,Naive Bayes,positive
65201d7b09ab8a1fa871,Naive Bayes,positive
37bc20ea0d837374041e,Naive Bayes,positive
73bbcb0366634d772158,Naive Bayes,negative
5b8ad4c495e57ca721e4,Naive Bayes,negative
8db552369ce01c14c7c2,Naive Bayes,negative
e31c5b0eac2cb8a8edb2,Naive Bayes,positive
f1f2bf630ec8dd95022d,Naive Bayes,negative
c404a2ab1b1413be8bdb,Naive Bayes,negative
8f84a829a34226d7d8a7,Naive Bayes,negative
f32ab3ad2a8bba70d78d,Naive Bayes,positive
a6b3c8389331b4cbd2ff,Naive Bayes,negative
f06d1bfaecb0960868ce,Naive Bayes,positive
fb198942a41d314bf213,Naive Bayes,negative
7a840a58eda1709620cf,Naive Bayes,positive
a603e1a438b2d9deab3c,Naive Bayes,negative
672414e5026201ed8b1e,Naive Bayes,positive
c67aa0fb4e92242c391a,Naive Bayes,negative
ff7e98909654b6c72ced,Naive Bayes,negative
97b0e0fee90c5dc524a0,Naive Bayes,negative
6e0d7237326524ed1758,Naive Bayes,negative
dff7b06a4643fe300f52,Naive Bayes,positive
0aa48b1b98b3b3e3d1c0,Naive Bayes,positive
b369f1d43aa8ee24f3c4,Naive Bayes,negative
98aab93d35c688da9083,Naive Bayes,positive
1543e19a56f9dab39574,Naive Bayes,positive
6c8fb7543ad9a95aa8f9,Naive Bayes,positive
4601c42f58e61a7988a9,Naive Bayes,positive
9cd442e0300447e7d129,Naive Bayes,negative
cbd7de5bb79b3c69f55e,Naive Bayes,positive
621a5d5573ed7c603037,Naive Bayes,negative
fdc59961134e3b63b137,Naive Bayes,positive
a174ae3311f2fa3878eb,Naive Bayes,positive
b88708d507f23f997578,Naive Bayes,positive
cce428b03d3c8f047999,Naive Bayes,positive
6a16d3c9a810dee7b6ed,Naive Bayes,positive
8f63f6aff2e5681eca0c,Naive Bayes,negative
5f41f67a3ed3ee34a63b,Naive Bayes,negative
6c2e27f3a19cee4a1dee,Naive Bayes,negative
22b02f232545bb416555,Naive Bayes,positive
c55b20d117bcfd20f274,Naive Bayes,positive
267f0feb38289222ad9f,Naive Bayes,positive
5eb34363d3df16aaba9f,Naive Bayes,positive
c5ec83303c77706272c4,Naive Bayes,negative
bf6f2a5ce8d8c970200d,Naive Bayes,positive
c61e87c54843b611f69b,Naive Bayes,positive
ac7890b1c87ff5436703,Naive Bayes,negative
dbf9b143531682a07f69,Naive Bayes,positive
f84fddd17e7be9ec9c05,Naive Bayes,positive
3f5b12bacf82ae94fec6,Naive Bayes,negative
54c37d111e627f40ff2f,Naive Bayes,negative
c01c38b0b3d8110c6f4d,Naive Bayes,negative
09e752269c6d6438286b,Naive Bayes,positive
a39e0c71f43c03443464,Naive Bayes,negative
1400409811b4d5c8e399,Naive Bayes,positive
f460c02073df31a3ee75,Naive Bayes,negative
28c49486b03cd2d3baae,Naive Bayes,negative
3cb7e91f1afb65f8f34b,Naive Bayes,negative
3bc191d1312bc0131b89,Naive Bayes,negative
d1bde6abc89007c04420,Naive Bayes,positive
49dc2def8c3ce92f4876,Naive Bayes,negative
93cc0b8997c37a57fb8d,Naive Bayes,negative
1d968fe5bd71a823a9b6,Naive Bayes,positive
bfc7fdcb4079ec413cb0,Naive Bayes,positive
bbcb95122f084e3ca8c5,Naive Bayes,positive
76bd08ef99d79e8316c9,Naive Bayes,positive
3bd197d302ba17af6d82,Naive Bayes,positive
f72c5f5b10b49022f5e0,Naive Bayes,positive
05888cbf1c8c46e52575,Naive Bayes,positive
1b76b0bb5af4e862e9e0,Naive Bayes,positive
9adde2f755d2de02cd4f,Naive Bayes,positive
25ee3c78b1682d690e37,Naive Bayes,negative
c4977d0d8ee40543936d,Naive Bayes,negative
37ef1c44a8b5a4950ba2,Naive Bayes,positive
4b9080d8634a1c835acf,Naive Bayes,negative
b890cf15526ccf8d6091,Naive Bayes,negative
20ef0172c6c1ee228dc2,Naive Bayes,positive
ede98a648de1a3f8f762,Naive Bayes,negative
75e88f2c2dbca209bd85,Naive Bayes,negative
6588088eb116920dde16,Naive Bayes,positive
6d2730df2b0ddfcf48a3,Naive Bayes,negative
2d363bc7f524650d66be,Naive Bayes,positive
d9e6b7101a61b3252b7e,Naive Bayes,positive
ce0af3b2b296d30074ce,Naive Bayes,negative
1c120e70b16623145ab7,Naive Bayes,negative
95e982d79b94a30aa31f,Naive Bayes,positive
88b63ac48443f800cff1,Naive Bayes,negative
a997b197a133979f4114,Naive Bayes,negative
2b1c07758699bbc472f1,Naive Bayes,positive
4a22496e7f30abd4340a,Naive Bayes,positive
1f55607e5392455f5763,Naive Bayes,positive
6f33390f6483eb16dc00,Naive Bayes,negative
e61e7a8157917b9c775f,Naive Bayes,negative
c982a991f3c1bfa8db5b,Naive Bayes,negative
fea263e52999c578613c,Naive Bayes,negative
95a8940ffc2a0298762c,Naive Bayes,positive
f4ad0ee5d940ea0dc4f8,Naive Bayes,positive
42944af29b23b88e60a2,Naive Bayes,positive
157983a8f4ab26a7a622,Naive Bayes,negative
ce1efc08556fc6685e3c,Naive Bayes,negative
4cb24de9d008761e0b3a,Naive Bayes,negative
9c7334742f8f1e97810c,Naive Bayes,positive
e63f13304516df87bece,Naive Bayes,positive
0a742ccdeecbb0471a5a,Naive Bayes,positive
4a647ac2a65197577c0c,Naive Bayes,negative
f14a758d750962cd872e,Naive Bayes,positive
4b08ddb9d3036e75754e,Naive Bayes,negative
db7ae42fb0e2ea0fa596,Naive Bayes,positive
89806da0c77fdf2701d6,Naive Bayes,negative
08646e2413675a046723,Naive Bayes,positive
e7d268dd8ac26ba18f5a,Naive Bayes,negative
514bf153134a9b76a81d,Naive Bayes,negative
b77f8ad21127a0d60893,Naive Bayes,positive
79f882dec6755edad5d2,Naive Bayes,negative
9700f5ec7a389dd77aaa,Naive Bayes,positive
71cd48d49e66afac87ee,Naive Bayes,positive
f73e615512870308caa6,Naive Bayes,positive
38d89b0a0faed9986440,Naive Bayes,positive
8b3146b1e6592bf6c127,Naive Bayes,positive
eacf63efd1399d8da119,Naive Bayes,positive
dad9ab2b6f3f2aa43319,Naive Bayes,positive
456bc97c5f52c1eb77fa,Naive Bayes,positive
0fda147d17f9f9063ee3,Naive Bayes,negative
af723d2de92e93b92199,Naive Bayes,positive
64fe7e604171d6ccc3e6,Naive Bayes,positive
f429969e58048fe25f07,Naive Bayes,positive
3a42bc832e2705e65430,Naive Bayes,negative
c1bde4ae966365e736fd,Naive Bayes,positive
34d9e99609c6563a9b31,Naive Bayes,positive
022798c60a65d5296eee,Naive Bayes,negative
320c14917dadc470879f,Naive Bayes,negative
78ecc47528e97705fd15,Naive Bayes,negative
c73475c00f5e688a320e,Naive Bayes,negative
a9db0059b101cfe31e9c,Naive Bayes,positive
794f585b5ed9a6f3649f,Naive Bayes,positive
b773009b8c2f4d6406fc,Naive Bayes,negative
2665c573872f2fdb40bd,Naive Bayes,positive
cfb5eec6a9573be79b28,Naive Bayes,positive
55d0b0121b36146532fb,Naive Bayes,negative
8461eac40faa9ab2b671,Naive Bayes,positive
2dff93e8f700734dc92a,Naive Bayes,negative
ff28d88fff9b9ff14c9e,Naive Bayes,positive
8d5f6d5e3e41ca1b3a07,Naive Bayes,negative
5ca9a24f8bc77f3e49ac,Naive Bayes,negative
6ff1dd218712c61265a8,Naive Bayes,negative
8bb682392a2611a53ab4,Naive Bayes,positive
9e5eb34253e3568aba2a,Naive Bayes,positive
388f42516b5b79c8c14f,Naive Bayes,positive
49d802444c267b0bc5e5,Naive Bayes,positive
f2e3afcafa7620496561,Naive Bayes,negative
9fab560ac6eaffbbc344,Naive Bayes,positive
90a08bcb552eebc780cc,Naive Bayes,positive
0f4ecd474f4f9dcfcd90,Naive Bayes,positive
cef5499fb7b512c11a22,Naive Bayes,negative
515e0a704b44f9599576,Naive Bayes,positive
5d2467cc7c61fc32cca3,Naive Bayes,positive
bdb114b699a2a0a3f195,Naive Bayes,positive
a86d1189171b196bc8a0,Naive Bayes,positive
f2c26d830fe07a14178c,Naive Bayes,positive
16d3e65bb4571a14a9d7,Naive Bayes,negative
8ed5bff8a68c6d8a81e0,Naive Bayes,positive
32b7ffb47cba77cb3bcd,Naive Bayes,positive
3b7134211106efe671d1,Naive Bayes,positive
cce647ab2834b584d71d,Naive Bayes,negative
8c3f4a36eaa90a4b8164,Naive Bayes,negative
27986f72e12ed60df67e,Naive Bayes,positive
c0d87a1e787206560bef,Naive Bayes,negative
5f117b187430a46feb7e,Naive Bayes,positive
038b70ea7280cbb4cd47,Naive Bayes,positive
3a95ae118e3a5ccc13f7,Naive Bayes,positive
3d1c368985213cbf9f1c,Naive Bayes,negative
d1f489d580f2d1a62179,Naive Bayes,negative
ccb49d2dcb0867096237,Naive Bayes,negative
d294db5746ae5553a045,Naive Bayes,negative
d306a0cdeb54bcc5ad16,Naive Bayes,negative
f32f4e3c93b9389ea4aa,Naive Bayes,positive
4b8f93eb9ead8230f662,Naive Bayes,negative
f4c8f36513f3d97715dd,Naive Bayes,negative
3483aa32e92a54ec79fa,Naive Bayes,negative
cd4c2dc2d7da7e74ffed,Naive Bayes,positive
857c9f154be300803b32,Naive Bayes,negative
3b01c190ac99f0c6dae1,Naive Bayes,positive
bf24479f79e6c68432c5,Naive Bayes,negative
bb3b56e897af60a633b9,Naive Bayes,positive
0a1f426c617c8d7c7d69,Naive Bayes,positive
89a85de4732e1843a391,Naive Bayes,negative
38c0ff39853706bfb251,Naive Bayes,positive
c6b6a240b3254bd02443,Naive Bayes,negative
02ce01468615c7e4c9dc,Naive Bayes,positive
d2003a366e9e2c7ce8c0,Naive Bayes,negative
fa21e146eac88a9a5faa,Naive Bayes,positive
e4335dc270e591d7bd17,Naive Bayes,negative
a37a5865a0664b385f10,Naive Bayes,negative
8ab0f35dafb0c5baeb93,Naive Bayes,negative
dc58c6be34d530709727,Naive Bayes,negative
28036725be08361e1ab4,Naive Bayes,negative
bb63d240e43bdbe2a753,Naive Bayes,negative
3cf4ffc55c1fcbd6d708,Naive Bayes,negative
53c2ff0c1b0d3536786c,Naive Bayes,negative
5520f0e7e735a89911b6,Naive Bayes,positive
0882bac430508d4fa8b0,Naive Bayes,negative
5c2b079c00a57c82adad,Naive Bayes,negative
98f6dd7392314f1571ce,Naive Bayes,negative
8852d6236d1e5cba83c6,Naive Bayes,positive
bf2c48679a942e96ce78,Naive Bayes,positive
d01d893c8f864398c739,Naive Bayes,positive
65869fa59510b261128c,Naive Bayes,positive
961f69727482dbc229a1,Naive Bayes,negative
041853527a26454e0cf3,Naive Bayes,positive
6d9ec92fd42d8532c201,Naive Bayes,negative
ddb319ac849ab3756fc8,Naive Bayes,negative
d24c1fb8e9d88e26d594,Naive Bayes,positive
0e38fdf19ade7da113b8,Naive Bayes,positive
514a798931f225585e0b,Naive Bayes,positive
540c50b1ef5c450999e4,Naive Bayes,negative
db8904da171194f9a58c,Naive Bayes,negative
f3538bb8d560c393f21d,Naive Bayes,positive
69cab82ed1f5a7b588b4,Naive Bayes,positive
f2cfff9c2f96df80b934,Naive Bayes,positive
bb9af2ebcbad6b8df079,Naive Bayes,positive
9c4403a7a88f8bbdc22f,Naive Bayes,negative
5cf397d81d0ece5a824b,Naive Bayes,negative
b513cf1592208dc43758,Naive Bayes,negative
8967f587ba273bb6b6f7,Naive Bayes,negative
26801c6c5971541bdadd,Naive Bayes,negative
93db743ae5a60cd69bfd,Naive Bayes,positive
85a4e5716baa4a0bd93e,Naive Bayes,negative
4d07d02fbf0cc2edec99,Naive Bayes,negative
a64d9568f7ff33d93177,Naive Bayes,negative
d94c66847426ee5291bc,Naive Bayes,negative
ed0eeb6da89c4cfeaefa,Naive Bayes,negative
5949cfeb50df8145aac8,Naive Bayes,negative
239e35dcaa96a9a37e34,Naive Bayes,negative
909f04e87ee0e2f9ad0c,Naive Bayes,negative
6b8b349d1e82228acc9e,Naive Bayes,positive
a1689064a6ab18dfa477,Naive Bayes,positive
391cb5ed2343f79cc4cc,Naive Bayes,positive
c5579fd03096d1d2a096,Naive Bayes,negative
73de7925fc46f3786912,Naive Bayes,negative
1438a973a2a486d1d1cc,Naive Bayes,positive
63b74515dd8ead56d97b,Naive Bayes,negative
6bb7f3aed90d2ffadf99,Naive Bayes,positive
b64528c913480ae37135,Naive Bayes,negative
eece6ea12125dee2989e,Naive Bayes,negative
5eada21dc254ce656609,Naive Bayes,negative
5c7bd88b10eab64ec820,Naive Bayes,negative
3cee081bf126cb16cedc,Naive Bayes,positive
f77ef40ab51b41760292,Naive Bayes,negative
9fd67a75a8e074b26df0,Naive Bayes,negative
bc992673eb452825445a,Naive Bayes,negative
72435d1c3dff9b68425f,Naive Bayes,negative
38e09dd10171a0f36090,Naive Bayes,negative
c6890118e2dd99d2c5be,Naive Bayes,negative
d6518e22601ddd66f0d5,Naive Bayes,positive
af599b6c6d2f6efe4b3a,Naive Bayes,negative
4498bb7b763e864228a8,Naive Bayes,positive
13461cbc1e01b6dce602,Naive Bayes,negative
5c30fe3e26670174e3c8,Naive Bayes,negative
3ed2b92d4ae0fbbefeb4,Naive Bayes,positive
d78e95e01f25e412fd48,Naive Bayes,positive
9ed3f0ac5ab5dc460c25,Naive Bayes,negative
41a5b694fdd1ddc010c2,Naive Bayes,positive
2363279c12f1580a5e3b,Naive Bayes,negative
9a35a441d10ae1b34246,Naive Bayes,positive
b1299eeca9634f0df5a7,Naive Bayes,negative
c4966fd7c36b1a812802,Naive Bayes,negative
c38a478f1d540f70197c,Naive Bayes,positive
677f9f73f84496c73f2f,Naive Bayes,negative
6eb6c43e3bd388233c52,Naive Bayes,positive
2b0fa251aa48ae91cd29,Naive Bayes,negative
3db17e33d3f93de1b456,Naive Bayes,positive
eee744d5f128086dbc74,Logistic Regression,negative
ff24653a340a54e72a81,Logistic Regression,negative
c57cf03017fa619ca90e,Logistic Regression,positive
33a136af572f1c18c971,Logistic Regression,positive
d082127dfff3d1298889,Logistic Regression,negative
817226953257b0ef8856,Logistic Regression,positive
bfd5246bfbcde6654cfc,Logistic Regression,negative
dd31dcb355f964ddd20f,Logistic Regression,positive
4c5705df44c511a6e88a,Logistic Regression,negative
ea0059066484438f94d4,Logistic Regression,positive
839940374d1381613866,Logistic Regression,negative
142c3aa9583d88eb048c,Logistic Regression,positive
252926035e089ca748e3,Logistic Regression,negative
695221bfb7a8624e13ea,Logistic Regression,positive
7c0b1085632c70b7de1c,Logistic Regression,negative
7288a5d658b6599418b4,Logistic Regression,negative
cf655b6b22d6e0769281,Logistic Regression,negative
7f53385d981fbc98568c,Logistic Regression,negative
447b9950d9a6646c711f,Logistic Regression,positive
e1a209dfb07e1a3dae9e,Logistic Regression,negative
2cbf626fb27d16cab295,Logistic Regression,positive
8fdec5f18d0f71b29166,Logistic Regression,positive
4cca53795a070066a23b,Logistic Regression,negative
b561914e103fb6282354,Logistic Regression,negative
65e4bd666334150029f0,Logistic Regression,positive
f153e834b296bbae898f,Logistic Regression,positive
8dbae8944cd20207879e,Logistic Regression,negative
2fcc1bed07631b10bbd5,Logistic Regression,positive
08f4e437dd1d28f2127a,Logistic Regression,negative
25f6f4242bc09dd2d346,Logistic Regression,positive
4453f1b1b75a2175e197,Logistic Regression,positive
8585b0c749b4c67062ad,Logistic Regression,negative
d1580737714650bb5f05,Logistic Regression,negative
6289f3eb8cb0c5b294db,Logistic Regression,negative
e6fe044fbba7c0e238ad,Logistic Regression,positive
53ea88c551b8eb085578,Logistic Regression,positive
e8c3b41fefbeabf6ade5,Logistic Regression,negative
09b4c3b3070fb2c483e8,Logistic Regression,positive
857a5ca88a4c74ef51de,Logistic Regression,positive
bd83605ba1d11ce8bc73,Logistic Regression,positive
d8ed6cdd92dadf9c5624,Logistic Regression,positive
37024536d0996ffb52fe,Logistic Regression,negative
1c4c66de45f8f22d060a,Logistic Regression,negative
0662c942ae39ecd38114,Logistic Regression,negative
ec8effb0acaf932a17cb,Logistic Regression,negative
d933254d94f14da6d9da,Logistic Regression,positive
c58a3101db4e67e72fb4,Logistic Regression,positive
3d034985a9839fde9834,Logistic Regression,negative
ffa444a427efa663f03b,Logistic Regression,negative
dce17db45727a2b12205,Logistic Regression,positive
c9af3d35a0e616fb6726,Logistic Regression,positive
fce2ee70317220e1776b,Logistic Regression,positive
5c949e08d096934b7c06,Logistic Regression,positive
0f9069160e698e260d22,Logistic Regression,positive
1c015a83a380965cdfa4,Logistic Regression,positive
3a54877bb82c8855fb87,Logistic Regression,negative
0cac6d2a914c8331dccd,Logistic Regression,negative
281a6bd6ac7b56ae6cc4,Logistic Regression,negative
327adbb0b2d7b2ec5f57,Logistic Regression,negative
3f50e0b6b6dcd9dcabb2,Logistic Regression,negative
2b7f3223a6959607d26f,Logistic Regression,positive
08690a977781711a5dc2,Logistic Regression,negative
0d6925c613417ca3e0b9,Logistic Regression,positive
ea8a8a39c4a763fe0eab,Logistic Regression,negative
e76d4193e32ab37ed124,Logistic Regression,positive
abd881c9f881d2e133a0,Logistic Regression,positive
11728ee597738994e3ac,Logistic Regression,negative
a11a3f77496b028cdce0,Logistic Regression,positive
375e1006c21607aa9af0,Logistic Regression,positive
aea16df5a29901167a4a,Logistic Regression,positive
bb7135c020d245e1774c,Logistic Regression,positive
0c74ac3b166736099da0,Logistic Regression,negative
8dc74fd71709ec384929,Logistic Regression,negative
472b1e0b579f1c7c6058,Logistic Regression,positive
3428cb59c6aaa25b02e6,Logistic Regression,negative
ed0c32e1761e03d9d2ec,Logistic Regression,negative
2b969fc252a37fc78974,Logistic Regression,negative
f7739a748b2fdae25c7a,Logistic Regression,positive
83f800db6f622e690a2a,Logistic Regression,positive
ffcbad8b36c333bf7de6,Logistic Regression,negative
782b7dd5ef98ff25b7af,Logistic Regression,positive
5f15ba40bf5a308f933f,Logistic Regression,negative
3d2046fca69f9577a08d,Logistic Regression,positive
4359b957ccf998f7cabe,Logistic Regression,negative
c3bb7e4bb07a4a1469c7,Logistic Regression,positive
4eab5a20bc4066f005f5,Logistic Regression,negative
74a99046573fc2119734,Logistic Regression,positive
9734abb36e12a050c188,Logistic Regression,positive
6242c4ec69eaceb7c542,Logistic Regression,positive
636fe5f3bb1e64e82d96,Logistic Regression,positive
62a9ef66e1ff4c520620,Logistic Regression,negative
32fd9a70a9c0a9a1aed6,Logistic Regression,positive
bf6d25ec32b7b65b4428,Logistic Regression,negative
73c541f617b4e1e37c29,Logistic Regression,positive
19d22e8acc7c5b20b244,Logistic Regression,negative
e92297599579e20d7ba4,Logistic Regression,negative
38f3e9d6c98cca8121e2,Logistic Regression,negative
35f1bbd557e8dd92f7d3,Logistic Regression,negative
9638c9a73f30215440b3,Logistic Regression,negative
b9294bbb225b5ed8873c,Logistic Regression,positive
04e70bfdc637c10d0409,Logistic Regression,positive
efaa9ec5b0c1e837b204,Logistic Regression,negative
ee8e7c0c1268ea111f73,Logistic Regression,negative
8ca9beb11232a610fd26,Logistic Regression,positive
a8cdce19644b93e15e60,Logistic Regression,negative
486367613cb18ee247a3,Logistic Regression,negative
2862c7d7b6fdbe16df73,Logistic Regression,negative
82d494881d77fb5e3d88,Logistic Regression,positive
b2d08a93ceb3749595ad,Logistic Regression,negative
5b8103aab2a9d0bed0d0,Logistic Regression,negative
b2e845758016acb898c7,Logistic Regression,positive
f06e6ebd07d91f54f017,Logistic Regression,negative
572adf0cde3d2775ffed,Logistic Regression,positive
b4eeeb8bac6548d7f435,Logistic Regression,positive
f6d7bcf663f31c91b43a,Logistic Regression,negative
dab2167948b7d02b2438,Logistic Regression,negative
7510953884104aa9ff6c,Logistic Regression,negative
1b918efd268cb9cae2c0,Logistic Regression,positive
cbb8fa276ce751089971,Logistic Regression,negative
de51f554ca66f11c7d4d,Logistic Regression,positive
0a9e413bd779de05accd,Logistic Regression,positive
099f901020b90a0dba7b,Logistic Regression,positive
20faf3f34cc8a6a95796,Logistic Regression,negative
138a89293fadb93b346a,Logistic Regression,negative
8bed391089491836f5eb,Logistic Regression,negative
8abe57332430694dd008,Logistic Regression,negative
82697b41113517a467ee,Logistic Regression,positive
281af41f391c65d4d3ea,Logistic Regression,positive
45e182206a6f4e4ec6d4,Logistic Regression,negative
a95fe713521d37a5a6a6,Logistic Regression,negative
2780f349a370234a72d3,Logistic Regression,negative
6a3a969a966fb8bd2844,Logistic Regression,negative
6cc1ecf26c7c4a3faa55,Logistic Regression,negative
46dbb5079c9138b3933e,Logistic Regression,positive
b80b144dfbcc8d7c2a16,Logistic Regression,negative
5899a96e3784afe044bc,Logistic Regression,negative
a55723aa1030fef56852,Logistic Regression,negative
002b9baf13c59940981a,Logistic Regression,positive
4fe282f4500827284fd1,Logistic Regression,positive
c6d470c47f5dbda69447,Logistic Regression,positive
e3e836e4f1ec23013d93,Logistic Regression,negative
754b339edaceb45dcee9,Logistic Regression,positive
7162ac870c2c67de0382,Logistic Regression,positive
3ad0629273ee5fc0e8b7,Logistic Regression,positive
aaaa6fc63036769637be,Logistic Regression,negative
af758fc49f26d65232fd,Logistic Regression,negative
23be94d92af0c70350ee,Logistic Regression,negative
61fc8a08d14f7d044b00,Logistic Regression,positive
b96448468d01265983f3,Logistic Regression,positive
a32ad84e14b196ada7cb,Logistic Regression,negative
a9f65f99e2bd807da066,Logistic Regression,positive
7cc4b1858aa0ce93442d,Logistic Regression,positive
9066d2d784aade8b5531,Logistic Regression,negative
907b73ceda8324e00196,Logistic Regression,negative
b14196f94c903cb2b0b0,Logistic Regression,negative
39cf45f80adb93f7d97a,Logistic Regression,positive
398acf79c74d5ec7048b,Logistic Regression,negative
3588fdac806abc539a17,Logistic Regression,negative
d89ccb8a387e47a097ad,Logistic Regression,negative
a40449980c8a3a3cf46c,Logistic Regression,positive
86f158c46348622dabab,Logistic Regression,negative
03bfd880d0e0bc1a1596,Logistic Regression,negative
5380582d94fbc31e3a60,Logistic Regression,negative
95cb3df3b3d706097882,Logistic Regression,negative
9491a238fcdb9d472fc7,Logistic Regression,positive
fc2d759166855fa3af53,Logistic Regression,positive
a8066e4db19e15d4f66b,Logistic Regression,negative
4c636ab5a6465cdd1fed,Logistic Regression,negative
45ac0e3f49101c683c2f,Logistic Regression,positive
dadfe489e711079fcb2d,Logistic Regression,negative
c3e5af6ca722956c7c61,Logistic Regression,positive
90d9694565eb4559ae45,Logistic Regression,negative
8bb3d79fb70f88f7cfde,Logistic Regression,positive
3c4d8b96d355390a2886,Logistic Regression,positive
816e935f98c96aea9195,Logistic Regression,positive
d918e17dd18e7b71df13,Logistic Regression,negative
38910a67720125ae52b2,Logistic Regression,negative
5f5774e830e307c8207b,Logistic Regression,positive
3a4adb55fcdafad0318d,Logistic Regression,positive
628bdf73d28eaa1006bc,Logistic Regression,negative
e29368bf5cb886153fce,Logistic Regression,positive
6a66d36e7c450c45dc70,Logistic Regression,positive
215a906e3608881eee54,Logistic Regression,negative
cae8eb14d7ffb39dea5a,Logistic Regression,positive
00f7cda3c069b97d2d5a,Logistic Regression,negative
2bb37198f5ff2a036730,Logistic Regression,positive
6d3020992b4ec8628a9a,Logistic Regression,positive
b48605d8b49508fc396e,Logistic Regression,negative
099b7e9200d5d6a9e454,Logistic Regression,positive
a8018a8536e4d07272b1,Logistic Regression,negative
4fe61468995f8b32593e,Logistic Regression,negative
28f86ece013480538926,Logistic Regression,positive
fe03b4363a030725e11b,Logistic Regression,negative
f7c14de5ca8864c3854f,Logistic Regression,positive
20365d9f799866fc6e11,Logistic Regression,negative
3ecab720bc490c22106f,Logistic Regression,negative
dcd09e85fef8e2c8f99b,Logistic Regression,positive
f3bd21ca0e21f779487a,Logistic Regression,positive
d9678ff77f1b3a342061,Logistic Regression,positive
3cc486a4a42ea71b6584,Logistic Regression,positive
3aedd73f048e65da7a63,Logistic Regression,positive
1852f4fcd37316a6a6fe,Logistic Regression,negative
3b7dc373258a4d670e86,Logistic Regression,positive
b0c7bf5677e6cc55aef4,Logistic Regression,negative
429202914f141eaf2283,Logistic Regression,positive
242af8300b372eab6b8d,Logistic Regression,negative
8b93aa1845c1b4fecccd,Logistic Regression,negative
64ebcf0dd7d5aa1d6d33,Logistic Regression,negative
c5e6bcd29eb42058d03a,Logistic Regression,negative
5f259100c26fe8607faa,Logistic Regression,negative
225d6b16fcb5e1b3a2d2,Logistic Regression,negative
d3e46f067a809d6e843e,Logistic Regression,negative
24590ac2b523ec2e350a,Logistic Regression,negative
ad4246cf2acef5f9d274,Logistic Regression,negative
28590387536baa10909f,Logistic Regression,positive
8dd894f327b13ea560e7,Logistic Regression,negative
546ce714ce997cf96691,Logistic Regression,positive
5ba359ef80ae87bd88a4,Logistic Regression,negative
c29c6df547d4d0abeaf9,Logistic Regression,positive
2777322e2c7797c798a2,Logistic Regression,positive
6cb2128c298e5b1b0cd2,Logistic Regression,positive
8ba735a3c33c471b123e,Logistic Regression,negative
bbfb949cf060c6bf7ffd,Logistic Regression,positive
a861c89b3d6fa43ee338,Logistic Regression,positive
9b11fdd83e94c9b972dc,Logistic Regression,positive
c359dc4093feee9b44d2,Logistic Regression,negative
5b3b215f7e3483140102,Logistic Regression,positive
5895ddefcee3b6ad1d2b,Logistic Regression,positive
17ec034e0aae2ebc1423,Logistic Regression,positive
3b45f171c5d8a11e593b,Logistic Regression,positive
2e5e5d17e282f72c1523,Logistic Regression,positive
7b769a940fe162492755,Logistic Regression,positive
4e72343c226d34b6b950,Logistic Regression,positive
79fc6b071b28de41758b,Logistic Regression,positive
5e78d8abb94097715a7a,Logistic Regression,positive
0a10a3400eeb2c078ef5,Logistic Regression,negative
e2481b2986aa3e781b2b,Logistic Regression,positive
e759963345200cfeff0f,Logistic Regression,negative
104c4ac7cc5caf6b36bd,Logistic Regression,positive
4c5a10379bb445b0f9aa,Logistic Regression,negative
ae4fbd13bf8f8f4f3cbc,Logistic Regression,positive
43452346a2a692906897,Logistic Regression,negative
dc0751d2d2767e14844e,Logistic Regression,negative
ccc58928b5a54344854a,Logistic Regression,negative
3100cda6c29ef8af2e32,Logistic Regression,positive
c545b2d368b54c4c2b61,Logistic Regression,positive
c07ce03810a317525e20,Logistic Regression,positive
f6e6477a2b28ed21fb00,Logistic Regression,negative
90b4ed8eb231536334f5,Logistic Regression,positive
617faf43ca7f9d401c41,Logistic Regression,negative
eef2dc44682dee1a6fb9,Logistic Regression,positive
abf39c58d7071dfd5d1f,Logistic Regression,negative
7ccf2cd754ec0d742a57,Logistic Regression,negative
aa834f4f066b69de5368,Logistic Regression,negative
e8890df11846eb92b3a3,Logistic Regression,negative
746e635c2139bb0fa4ae,Logistic Regression,positive
f5027c6efb906ecb9ac5,Logistic Regression,negative
2a7b799bad6dc49af04b,Logistic Regression,positive
9767f0e1686803338955,Logistic Regression,positive
ae2317079418a105c308,Logistic Regression,positive
7f3427d53b8c14927e88,Logistic Regression,positive
badc3f1a3d2b0aae8420,Logistic Regression,positive
ee9a0d88aa28e08034e3,Logistic Regression,positive
1d98c03e8f3735d82bb2,Logistic Regression,positive
2bb5ce465a76ae2c3013,Logistic Regression,positive
58a864644f1ccc481e1e,Logistic Regression,negative
ef2a2f25a1a9e01b4aae,Logistic Regression,negative
8a941386e823f723814f,Logistic Regression,negative
7fc982ed51c22b86f58d,Logistic Regression,positive
aed5ba56ec936b3c6117,Logistic Regression,negative
d633b75193b4aa7db57b,Logistic Regression,positive
016d56dd57bf46bc3fe7,Logistic Regression,negative
77054acae1042aa97bf2,Logistic Regression,negative
45d63399ba0c11cf2746,Logistic Regression,positive
8f0ee51e4cb199478a2d,Logistic Regression,positive
644a723cbdac8d3f2307,Logistic Regression,negative
56b643566fc0c83a21db,Logistic Regression,negative
d59b862918d0814d5ad2,Logistic Regression,negative
bb75b0e7c87a2c0f923e,Logistic Regression,negative
e79541e04fb41f6e8ce5,Logistic Regression,positive
47b038c8323e2bc6703c,Logistic Regression,positive
369c82009943baa22487,Logistic Regression,negative
4ed1f3e0716eaa76d8a1,Logistic Regression,negative
3797323c8d73e724ae96,Logistic Regression,positive
2ae39cf2cfcfff960a81,Logistic Regression,negative
323f8468a3d8111f69fc,Logistic Regression,positive
4acb86711851999db39e,Logistic Regression,positive
8a03a264fff249b03a13,Logistic Regression,positive
72c77f78418b246ffe4b,Logistic Regression,positive
fda40a93105722c81400,Logistic Regression,negative
295d96109b33955d33b8,Logistic Regression,positive
0ae7dd16f28fd31147b8,Logistic Regression,negative
300913630fe40418c57a,Logistic Regression,negative
9a9f7cb75b78fecae75b,Logistic Regression,positive
4eeacf54f9b21987abcd,Logistic Regression,negative
aa5b2e7e95369b0a6909,Logistic Regression,positive
cba3618ef57a3202d62b,Logistic Regression,positive
cba013161b66a5cb5e04,Logistic Regression,negative
42df59bacf900e16847f,Logistic Regression,negative
650a0549501d4e96dfcd,Logistic Regression,negative
0da95ae776ce26d29ad1,Logistic Regression,negative
25895e0120a68c5fefd3,Logistic Regression,negative
8a60d9a666e9d73aa90a,Logistic Regression,negative
89c4c62e39f25cb1e3f4,Logistic Regression,negative
9a1e7f5461d6095b1e15,Logistic Regression,negative
db4e1f754038bebc4e81,Logistic Regression,positive
88dd622acddd5850f17e,Logistic Regression,positive
b247425278a0f7c9af31,Logistic Regression,negative
b2b54d8fc6e8b7308746,Logistic Regression,negative
08d26781fc3fbd2023f4,Logistic Regression,positive
7eb1fa201badeabe8cd9,Logistic Regression,negative
fdd0303bf3b2796c1980,Logistic Regression,negative
67108f7cb22bdf952289,Logistic Regression,positive
e55cacda149c1bdd143c,Logistic Regression,negative
e8be912095866f846478,Logistic Regression,negative
b6280fb8344e03c4caab,Logistic Regression,negative
4403dfa553c0290e9127,Logistic Regression,negative
db820d31a3fff6fad150,Logistic Regression,negative
3bdb6cb0d94595dfbab1,Logistic Regression,negative
7c48ff00dd2be4f15be3,Logistic Regression,negative
c8288e5f15a88bc0388e,Logistic Regression,positive
d218f73e1d6264ed1646,Logistic Regression,positive
ceed9546e6fee763aed2,Logistic Regression,positive
d496a491d7ac0ff72f00,Logistic Regression,positive
bd9f37cdc64b106146e7,Logistic Regression,positive
03d0caeb11771e26ca44,Logistic Regression,negative
aa8e0a933101e7f77d42,Logistic Regression,negative
e1e235d642e9ea153ff9,Logistic Regression,negative
235c0794d3c6de67b42c,Logistic Regression,negative
378fcbb75fde81bbc37d,Logistic Regression,positive
6befd02aa74329c9d403,Logistic Regression,negative
1ea3b5fc2bc414fc4d3a,Logistic Regression,positive
7d687c7dd7f05d5fb136,Logistic Regression,positive
5542c4ba023886cbf76e,Logistic Regression,negative
929212c113326d74d8a2,Logistic Regression,positive
97bb50c855565d0b4c87,Logistic Regression,negative
82187b4fa6c5994b744f,Logistic Regression,positive
57494c374ebb0fcd9d1c,Logistic Regression,positive
5f831df021319d92bbe6,Logistic Regression,negative
85083a4cfb315f953163,Logistic Regression,positive
4a4e6bae25028a1c1748,Logistic Regression,negative
2786c1eef9ce31b2522d,Logistic Regression,negative
617d8b7630c9040e9648,Logistic Regression,negative
0221420ee11f75211a17,Logistic Regression,positive
d808ca1a8bb216db92cd,Logistic Regression,positive
506132fc832e3784d2bd,Logistic Regression,negative
d717af9bb27ecd265e5e,Logistic Regression,positive
8f4bb23f39b28b335191,Logistic Regression,positive
bdd8379784ef0d29065b,Logistic Regression,negative
9f6f93e4192cbc3096ea,Logistic Regression,negative
69d650fe05e5c5b20101,Logistic Regression,positive
df0c14baced1ae667e29,Logistic Regression,positive
8d1138042df798488fd9,Logistic Regression,negative
4d52f7717526a26478e6,Logistic Regression,positive
57d471fee5726c89319d,Logistic Regression,positive
1572ee7b4d3778bb3c41,Logistic Regression,positive
458aa14f5b5ff3c2a1dd,Logistic Regression,positive
d139116ed9f534f4c3e1,Logistic Regression,positive
98bf280a8b26919e209c,Logistic Regression,negative
c88221c36204581c3a4f,Logistic Regression,positive
dabd4575ff7d8a3a9125,Logistic Regression,positive
9d2acdddb6fa58ea4288,Logistic Regression,negative
196805e92c6d2f25e580,Logistic Regression,negative
89f926ac94fcb6133348,Logistic Regression,positive
b261f65e60f4abfedefa,Logistic Regression,negative
a3acea7662dba72e5bd8,Logistic Regression,negative
691d28c7d3bc7f3a68e5,Logistic Regression,negative
12bc01d9d22772169d60,Logistic Regression,negative
ac2fd084d560e51ae981,Logistic Regression,negative
c0c27655a80456752078,Logistic Regression,positive
77537f46c842e0cfdac2,Logistic Regression,negative
a710111e54df416f670c,Logistic Regression,negative
5f05dc75625b227ef730,Logistic Regression,positive
e55706ba29a7ff416c52,Logistic Regression,positive
d062baa8d2c1a6aae43c,Logistic Regression,negative
a0ec687eda9434dbb72f,Logistic Regression,negative
3cc0f5d8d05fd4d60f26,Logistic Regression,negative
754b8e19c426b58c9b50,Logistic Regression,negative
5055bb9d64d62ce27b5d,Logistic Regression,negative
50b7ef2e0744f8f1ec0f,Logistic Regression,negative
a21277f8b8c74a0826bc,Logistic Regression,positive
ef4eb313717ca523bedf,Logistic Regression,negative
b7a49fcf06a5337c5cfe,Logistic Regression,negative
a6ac3a02b1e84348136f,Logistic Regression,negative
9d62c314840db2aeff83,Logistic Regression,negative
a4cfaacbccdb33c23157,Logistic Regression,negative
a7a72fc51ff03a77f7cf,Logistic Regression,negative
9337dee960e461eb7594,Logistic Regression,negative
c4b08dbb158a10fd3b17,Logistic Regression,negative
6d69eeba71afb4f0a709,Logistic Regression,negative
7660b307de26fec4a353,Logistic Regression,negative
ddbc07adb8ac62b8aa01,Logistic Regression,positive
557ddac1045ad7baa8e4,Logistic Regression,positive
5ad0e62b25e0087b4ffe,Logistic Regression,negative
01d3882993555d89db85,Logistic Regression,negative
f61c094eb147f9a74f98,Logistic Regression,negative
25598267d3b0361b544d,Logistic Regression,negative
5c93ee9c39c674a6d763,Logistic Regression,negative
cbf884b0b078638fdd57,Logistic Regression,positive
349de08a5ec461a2646c,Logistic Regression,positive
b29fb32ad003cb7afabd,Logistic Regression,positive
f93a429b6fc6107046fb,Logistic Regression,negative
9e523a931d3c7625f138,Logistic Regression,negative
343d584881f99959052d,Logistic Regression,positive
66f79730de987819ffa8,Logistic Regression,positive
7936b4f19ad72fa12d49,Logistic Regression,negative
d73c2c4eafcb72dc8ab1,Logistic Regression,positive
e9c6fd5c7ae158702698,Logistic Regression,negative
07ec232798f4ab18f701,Logistic Regression,positive
7aee07bb23b9b24ca080,Logistic Regression,positive
27953a6b21e7105aa562,Logistic Regression,negative
277d2d8cc7138be12976,Logistic Regression,negative
efda8011f0d0433d28f6,Logistic Regression,negative
caafd2fd0c97c6ca347d,Logistic Regression,positive
0dab549b750cbf366401,Logistic Regression,negative
514d8d95234510df59bd,Logistic Regression,negative
5c48893d1d0b15a43543,Logistic Regression,negative
a26c03f86f475aaacb32,Logistic Regression,negative
5c6eb84b1037697fba3f,Logistic Regression,positive
d5a5f80de95198fb3e30,Logistic Regression,negative
798103c77002efd80c1b,Logistic Regression,negative
ed08f2f16427810ac2e0,Logistic Regression,positive
188d3c153214ce7906bd,Logistic Regression,negative
6fa0001fc936689fb44f,Logistic Regression,negative
01c8c844ab05b211f948,Logistic Regression,negative
5bf0ea68c9d88719d1c7,Logistic Regression,negative
ebb76bf55f5c28f967da,Logistic Regression,negative
6c6a95ed76d9f3b00163,Logistic Regression,negative
26c44c0c9dc8343086a9,Logistic Regression,positive
43b8cc72b75559d32354,Logistic Regression,negative
03b8d444d4529dbf2373,Logistic Regression,negative
488b62f97d2b3c9c350b,Logistic Regression,negative
84c382719c6b8fb08baa,Logistic Regression,positive
c5276aabbafdb3ef1816,Logistic Regression,positive
12fd8c826f04b9068f33,Logistic Regression,positive
e6dacfaee866eba26090,Logistic Regression,positive
1585abb38000bec92509,Logistic Regression,positive
34c7b6fdc797ef461c3e,Logistic Regression,negative
273615104c6a2f2d625e,Logistic Regression,positive
4722d897db2bb5e39ec7,Logistic Regression,positive
ab7efd0c02bbe41b5c95,Logistic Regression,negative
67b846b25880a0f6fc45,Logistic Regression,negative
164a9174e7549c1b8674,Logistic Regression,negative
fe3fe5a1dbb9ac54e118,Logistic Regression,positive
2327b1f8a0b3332624f7,Logistic Regression,positive
3bde871fd4109c75c4c4,Logistic Regression,negative
43e464153da03532e708,Logistic Regression,negative
92fc5012abd2442649fb,Logistic Regression,positive
5c0cdcf84d2c04b38d9f,Logistic Regression,negative
2af08e27534715d97caa,Logistic Regression,negative
a2da6ebbb97acea31f75,Logistic Regression,positive
12ba4e0650ce340d9dff,Logistic Regression,negative
5ba03f8c3be60b0d925c,Logistic Regression,positive
e0e4dda510c9c9216efa,Logistic Regression,positive
aece475421d1e802c540,Logistic Regression,positive
5b954d4371693f04a949,Logistic Regression,negative
0238aaf27408ec998209,Logistic Regression,negative
445bee97db06d0f6c876,Logistic Regression,positive
b292f7173cd8378e2b6b,Logistic Regression,positive
74fabc899731f48c9279,Logistic Regression,positive
04a44f920c562c671e73,Logistic Regression,negative
f2e04b12ca9cc4b6140c,Logistic Regression,positive
d626dfd44fbe0629e26d,Logistic Regression,positive
46928a9297bb79de3631,Logistic Regression,negative
4ea96c07191ab3a38ddc,Logistic Regression,negative
bee9de3370ff3e8d0e86,Logistic Regression,negative
a0f4957f04778cd0f899,Logistic Regression,positive
16c4e7e6492c3563c771,Logistic Regression,negative
79b7bf31e198146a8d54,Logistic Regression,negative
284c0acc7b6f25e647f4,Logistic Regression,negative
c20cfda2a3d96ce5ecc4,Logistic Regression,negative
f608e209e33ab040053a,Logistic Regression,negative
39aa1a5af5de11f3536f,Logistic Regression,positive
a1b94fa3a90d03bdd679,Logistic Regression,positive
2aef467bf415185b1ea7,Logistic Regression,negative
8c9fa6564c96ecf25917,Logistic Regression,negative
04c07ec1b9c5bc471a9b,Logistic Regression,negative
e0617d8dd44dff5c9a67,Logistic Regression,positive
2beec7a4ca5e4d8700b6,Logistic Regression,negative
334b6fb5b0032faef382,Logistic Regression,positive
ea23f7e348e2099df429,Logistic Regression,negative
69e1c78b42ddf1bdb8f4,Logistic Regression,negative
a86d2be77881fcbf35ba,Logistic Regression,negative
986e9a4175461f0d83cd,Logistic Regression,positive
acffae134d35cc3cef7c,Logistic Regression,negative
d7d1ae591511bf895b80,Logistic Regression,positive
db5a7f82901446c60432,Logistic Regression,positive
65031dc64f5fc62c9ee2,Logistic Regression,positive
afe1b314722642795436,Logistic Regression,negative
062192597b656a1e55a1,Logistic Regression,negative
0f1717e7a3bcd84427d5,Logistic Regression,positive
bc135818cb26e1dbe15e,Logistic Regression,positive
94a17d2cbd76f076baae,Logistic Regression,negative
ecddcf3684f209888274,Logistic Regression,negative
d753b72d41da34413244,Logistic Regression,negative
569d1d124e495e5bbfda,Logistic Regression,negative
58894b6cacc30f926e1f,Logistic Regression,negative
3558512f6551b6ef35f3,Logistic Regression,negative
21e4652427addc889256,Logistic Regression,negative
98c58cec42ee230339b2,Logistic Regression,negative
cd999c47ee582c9124ad,Logistic Regression,positive
ceb3d45a316bfa5e210f,Logistic Regression,positive
dccf86cda0289cac7dff,Logistic Regression,positive
f1b422d324ba9273da48,Logistic Regression,negative
68c04ac0b63070ba7d59,Logistic Regression,positive
db0be59ed6f53adb3b31,Logistic Regression,positive
2c9326ce63606680e881,Logistic Regression,positive
97a6e34e9c41f405ed23,Logistic Regression,positive
22e723d506ffed6e023a,Logistic Regression,positive
a96a5e606e64b44ebe23,Logistic Regression,positive
a3ef15bfa2c7d5bd8fcf,Logistic Regression,positive
da05a951b21f958a2431,Logistic Regression,negative
e30da0370ed5405c65fe,Logistic Regression,negative
6a701a83a2d6aef138a2,Logistic Regression,positive
443c62991991f7b63d66,Logistic Regression,negative
a585966310dec22bbde3,Logistic Regression,negative
ae7ccdb2d370f98a7c1e,Logistic Regression,positive
32e0574ef115db9d1cdc,Logistic Regression,positive
f7dfb10a70420e5f322c,Logistic Regression,positive
aa01bfe93ba83f0f879c,Logistic Regression,positive
2ffd4555e2bbe8455342,Logistic Regression,positive
fdc427b89824c1179aab,Logistic Regression,positive
baf3491c4a3a418cd0d2,Logistic Regression,negative
c104b121f87eabebc830,Logistic Regression,positive
19117def3dfb6acd44c4,Logistic Regression,negative
38186495165b77733164,Logistic Regression,negative
2000dd162355a6766289,Logistic Regression,negative
e36864e9f0a9b4ae5682,Logistic Regression,negative
10a43d441b2b1750efb0,Logistic Regression,negative
6be6e9955f8a344eab4c,Logistic Regression,positive
f73f4d509be9037ff7ed,Logistic Regression,positive
1bb871b2f6c3fccbe1fd,Logistic Regression,negative
f00aa6e9c6a00d7c93ed,Logistic Regression,negative
47c0542b3777da55fc46,Logistic Regression,negative
5bdb2c6e677663a4e8ff,Logistic Regression,positive
8fe006542889bc49d074,Logistic Regression,positive
628f11bb0e9dd37f6a61,Logistic Regression,positive
bd508b9530659a30a0dc,Logistic Regression,negative
4917eacb17a4cec5eebd,Logistic Regression,positive
9b8bcf18c087601e0368,Logistic Regression,negative
7075c7102893659ea856,Logistic Regression,negative
66713a4f5f69c1987538,Logistic Regression,positive
78ddf5283b9e321a0d89,Logistic Regression,positive
4d683bfe3761bb63bed2,Logistic Regression,positive
bc3a6c6bc0105b0846af,Logistic Regression,negative
74be83c1bcee015fc284,Logistic Regression,negative
d77ef24d712b13e3edf5,Logistic Regression,positive
1d86f6ab61b3074bb38f,Logistic Regression,positive
7bab57976395fbb36ce4,Logistic Regression,positive
973c6b0f15f688ca8e65,Logistic Regression,negative
d47370dcc4948e923077,Logistic Regression,negative
759cc97c252ba426cf2d,Logistic Regression,negative
6dfe955d192bd45f3252,Logistic Regression,negative
7703d14893385e576a5b,Logistic Regression,negative
0ae594f376c30dfaaa45,Logistic Regression,negative
3c196ea65d083eff1006,Logistic Regression,negative
c4c6a704316577cc9431,Logistic Regression,positive
3347083a15365ccf1a15,Logistic Regression,positive
36a9e0c23bf1c40d75ab,Logistic Regression,negative
90be7ca57e076735b9df,Logistic Regression,positive
eed6e35286f95ce7e0e2,Logistic Regression,positive
33264495703702a0f98f,Logistic Regression,positive
79711cc1f5a6ffb632b6,Logistic Regression,positive
36768d1c3d2ea5083326,Logistic Regression,negative
09e8a566eecab022405d,Logistic Regression,negative
6e64f36313d9fa5023e6,Logistic Regression,positive
f577ea31f0d397a569a5,Logistic Regression,positive
49d998fd70ba8a1ba714,Logistic Regression,positive
296f665548b64e2942d9,Logistic Regression,positive
87f965487aa47b864eed,Logistic Regression,negative
f1461fc923c8a59887e1,Logistic Regression,positive
eae45d297cd5d192d734,Logistic Regression,negative
a0ed7eff57e1ee771067,Logistic Regression,negative
7b44116c41ba6ce75805,Logistic Regression,positive
acb7f35fc38c2e6bfe72,Logistic Regression,positive
ffc55defff5f06de79b0,Logistic Regression,negative
83c1e62018c501719936,Logistic Regression,negative
01c35d6c4ef53e89fe35,Logistic Regression,negative
fcd7fa4087038de9a9de,Logistic Regression,positive
eb92ec2deee2c6af3f32,Logistic Regression,positive
52248fee8ca157b687b0,Logistic Regression,negative
c270ef06c85107beb766,Logistic Regression,negative
22a56bbe7b160b663b02,Logistic Regression,positive
acf5f9a392e1ca522279,Logistic Regression,positive
b48b03b085a961941d88,Logistic Regression,positive
efadb3207ac01f132f45,Logistic Regression,negative
dc37b9728e03e349d717,Logistic Regression,positive
1e8779393ee69934b625,Logistic Regression,negative
f11b602fb1c5ca69c3b7,Logistic Regression,negative
ce6fb43294e9069130e3,Logistic Regression,negative
1a9000c5bcf90194fccd,Logistic Regression,positive
217f5da3db190d598e1b,Logistic Regression,negative
43894b0ae4c68aefe416,Logistic Regression,positive
f10c4db62ba4121319d5,Logistic Regression,positive
83961403757d93b1f0a5,Logistic Regression,negative
3389022d908024ab3849,Logistic Regression,negative
8c7412ae3ef25df92e3d,Logistic Regression,negative
c4f6490e13834dffc8ca,Logistic Regression,positive
849a2ddef9802847607e,Logistic Regression,positive
ec5fa628025341bf6b1e,Logistic Regression,positive
dec3dac7b27ba059f708,Logistic Regression,positive
595b93471a7101586a95,Logistic Regression,positive
14102dc36fe40b599f44,Logistic Regression,negative
a8e8e2016ece693ac062,Logistic Regression,positive
ce20cdfc078699964a9a,Logistic Regression,negative
3d3156cd08b2e2c21e48,Logistic Regression,positive
721094cee2e335462930,Logistic Regression,negative
c7c3fea73f84cfeea64b,Logistic Regression,negative
a0fe43b0591fe6c54459,Logistic Regression,positive
c81710a2d8da9b4c3871,Logistic Regression,positive
4731238720c7f02cfd0d,Logistic Regression,positive
2b9f597eb763abd282f5,Logistic Regression,positive
98a85e93f47e5bd269b0,Logistic Regression,negative
22f4ff325041262f9ed2,Logistic Regression,negative
5135fc45a3cfc3e5e598,Logistic Regression,negative
fb46e77c0c2bbafcd2f7,Logistic Regression,negative
404f74c03d9876edf60c,Logistic Regression,positive
847c5b23e35c937ec9b2,Logistic Regression,negative
d85128083d829f54df3e,Logistic Regression,negative
98089d24308924afcfe3,Logistic Regression,negative
e273a9694a95ebe542ce,Logistic Regression,positive
2049342ebf75e8f166e3,Logistic Regression,positive
51e33c7b551f3ece79fb,Logistic Regression,negative
86f8aa16f0764f84463a,Logistic Regression,positive
496522e8c8f8d46d76f2,Logistic Regression,negative
f2fcc6e63b31e75b361b,Logistic Regression,negative
440a80c9e754fdce0105,Logistic Regression,negative
63c6b782814afaab596d,Logistic Regression,negative
7d19e08ab1fcb0f4655e,Logistic Regression,positive
935e42cd899cc3363740,Logistic Regression,negative
769fddad123d659a4718,Logistic Regression,negative
f3b30f7d328fd8db29e2,Logistic Regression,positive
b36bf14bb3bc8b663ae6,Logistic Regression,positive
893f36baff0fc2ffc68c,Logistic Regression,negative
35dd4c5315e92352ec9c,Logistic Regression,negative
6fa3a2286eb02b181b4d,Logistic Regression,negative
b262037483a23d9e2ca3,Logistic Regression,positive
7d97ecd644a4e2174c1b,Logistic Regression,negative
7e63f3337dae43cc4aa9,Logistic Regression,positive
ade20e178aff8a148d67,Logistic Regression,negative
74197f7b901ec2093597,Logistic Regression,negative
7cb9563afd58e4258138,Logistic Regression,negative
7781f446f51de18361a8,Logistic Regression,positive
5f31b9afa28bab76bea4,Logistic Regression,negative
10db5a37106c907113fb,Logistic Regression,positive
bb24faf6412099856dbd,Logistic Regression,positive
4935de8a6288b0932277,Logistic Regression,positive
35034ab8247cdd579010,Logistic Regression,positive
a3648a87169b5456ef8f,Logistic Regression,negative
699ff9196c6a45f93bed,Logistic Regression,positive
3e4be229841ecb6cc0a3,Logistic Regression,negative
4ec9e576fce0645b33e2,Logistic Regression,positive
06c61c4d6aa1a6cf5fe5,Logistic Regression,positive
df95f4da94b280acc7a4,Logistic Regression,positive
8be4c1fdaac2c45c132a,Logistic Regression,positive
8772d171f456ee34a9ce,Logistic Regression,negative
9f8554aa5c10f19aebd5,Logistic Regression,positive
929a624e3ded9104492f,Logistic Regression,negative
041b231baf3b720514da,Logistic Regression,positive
a8ea0a78861cac6fe5ce,Logistic Regression,negative
8cef927a52b223e3eb76,Logistic Regression,positive
d7375384fd3b86cf56e7,Logistic Regression,positive
776ea83be72bec72bb5f,Logistic Regression,negative
8682a0850f7b33d4d2a4,Logistic Regression,positive
02865d2da25e776015e1,Logistic Regression,negative
f164c405e2e256c29f71,Logistic Regression,positive
4e911e273e2e912b6a34,Logistic Regression,positive
0cd231fffc338a8f1c10,Logistic Regression,negative
5443a898ff5ad9e56b00,Logistic Regression,negative
f406265214ffe660c78b,Logistic Regression,negative
d7568acf7d83e1348c52,Logistic Regression,positive
f4c2ec7f5de06df43e7b,Logistic Regression,positive
00e3161f70ada759481a,Logistic Regression,negative
b2a995201278414a87b0,Logistic Regression,positive
7337ba18e0a95ebe9edc,Logistic Regression,positive
fc7341148f672827a7a0,Logistic Regression,positive
725ede8a95c2e277bd58,Logistic Regression,positive
63cd54f325c4164cd5e1,Logistic Regression,negative
5f34adf7cffee52f5550,Logistic Regression,positive
7e06475b68c74eed6cba,Logistic Regression,negative
fc2876ba38c5408a9184,Logistic Regression,positive
c3503bf2f1cf263a099c,Logistic Regression,positive
2f1be1be32a86a947b82,Logistic Regression,negative
70690f8d95017265530a,Logistic Regression,positive
def72ad213155fe97f48,Logistic Regression,negative
13aef4879fc961581785,Logistic Regression,negative
62dde8d2f4f7ee4798ee,Logistic Regression,negative
8517d11eaefc8ad635ee,Logistic Regression,negative
863d092f3311f4fcd310,Logistic Regression,negative
8456b37ac05bbab37e06,Logistic Regression,positive
6c467994902bd4e74277,Logistic Regression,negative
7359443fe91e4ded66e9,Logistic Regression,positive
7e4a5e2d9cae52d2ad84,Logistic Regression,negative
08952f967d059122970f,Logistic Regression,negative
cd073659e591e2bd2947,Logistic Regression,negative
14e6b080b49442179f93,Logistic Regression,positive
c2d7c784906a947e5c50,Logistic Regression,negative
40d532dd7794fddcb840,Logistic Regression,negative
8a85e4386214795215e5,Logistic Regression,negative
4ed2629198f9a3122016,Logistic Regression,negative
22a3846b62103667d3d6,Logistic Regression,negative
2cb2ed927afa76a94d31,Logistic Regression,negative
af1433a2c70b2d70cf87,Logistic Regression,positive
58cf841a2531d6b29d66,Logistic Regression,negative
73888848c88b9a9cc846,Logistic Regression,negative
e0c62c010af95bbe2f71,Logistic Regression,positive
c5aa91e982b4aff0f2d1,Logistic Regression,positive
90f4c5b1f09cc6ca481e,Logistic Regression,positive
0736d74aec3451062f55,Logistic Regression,negative
143ce8b3eb89bd5210b7,Logistic Regression,negative
a7dc370a3a22bbdf20d2,Logistic Regression,positive
f2e20982e423b2349df2,Logistic Regression,negative
6ea3aa2e0d549700b14d,Logistic Regression,positive
e84b93ff89f8bf23d4aa,Logistic Regression,negative
bb0504aaf2e759d25ff2,Logistic Regression,negative
701ba194b7167279521c,Logistic Regression,positive
62b0ed2b08356ce0ff5a,Logistic Regression,negative
67c613afd0b77f11ad79,Logistic Regression,negative
efd8ec7add7b8d2c9bdf,Logistic Regression,positive
49746d39d4c26001accc,Logistic Regression,negative
69ee77f08c6a0af373ed,Logistic Regression,negative
5429d90489e66c8e31c4,Logistic Regression,positive
0a8c532fd545acc1ff9b,Logistic Regression,negative
5fea6835472d1b0c6c54,Logistic Regression,negative
463c9a9b220ead3da828,Logistic Regression,positive
95b59f8e1b397abdbe37,Logistic Regression,negative
a59ee4cae34f50c7a9f8,Logistic Regression,positive
f90fb163a7d300ca28e0,Logistic Regression,positive
868d2c1a9b800e912517,Logistic Regression,negative
ddf5802a29fa39f4bbf7,Logistic Regression,positive
593451e503e27c6b243b,Logistic Regression,negative
a5e1ded0e09cc132470c,Logistic Regression,negative
b5fa57c4a18a22dd0863,Logistic Regression,negative
4658892d26b4e49b699c,Logistic Regression,negative
6e9d56cf5343a1997041,Logistic Regression,negative
1b5c08cbba203ceba047,Logistic Regression,positive
5df6ecb254744d7dffa2,Logistic Regression,negative
b92428698d6a87deead2,Logistic Regression,positive
bf85115a4610c8a75ecf,Logistic Regression,positive
59875a9812a1487e0e78,Logistic Regression,positive
c071ccf184a25d8e3d34,Logistic Regression,positive
f79a5f49a1ce425b3b6d,Logistic Regression,negative
1a234c5e7cc12d0026dc,Logistic Regression,negative
97c69d81c85208c92911,Logistic Regression,positive
97fbc377f936206cb416,Logistic Regression,positive
2626b1668563054b1175,Logistic Regression,positive
dff5fd98fc123a36afcd,Logistic Regression,positive
ec8aed33fcd34e92d136,Logistic Regression,negative
2f8c3c5288fbd45c0555,Logistic Regression,positive
4cf6d43d08da1017b43a,Logistic Regression,negative
81b94b294bddfb3309e7,Logistic Regression,positive
7d34396b789f3641c21c,Logistic Regression,positive
5886bafedd405d6247d3,Logistic Regression,positive
9431924815d4b639428c,Logistic Regression,negative
379243a3f98c5ccc2c15,Logistic Regression,negative
b4009c55a74806013ca1,Logistic Regression,positive
25413826c007e9f68d8a,Logistic Regression,negative
9f7ec15f12b7b2e3f639,Logistic Regression,negative
c17759ca5c0bd9b6971a,Logistic Regression,positive
824692d85e47fa57b219,Logistic Regression,positive
976c12b0f4eb8323594e,Logistic Regression,positive
bb5575e92e9a423c0d9f,Logistic Regression,negative
a994d71c7b378f1763a4,Logistic Regression,positive
da7523f6f79fa8d7b43c,Logistic Regression,positive
d6974dc077cb8a70b5be,Logistic Regression,positive
587a0c645f4aa7590a5d,Logistic Regression,negative
8988b191a8c0caf102b5,Logistic Regression,positive
ae1ad508e2c8991aeeda,Logistic Regression,negative
438d495d65efa14169fd,Logistic Regression,negative
bca62129779a4a068a54,Logistic Regression,negative
3551565f2c7b4c7de82a,Logistic Regression,negative
91cfcc06c5c118b74ff1,Logistic Regression,positive
239be2aee3c9209d6d62,Logistic Regression,positive
7344f6652d0615c5390c,Logistic Regression,negative
ce8ed95e6fb2f2678b61,Logistic Regression,positive
f3155651f725335f37bb,Logistic Regression,positive
5b0ab0b260a0d8854cae,Logistic Regression,positive
b92d3e691f811e64000c,Logistic Regression,negative
7c0a1ff4ab5f9e3d4821,Logistic Regression,positive
f649ca3f9bdba3947e89,Logistic Regression,negative
b8357ba76bb85bf933d9,Logistic Regression,negative
91bd06f85b557322ca5b,Logistic Regression,negative
a8dd75a71114e5d38781,Logistic Regression,negative
a93163854c954b0d5644,Logistic Regression,negative
0e48e5fda7ea1939bfed,Logistic Regression,negative
6287cd00e68380d1b21b,Logistic Regression,negative
47292f31ce722a98dffd,Logistic Regression,negative
71f2ebfbe498b1731ef7,Logistic Regression,positive
7178fc0fb49200499356,Logistic Regression,negative
847449fc76e5a99cbe35,Logistic Regression,negative
8b3a570c070499666517,Logistic Regression,positive
7d32b64955943c23ecb8,Logistic Regression,negative
0c324395d8580bc708a2,Logistic Regression,positive
ad19d3f828ed768f84a1,Logistic Regression,negative
441e0b465bd285ea01d9,Logistic Regression,positive
05e8dbf72dce4cdfc5b8,Logistic Regression,negative
da8e0f10e87dd271545b,Logistic Regression,negative
6b1cc7e3614132cc9e32,Logistic Regression,negative
5a2d165578bd1378a84f,Logistic Regression,negative
9aeb013b6baf6f89d81c,Logistic Regression,positive
f368e8602eb2ced6e07e,Logistic Regression,negative
70281d123cf88d935ad4,Logistic Regression,negative
6955ed3e2a71a36e3dbd,Logistic Regression,positive
51b666886f4a06741b34,Logistic Regression,negative
725c52a61fff186493c8,Logistic Regression,negative
d6f2f4b9d8025a90ac26,Logistic Regression,positive
1eec3eb65696bb208b7a,Logistic Regression,negative
bc00c0ca2323b5e9770e,Logistic Regression,negative
527e3a9ea0bd73da8d84,Logistic Regression,negative
7a992a511f7878aba043,Logistic Regression,negative
4f2d78401d30709d5dab,Logistic Regression,positive
08c9a53d87638768ea5a,Logistic Regression,positive
9541e95647f51cd96176,Logistic Regression,positive
614991d8b4d88c85aec4,Logistic Regression,negative
5f0c34fe41d6aaadae22,Logistic Regression,positive
9736f5837d8b7367cf68,Logistic Regression,negative
12036924ab8ffc182107,Logistic Regression,positive
88c00534efc305eff143,Logistic Regression,positive
d3b4a14ee5d384c66ca9,Logistic Regression,positive
cc1d093f108e22670b92,Logistic Regression,negative
b9bddbca96f4b5d40649,Logistic Regression,negative
0642a6ea9cf31138ae69,Logistic Regression,negative
b6aed8cc81604db58eab,Logistic Regression,negative
280ef18b68b36e7f753c,Logistic Regression,negative
9a4e042f47e92b9edfe9,Logistic Regression,negative
ebe0eafe6a7d735d084b,Logistic Regression,negative
9493b8f66649a2da785e,Logistic Regression,negative
7a0e1541fb9239789c6a,Logistic Regression,positive
70f2cecb258fb1894297,Logistic Regression,negative
6403852871633c1c0d2e,Logistic Regression,positive
14ef3844b6575db21387,Logistic Regression,negative
9bea0860c901ded81805,Logistic Regression,positive
83cf83a6969267a2ff0d,Logistic Regression,negative
0c74cf6af29ea81fd86d,Logistic Regression,negative
e6885c738a4c873ccae9,Logistic Regression,negative
70f475e9a178d5689c75,Logistic Regression,negative
c6367a2a52739a371d39,Logistic Regression,positive
c140929913ef245c6a44,Logistic Regression,positive
5773b59f5052fa5e0d17,Logistic Regression,positive
5caf649604e48eeaf141,Logistic Regression,positive
a502a7a0c41ca3671b46,Logistic Regression,positive
0dc28afd96e4189f3222,Logistic Regression,positive
756521dee352d059f48b,Logistic Regression,positive
107b8113ef84b4ff7e66,Logistic Regression,positive
8cdda7a1bb20c93e8afc,Logistic Regression,negative
7399b691dfa6bc8a9a8a,Logistic Regression,positive
201beab9c84a6f11e1e9,Logistic Regression,negative
666aa83c6e0d5a436d4d,Logistic Regression,negative
445e9dc7876bb482a184,Logistic Regression,positive
e189664190a5df6919ef,Logistic Regression,positive
0a5d89b3d611dfc4b0c2,Logistic Regression,negative
bb72781456737f8b6a98,Logistic Regression,positive
62bab1aa04241d832876,Logistic Regression,negative
97c012d4a4633efe88e3,Logistic Regression,negative
694359fcaad91d1b1016,Logistic Regression,positive
7cfe834c6ec7f10b17c8,Logistic Regression,negative
39c3e6b61d76a42474f9,Logistic Regression,positive
0c83f761ceb9c385f2ec,Logistic Regression,positive
ed5541c7db162fad93b4,Logistic Regression,negative
ac78b7a06eee61dfefb4,Logistic Regression,negative
cd18b98c2f135f7213a5,Logistic Regression,positive
9326bf79a46c16a91949,Logistic Regression,negative
07912bb5bb2c6a8694dc,Logistic Regression,negative
187f42220a324e44bae6,Logistic Regression,negative
b1acc432c22b40a48807,Logistic Regression,positive
33b26e8e0ca4d0ce1322,Logistic Regression,negative
33e254d2e37974e27dc4,Logistic Regression,positive
44d2dc0952fb9f2431bf,Logistic Regression,negative
8046c08a5710c233efd2,Logistic Regression,negative
69f831705950e8fd09c6,Logistic Regression,positive
6f822662be352e0a11f1,Logistic Regression,negative
a18573e58770ac0d5042,Logistic Regression,positive
2173c1326a300c812123,Logistic Regression,negative
8a4534665084b1be3558,Logistic Regression,negative
aec0415d033b7256e346,Logistic Regression,positive
b346b07ef085d92fd309,Logistic Regression,positive
ba4acd4365cb790c3926,Logistic Regression,negative
05a18eb7971fc5d7b0cb,Logistic Regression,negative
0031bc9509b554779457,Logistic Regression,negative
0a02599554a80948e16c,Logistic Regression,negative
03d9f8b220a70117c465,Logistic Regression,negative
6e67aff7689978aa33e3,Logistic Regression,positive
2e8642acd342f2b42b4e,Logistic Regression,positive
c71930bcc9f93b3541d7,Logistic Regression,negative
a35051ddfe7c584442fc,Logistic Regression,positive
2a638c67704cf3d734cc,Logistic Regression,positive
32c50945a99ead952031,Logistic Regression,negative
ea7bac941a5dde772ec8,Logistic Regression,positive
e78badc9dad6d04f9081,Logistic Regression,negative
e3f9524024180e5722ae,Logistic Regression,positive
eff2c6a3d3e3f8edca0c,Logistic Regression,negative
6901c3a1468f06309cae,Logistic Regression,positive
d14bc1fb4c4eaecde5a7,Logistic Regression,negative
1ed0505426dbeab39d5f,Logistic Regression,negative
a270c185a0200eec190b,Logistic Regression,negative
dd07821298aef38ec699,Logistic Regression,negative
bde42695e567b423b737,Logistic Regression,positive
4af7591aee59161d6d04,Logistic Regression,positive
e8b1c011fea889727853,Logistic Regression,positive
83a577b6618da9c550ff,Logistic Regression,negative
523e4c09e5f98153cda7,Logistic Regression,negative
daefd3d457d78e2d5a19,Logistic Regression,negative
64939810cb31d54b1d88,Logistic Regression,positive
c2121ac2cf4c41714a55,Logistic Regression,negative
df840943aa6a48ed964d,Logistic Regression,positive
001dec04d5344057472b,Logistic Regression,negative
527177e6a9d25e8b828a,Logistic Regression,negative
d0819075c6ccc88d7680,Logistic Regression,negative
6d1797a07c98c2f99673,Logistic Regression,negative
718d416cc7541e04badd,Logistic Regression,positive
ef9b41a0b0db8f936a2d,Logistic Regression,negative
c07f5a18be1bdeebe5e2,Logistic Regression,negative
836590b7dbddfb3b80fb,Logistic Regression,positive
c2ba8269b7287a7ca24f,Logistic Regression,positive
6f5c962c01d4a9383b82,Logistic Regression,negative
2712cf46ec6b830eb20d,Logistic Regression,negative
68f1886aa4a39f03a02b,Logistic Regression,negative
8735f4ffea525bfeaca5,Logistic Regression,negative
669db0b35feb13156410,Logistic Regression,positive
41b9bb62c6948cf8d165,Logistic Regression,negative
57ad865f0938bdb3916f,Logistic Regression,positive
c8340359aa8c530eae05,Logistic Regression,negative
c1e31a5e06e5e433df26,Logistic Regression,positive
24a021d4c5f44655b14a,Logistic Regression,negative
7b23ad5f7fc5eac17b20,Logistic Regression,positive
f81893b27af9f8eb0125,Logistic Regression,positive
bfe9e4528857deddee29,Logistic Regression,negative
02830c0929168706ec00,Logistic Regression,negative
ab2bad4366e3b9d8c2e2,Logistic Regression,positive
95c778a9f7611252235c,Logistic Regression,negative
d274080ab2e876142412,Logistic Regression,negative
8161ca59908f7a3f72cb,Logistic Regression,negative
d8e28bfea884d1ce16a1,Logistic Regression,positive
4942fe50a7247d058011,Logistic Regression,negative
53210ba658420d44a854,Logistic Regression,negative
018004ecff413fd81464,Logistic Regression,positive
1923c98067b6bad9c79a,Logistic Regression,positive
f475342ad0df14f24d3c,Logistic Regression,negative
eedaf52b10a70147e23d,Logistic Regression,positive
549dea34e6e20fdb883c,Logistic Regression,positive
d93217b58017abb1b9af,Logistic Regression,negative
f073760b114192c3d370,Logistic Regression,negative
d0a47a4a856aa2154c23,Logistic Regression,negative
220a356e33bea05145ae,Logistic Regression,positive
c38294f3aa6198e299eb,Logistic Regression,positive
c2e97a12d517f73c02d9,Logistic Regression,positive
0fd21d8ce882b35c1343,Logistic Regression,negative
e2d3d6f62740b8983293,Logistic Regression,negative
272ee76b01c18fe1956b,Logistic Regression,positive
0af1bde094543cdfa62b,Logistic Regression,negative
cc5add490d3eb5354d3e,Logistic Regression,positive
8fbe1a88ecc19fd00e90,Logistic Regression,negative
47e36fbf30c8752398c1,Logistic Regression,positive
3a7ff3edde202388d637,Logistic Regression,positive
7a0955c0ba846fc6ee37,Logistic Regression,negative
63e8484e3598d0ee4150,Logistic Regression,negative
43796d88a05035114e15,Logistic Regression,negative
6aadc2e804f0c22e3ff6,Logistic Regression,negative
fdadcd3216482f26231a,Logistic Regression,positive
60658a4eb1f8089de38e,Logistic Regression,positive
4e5571c65885af907cdf,Logistic Regression,positive
86e673e68a68907f8c27,Logistic Regression,positive
c575a7643581017b130f,Logistic Regression,negative
b97f33ad70f1c4c070a7,Logistic Regression,negative
4f1e5332a25cc0c9d484,Logistic Regression,positive
540a03ef7b5f90b9b0ca,Logistic Regression,negative
7abef97e22123616f371,Logistic Regression,negative
abae445d7c76b818c693,Logistic Regression,negative
cc5a90c64614b2e4b11d,Logistic Regression,negative
b27717eecdb23e0e6de5,Logistic Regression,negative
dfac978bd6da1ddc52a0,Logistic Regression,negative
5bcdde837f09337911fb,Logistic Regression,negative
efa607c7da1818ba96ec,Logistic Regression,negative
b8afb126e7790b9a09c0,Logistic Regression,negative
2dbbf03423773a4e01d4,Logistic Regression,negative
008e8af8c552bedf48f6,Logistic Regression,positive
1c4ba5ab192bc41846fc,Logistic Regression,negative
927ffdeb2ba3e215c717,Logistic Regression,negative
9651d153f573b7391ccc,Logistic Regression,negative
6c8c1e44f7c1eee3d1aa,Logistic Regression,positive
e8a44c747537d9d85ac2,Logistic Regression,positive
800ddf510e2c6ec2da86,Logistic Regression,positive
b4c44fdfcba28dd098fa,Logistic Regression,negative
683033151859637d7fb3,Logistic Regression,negative
393e16521bbefc3e81a8,Logistic Regression,negative
52a4d962263e3424be70,Logistic Regression,negative
97f66331aafe1d2713cc,Logistic Regression,positive
ac14dde1ecfc3c433f04,Logistic Regression,negative
e9cd66a7a62c6954a6be,Logistic Regression,negative
f412e2d08be4a4b79210,Logistic Regression,negative
ed4d461b5f6f30552393,Logistic Regression,negative
d8c2d1bb943ef5505536,Logistic Regression,negative
558980cbb7171c0c5895,Logistic Regression,positive
86c925aa0ba7185db74e,Logistic Regression,positive
d32d7f0df5885d715f57,Logistic Regression,positive
867abb70f6403f5fca5a,Logistic Regression,positive
592665c0ee192dd39e7f,Logistic Regression,positive
69f33137647fd067c628,Logistic Regression,negative
9ff16cca435c606753a4,Logistic Regression,negative
faad6d35b22035cfa57b,Logistic Regression,positive
2ee478237ee31efcbeb1,Logistic Regression,negative
216f98372f896988412a,Logistic Regression,positive
2c116073899fb1c0c1bc,Logistic Regression,positive
2ff7b95e44ace8b5f17f,Logistic Regression,negative
e75b9110d6f3a54e18f0,Logistic Regression,negative
7a473752f73cb5e09cb3,Logistic Regression,negative
36861adb6d207cc03aea,Logistic Regression,positive
16695019fdf636a78f16,Logistic Regression,negative
2a9c3274095010261daf,Logistic Regression,positive
c26286a01405f41e7285,Logistic Regression,positive
044cccfed17c88333ba1,Logistic Regression,negative
6ff81b4297c20830e586,Logistic Regression,negative
fa5a94ee4de9c97f5c32,Logistic Regression,negative
41c5c701e3f4e0844fec,Logistic Regression,negative
d49bf44ee837555177ef,Logistic Regression,positive
d7896f0164ae43b54258,Logistic Regression,positive
1f800cd79d91a67fd1db,Logistic Regression,negative
fcc54ce121b638c3db95,Logistic Regression,positive
a613abac66e7d49a5039,Logistic Regression,positive
2df4d60fa98a8de7fe83,Logistic Regression,negative
824e02ccbc5831d0d9c5,Logistic Regression,positive
49fb558b1ebae119d379,Logistic Regression,negative
3a4f9f0d701ede21efbd,Logistic Regression,positive
169d5498c2cf3fb30667,Logistic Regression,positive
07ec3d83da58dbb20970,Logistic Regression,negative
b18adb4b0e5d60b59861,Logistic Regression,negative
3e82f4d35e0f5add7c91,Logistic Regression,positive
417792a8f5e9e554f7b3,Logistic Regression,negative
c32e1feb28e3d695dc3b,Logistic Regression,negative
6d7adc5eac4da8939943,Logistic Regression,positive
a256f897bfb51022a59e,Logistic Regression,positive
5c6ee08f85383c2abbd5,Logistic Regression,positive
2898f0a7b3440cd03e02,Logistic Regression,negative
caf7c5f4455075dd4dda,Logistic Regression,positive
b9d074aee8b622367476,Logistic Regression,negative
7e38d02a357cee3f06d2,Logistic Regression,negative
1aa5ab6b1e5fea3e9b3c,Logistic Regression,negative
d009ec89eef25a7906d1,Logistic Regression,positive
bbb6ebab60faca06ad48,Logistic Regression,negative
7642abbf04d3369ccca1,Logistic Regression,positive
14a4ee8762ee4dd63fd0,Logistic Regression,negative
856e7a57a5bba2de5b91,Logistic Regression,negative
abfc96314b5b9583a8bc,Logistic Regression,negative
019b9d33a949283dc02c,Logistic Regression,negative
aee1fe964de287fabebb,Logistic Regression,negative
0d3915fa1499ce7bba85,Logistic Regression,positive
581b49072b65d1d4d89f,Logistic Regression,positive
9842cb08fd76e0f704d2,Logistic Regression,negative
6b6484d0ea34b47ca603,Logistic Regression,negative
24c39b10ed17db89523f,Logistic Regression,positive
58f7134edf359f063a41,Logistic Regression,positive
c4312272d7d3783dfb6b,Logistic Regression,negative
323c0f7a684b97ea54ec,Logistic Regression,negative
450739e1dff0c447dae2,Logistic Regression,negative
cc05d5a87235020f049a,Logistic Regression,negative
c132d34476da80f3ac8a,Logistic Regression,positive
fa2046695a0dcba920fd,Logistic Regression,positive
570a25a50be47c350853,Logistic Regression,positive
09053731fd96d1d59ee7,Logistic Regression,negative
43337ae1b325e06177b1,Logistic Regression,negative
7dfcc280745465e07ca8,Logistic Regression,positive
6b64fe37856c4b2a5455,Logistic Regression,positive
da9627c3728cffe5e8b2,Logistic Regression,positive
e35f54cd64058be1eb70,Logistic Regression,positive
7d09fac8be526ec79108,Logistic Regression,negative
8270b6e36d51d7c9eeb9,Logistic Regression,positive
40072303470f3c74f1d6,Logistic Regression,positive
fffaa71abce5f182b68e,Logistic Regression,positive
6b1fa51232275662a1d1,Logistic Regression,negative
566dc9e792e46da2e478,Logistic Regression,negative
6d09b30204fa0e741573,Logistic Regression,negative
96ed380ef04622095fb2,Logistic Regression,negative
59107be0ca929eb7b2e3,Logistic Regression,positive
9fd7984ffe385fb8ca77,Logistic Regression,negative
7154acefadb734978f92,Logistic Regression,negative
fd59c67cc2ae0adb4fd5,Logistic Regression,positive
d9698cda245b3d3cc2dd,Logistic Regression,positive
611f8228b9ad2da30cdc,Logistic Regression,positive
732a3701c60321a80d92,Logistic Regression,negative
36c7f5ea729ff9866f7c,Logistic Regression,positive
3c4e08a89e48428f4bda,Logistic Regression,negative
936aa987008e2344c6e1,Logistic Regression,positive
90b824e9949c1f74e20e,Logistic Regression,negative
1cf92686d783968ce06b,Logistic Regression,negative
699c2b1e6c2bf1450bfb,Logistic Regression,positive
23736e266dc24206b0e3,Logistic Regression,negative
fee9551888a50b22b5ba,Logistic Regression,positive
8084a8d0ef370a85bbe8,Logistic Regression,positive
6b4b95bbbc9d3c9bdddb,Logistic Regression,positive
0e5a6d37c9d6cd857abb,Logistic Regression,positive
e65187d7d47b53b8bb3e,Logistic Regression,positive
aa29969829fb21cb1765,Logistic Regression,negative
8fb068b8ab83237c2801,Logistic Regression,positive
e466da579608343f369e,Logistic Regression,positive
45f002629b3dd57c3d79,Logistic Regression,positive
a9cc44558dfdfab8d66a,Logistic Regression,negative
e4829c39c98226ae3806,Logistic Regression,positive
02f91d9133fe056f816b,Logistic Regression,negative
40ad4ba968102775db75,Logistic Regression,negative
1d7d29039c18cc7326d2,Logistic Regression,negative
7484bb4b67c776f3caa9,Logistic Regression,negative
c8e77681a8e3eaccb703,Logistic Regression,positive
f9a60072cfd6b00eefe0,Logistic Regression,negative
3a330d97e91aabfafd0c,Logistic Regression,negative
44301198ff46e2dec9c9,Logistic Regression,negative
843732fa0f0b5bbfc57a,Logistic Regression,positive
805eabd44a9b6bff5002,Logistic Regression,positive
caf24446b09309b85789,Logistic Regression,positive
6393bde9fabaf9d5c6f6,Logistic Regression,positive
70c697f82b91c98ae7e0,Logistic Regression,positive
7736555a6be0523eb5ac,Logistic Regression,positive
df211a1792e5751098ed,Logistic Regression,positive
9c4665687a0be1bcbc9c,Logistic Regression,negative
23eef937f183bad8b507,Logistic Regression,positive
0b50dd0e2bf54ff47626,Logistic Regression,positive
e2ea3a962ba536951802,Logistic Regression,negative
d0c34181f15e9c311414,Logistic Regression,negative
bd350d26d9f191d1a16b,Logistic Regression,positive
d5f069aada7a645e39c7,Logistic Regression,positive
8ff29d87c4d8a8c009b3,Logistic Regression,positive
298ced8027e8cc091157,Logistic Regression,positive
8c3f9156da0d3425dabb,Logistic Regression,negative
fdbbf1bb127e8d12db7d,Logistic Regression,negative
95f7450c638adaae2ff7,Logistic Regression,negative
3daec9c6daeee1dae918,Logistic Regression,negative
640ee3934d2df60afd17,Logistic Regression,negative
67cc5e4d423a0de17a97,Logistic Regression,positive
8fda69a92542aef74fbb,Logistic Regression,positive
ca35a7c3c33cd46af28b,Logistic Regression,positive
9eef682810ebd75c0479,Logistic Regression,positive
73d0df931477e9c1c326,Logistic Regression,negative
fd55d831a5c32e2f6048,Logistic Regression,positive
e9e70f6a1d3b4586a012,Logistic Regression,positive
49f89b6504b9d5393373,Logistic Regression,negative
5a29a2bda5b98b0fd534,Logistic Regression,positive
16542d7ba69e1f280b42,Logistic Regression,negative
06a9fc13d7e61903030b,Logistic Regression,positive
c33390411a1a06ed6c1e,Logistic Regression,negative
ae3aed9044bc039cfe8b,Logistic Regression,positive
5c25c7be9e13080bc7bf,Logistic Regression,negative
ae54d013487b98a36bc2,Logistic Regression,positive
50115ab1adf8e4a72894,Logistic Regression,negative
fd6c641560ccbbe4d6de,Logistic Regression,negative
2563ff4fd245012ae36e,Logistic Regression,negative
c06c14feef8ff0dd38d0,Logistic Regression,positive
cd6b47caabbd21feeadc,Logistic Regression,positive
aa429d137053ef4c84ac,Logistic Regression,positive
786e57214a57bcb325b2,Logistic Regression,negative
c4d4ab6775b8e89e2eaa,Logistic Regression,negative
1ec6b5587996003edebb,Logistic Regression,negative
99593026581ba5995984,Logistic Regression,positive
4b1d12e5cdba22b2bff9,Logistic Regression,negative
230e95b7e8f4c0c32dfc,Logistic Regression,positive
10cf4b2c5472f8906171,Logistic Regression,negative
3e3262bbcdf798d2ec5a,Logistic Regression,positive
8377e361ecad3efec497,Logistic Regression,positive
c40ae237e68fd612e017,Logistic Regression,negative
00cd6183dd0e812890f2,Logistic Regression,negative
07c3c9d8546272ed7b81,Logistic Regression,negative
cc5baa47aed3009e1ee3,Logistic Regression,positive
4031bfe31d928e59c057,Logistic Regression,negative
fe1eb0a992e65cb8f57f,Logistic Regression,negative
3f72c7863096fb349886,Logistic Regression,negative
c3a0293cb734c4abf8e4,Logistic Regression,positive
ec91b55fb7ce0bb759f2,Logistic Regression,negative
7a27bb3bba5028b41748,Logistic Regression,positive
daedcff244de3b0abe52,Logistic Regression,negative
217eab0c8dc2d5bab256,Logistic Regression,positive
965072edd7ad42dfed02,Logistic Regression,negative
baa9ceb2d9f9c014be4c,Logistic Regression,negative
29fb2c15a4a7683a7c95,Logistic Regression,positive
0c887de291719c4cffb5,Logistic Regression,negative
d232544eac4175d1edc8,Logistic Regression,positive
70c57f5f456832477a9a,Logistic Regression,positive
1871f223aa60bd29867c,Logistic Regression,positive
9a42bf342d9068c6b012,Logistic Regression,positive
9f196c16fd9ecea7ffc2,Logistic Regression,negative
a7c072d6f0a58eb451f6,Logistic Regression,positive
c77598ad1fb17f21b02c,Logistic Regression,negative
2249ce5ad683d99c5543,Logistic Regression,positive
7435cf0922ad105747e8,Logistic Regression,negative
0ea8e04d5dce488d9911,Logistic Regression,positive
e02710e4ce3d01852687,Logistic Regression,positive
4accf80703fbb8cb22d2,Logistic Regression,positive
631af9a54b2dfe5486ea,Logistic Regression,negative
2177b1ee0433f2e41a59,Logistic Regression,negative
1962bf62803cd6d1334a,Logistic Regression,positive
c9cf213603f68a1d63ac,Logistic Regression,positive
e50c61d1cc34b9ce2c0c,Logistic Regression,negative
c55af1e9f7c5c8187633,Logistic Regression,positive
648e5ae1adadec4a9caf,Logistic Regression,negative
dcada4ac46fad89ba838,Logistic Regression,positive
1ad75b5f6c8c34aafe43,Logistic Regression,positive
ad9bba04994f24022d9c,Logistic Regression,negative
ad07ebc8e9a931001427,Logistic Regression,positive
2eb7d9f7dc746ca9b14f,Logistic Regression,negative
ffc0fddad185a523dbfc,Logistic Regression,negative
b440081b434f5442c1eb,Logistic Regression,negative
0506193a8b2ae395cae0,Logistic Regression,positive
7157db96fad0aded1961,Logistic Regression,positive
35bf0b6bd76a124d9a5d,Logistic Regression,positive
debef984ba0697b06578,Logistic Regression,positive
60d21643d51fde627c87,Logistic Regression,positive
1c679a420c2ea061ba92,Logistic Regression,negative
6ce099817ba6cc5219d8,Logistic Regression,negative
acb65857ef7ea43af69a,Logistic Regression,positive
d4a79b89dcaef13b7f68,Logistic Regression,negative
83740c56f4f2691a9c24,Logistic Regression,negative
9de96e5098b3b7b89f50,Logistic Regression,negative
494ab9e19d22e4890e18,Logistic Regression,negative
234276fdc25f2a6fdb98,Logistic Regression,negative
9953a4c97fd8eebe530f,Logistic Regression,positive
158fe2a28679f0ec98d6,Logistic Regression,negative
8c29489226952503e38b,Logistic Regression,positive
8ce9d26423c8d92cf344,Logistic Regression,negative
f0ad64203f1603d06e39,Logistic Regression,positive
4094749930d96d0b5993,Logistic Regression,positive
914e10f940703233c123,Logistic Regression,positive
578c73bc09cfbc2de730,Logistic Regression,positive
5469061df4f7afc17312,Logistic Regression,positive
a1336619bd4d92b3d3aa,Logistic Regression,negative
efa166dfcdd37d37a594,Logistic Regression,positive
287c7cd2a54048dcdc7d,Logistic Regression,negative
5db5dfa70beddbdf8ec6,Logistic Regression,positive
6d8183895469296bd4cf,Logistic Regression,negative
7c65ce8e8c620135feba,Logistic Regression,positive
a01c716703188b3e23e2,Logistic Regression,negative
9c0705dc20835399f7fa,Logistic Regression,positive
8a2dc5f058755a68242c,Logistic Regression,positive
6f5a978bc25db204c0f2,Logistic Regression,positive
b03d6c15974f0bcb01d0,Logistic Regression,negative
5bcf92d67b2fd4aaf2c4,Logistic Regression,negative
f27d9ed4a006b53abebd,Logistic Regression,negative
f238894076670b0b147e,Logistic Regression,positive
c59cb7db1fe9434dd31a,Logistic Regression,negative
c83a8fc26ec6dbdd0490,Logistic Regression,negative
51781fe68f6ed9de1475,Logistic Regression,negative
cafb7c11537b9fb5a787,Logistic Regression,negative
e3f1e899e89e528656e0,Logistic Regression,negative
81af9ccfb2d2385f2500,Logistic Regression,positive
f58fa36c1482b6cf0fa4,Logistic Regression,negative
088c6b11b8e99f7602b7,Logistic Regression,positive
dfa67dd20b1f81a8460c,Logistic Regression,negative
c2a3957d708ca4de52ba,Logistic Regression,positive
db7cb5bd4a819b20a520,Logistic Regression,negative
0e5375680b6773b5dad0,Logistic Regression,positive
2b74e21cac8aa79cdff9,Logistic Regression,positive
810ec32b86e3ef892809,Logistic Regression,positive
f64953cda9e1ba6a7fd0,Logistic Regression,negative
e1234d808097bb0f6ee9,Logistic Regression,positive
aa125ae0cadf0286409b,Logistic Regression,positive
86f324e7e76966e1e890,Logistic Regression,positive
ed8643a2df5f53cc3bea,Logistic Regression,positive
855878034ca3b0a544a2,Logistic Regression,positive
37d1cfb74669e89b973c,Logistic Regression,negative
34489e70ca1641671609,Logistic Regression,negative
77fc8b77780c445b6491,Logistic Regression,negative
b1b37a95f784178fa894,Logistic Regression,negative
870c891faeb995983ed0,Logistic Regression,negative
404f090fc251daef64e8,Logistic Regression,negative
4aa2f2310a36c5ddf637,Logistic Regression,positive
e6337a3bb70936d90924,Logistic Regression,positive
68c452eb34bcacf526ec,Logistic Regression,positive
ecc9013deb6bb726e734,Logistic Regression,negative
35a08f1911ece68d8b1d,Logistic Regression,negative
f216292fef0fc5f6137a,Logistic Regression,negative
a6e927136efb2b06aac7,Logistic Regression,negative
7351adb7f3e3c8090a4b,Logistic Regression,negative
810982f36940f4287acb,Logistic Regression,negative
d66866b00c3f1a1e63ef,Logistic Regression,negative
ba2a4fee60bc0d100481,Logistic Regression,negative
2df9208a7416fe3c8a13,Logistic Regression,positive
999101394afbcf5454c5,Logistic Regression,negative
e448b30d374795445cf0,Logistic Regression,negative
a4164d94324f8a2ee6e4,Logistic Regression,negative
6418454fd16e7c04fdb4,Logistic Regression,positive
1aed8d0cb2367bd6d797,Logistic Regression,positive
6187f1bbb802ac468859,Logistic Regression,negative
35c62a2270dc019298ec,Logistic Regression,positive
269f6afd915badf034da,Logistic Regression,negative
9c260994396e44e5d999,Logistic Regression,negative
cdc3b8b09a3e5ac1d4ab,Logistic Regression,negative
a9230964d7115acb2933,Logistic Regression,negative
00e43cdd656c944c25f5,Logistic Regression,negative
2984fa019163ac1b9b62,Logistic Regression,negative
3c3a6e3a443743301748,Logistic Regression,negative
5c6965acabb8104a737b,Logistic Regression,negative
ffc2206876427e17921a,Logistic Regression,positive
e426a84f289830b9f729,Logistic Regression,negative
f11a4b4747eadec215bc,Logistic Regression,positive
f1d4de0cd04d40627907,Logistic Regression,positive
8f27e0f13a485bba842e,Logistic Regression,positive
7039b29eb645cb36f917,Logistic Regression,negative
474a984ff0729f494455,Logistic Regression,positive
5e931aa0436b6e6225cc,Logistic Regression,positive
633c0d1bd646efacf7e6,Logistic Regression,positive
e136831e3cd6787d5563,Logistic Regression,negative
ca7f888d48cbe7925610,Logistic Regression,negative
9ee4e2d2ae0f85e958c3,Logistic Regression,positive
0791bc162aa607a3f101,Logistic Regression,negative
b180fbab8230510821db,Logistic Regression,positive
79e87d390a7c085324b0,Logistic Regression,negative
d98f048e586be4330ff4,Logistic Regression,negative
83b77df32599d84083a3,Logistic Regression,negative
65942aff3a492daf48c9,Logistic Regression,positive
df5e63cbc879e7988d9d,Logistic Regression,negative
71690479f075ba6fbc4d,Logistic Regression,negative
47dbde397bb833f7dc1d,Logistic Regression,negative
e231d8d0c97e14f231ae,Logistic Regression,positive
798202981f79c5944bbe,Logistic Regression,negative
b9057373ce1fe0deba06,Logistic Regression,negative
2b178fd1467f3a211a0d,Logistic Regression,negative
b30dd78a0353ae9370fe,Logistic Regression,negative
308f0fc104d6cba7cd11,Logistic Regression,positive
790493cf37a684575e1e,Logistic Regression,negative
46f59ad436b317a94f48,Logistic Regression,negative
329d84a43d6c3700fed7,Logistic Regression,positive
cd5413ddcdf20029b1e5,Logistic Regression,positive
cbaa2683f4b9a7a56f6e,Logistic Regression,negative
be2312393f5dc128bc44,Logistic Regression,positive
fcb4930db2d1951f908f,Logistic Regression,negative
480ea50eaffa551a7b4b,Logistic Regression,negative
4502ca2b34541ec0d7d1,Logistic Regression,negative
cfc81e1d1199bc263c5a,Logistic Regression,negative
21bacda1098693e915f8,Logistic Regression,positive
d6880879a3051c331ad1,Logistic Regression,positive
46b41cecac917e639183,Logistic Regression,positive
47b2aa2a78f1de738e05,Logistic Regression,negative
0f25540f00ed76eb11c9,Logistic Regression,positive
dec5d0e2ea3ebddff1ff,Logistic Regression,positive
e8ef023710e4e41905bf,Logistic Regression,negative
174af0ae7151e1c010d4,Logistic Regression,negative
800920cfbd8460615217,Logistic Regression,negative
8ee8cd5e93dba9ec7c3b,Logistic Regression,positive
fe564aa0a849e3db41ef,Logistic Regression,negative
3cfd1f8d6c0ac3d824d4,Logistic Regression,negative
b760ef22200dd89acae0,Logistic Regression,negative
00d15a9b5ea05286f284,Logistic Regression,positive
17183b94d5e665d275d5,Logistic Regression,positive
401931b6c945ded1b48c,Logistic Regression,positive
5fe2ee10c4f7f4150117,Logistic Regression,positive
f8b81f20bcf698381f9d,Logistic Regression,negative
7d54859408297fe80a79,Logistic Regression,positive
67ccad95a1554d510d45,Logistic Regression,negative
ffe77137bccfbf1f37e3,Logistic Regression,positive
f09b82d6dcb7d2292812,Logistic Regression,negative
43b3e80e580ed4410fa1,Logistic Regression,positive
d9008c5297e038a0d20b,Logistic Regression,negative
46587d9a7f4ece12087c,Logistic Regression,negative
a64418a599b366d54c71,Logistic Regression,negative
feb2b1d576c427b32320,Logistic Regression,negative
f51a123d78b0ae7d66e5,Logistic Regression,negative
4c6b5c552b2a35cd3f40,Logistic Regression,positive
a623112d825a772abffe,Logistic Regression,negative
04134f18df2175e25026,Logistic Regression,negative
600ef03b771e7beb4f47,Logistic Regression,positive
68678a6fbd91834fdcb6,Logistic Regression,positive
dc612b565f987e56a5d2,Logistic Regression,positive
325be0612afdd2d92b35,Logistic Regression,negative
00ad60466b65c366d4ad,Logistic Regression,positive
899028f4d74d51c191ef,Logistic Regression,positive
f1ade82a61151ae85f78,Logistic Regression,negative
f1bf0932fbbcc9eb0f3a,Logistic Regression,positive
812eef288daf1cba360e,Logistic Regression,positive
4b67779b698b721a48c9,Logistic Regression,negative
c594561d6ecc39521629,Logistic Regression,positive
7fccb4fd29a7bbddd19c,Logistic Regression,negative
6cca7947c95afb8f1909,Logistic Regression,negative
c9f3630f198f13ad4297,Logistic Regression,positive
687ab616d1b08537cfad,Logistic Regression,negative
da50320001deb3ba75b3,Logistic Regression,positive
c36626be56c8acc44a68,Logistic Regression,negative
8e6b2a50879b49e030be,Logistic Regression,negative
2947735cdc6691b128b5,Logistic Regression,positive
416ee17fbb0d7eaeff87,Logistic Regression,negative
68b74584da14a28a107e,Logistic Regression,positive
a2fe4ec3e630c9a9ec98,Logistic Regression,positive
643b5d4bbe7607a502a6,Logistic Regression,negative
99d4bd6d16bff99e0611,Logistic Regression,negative
41424c4c6e025f8b2e98,Logistic Regression,negative
45d25382787191e851c4,Logistic Regression,positive
bc79a98575d38e3153c3,Logistic Regression,positive
8cd0e8905735fb98c8f6,Logistic Regression,negative
b165d137e51be1731d03,Logistic Regression,positive
cc4965814bd07e028efe,Logistic Regression,negative
256ad02e04991fcf58c2,Logistic Regression,negative
9be5d62547f0e3bedf3e,Logistic Regression,negative
bf02be98b0eea6dfa33b,Logistic Regression,negative
f712e117ca84735a3335,Logistic Regression,negative
9739cbe056be259a2c69,Logistic Regression,negative
fb6cd39c515a4064810f,Logistic Regression,positive
3c5060de6bc35f7e7cb9,Logistic Regression,positive
e7635b6b16dbed138acb,Logistic Regression,positive
a204e5dde1eb433d3b37,Logistic Regression,negative
83d99bd7591898c8b1b7,Logistic Regression,negative
985e7559fb3d3a94d88a,Logistic Regression,positive
70949cf850ca4617ee9b,Logistic Regression,negative
a668412ba05d13a5468f,Logistic Regression,positive
ecf3a4a88f54f0677048,Logistic Regression,positive
58af5d367c81493f58e7,Logistic Regression,positive
c11d1ffab00283f78984,Logistic Regression,positive
1a8199cfaa80649c5253,Logistic Regression,positive
9020ab30d7f8cb3d991b,Logistic Regression,negative
f70f46c02a418bcb6cc9,Logistic Regression,positive
4fabee92a2720330931d,Logistic Regression,positive
47769bae059190836a14,Logistic Regression,negative
5d02ba4202fab07790a2,Logistic Regression,positive
31dcd944c6b937955679,Logistic Regression,negative
d919b34fb233f6b6fe07,Logistic Regression,negative
cdc666dc8bebdcb5d5dc,Logistic Regression,negative
b802c5730b306edb7540,Logistic Regression,negative
50989a61843417ad170d,Logistic Regression,positive
1875f7c1f1e6e64dba6f,Logistic Regression,positive
0a7a299ce31c33da3877,Logistic Regression,negative
15934733a8edf9cb50e3,Logistic Regression,positive
846c4da55ccd659244f7,Logistic Regression,positive
bbad791a2c77234dccec,Logistic Regression,positive
34502d0d4830124a91c7,Logistic Regression,negative
74d3c3d06a43cb878a3e,Logistic Regression,negative
442280f204da683a4de1,Logistic Regression,negative
67361766c24bb51ee48b,Logistic Regression,negative
e772bd4728631ee55d41,Logistic Regression,positive
12d798e316faf44f6375,Logistic Regression,negative
9577b7dd7f56db9ae052,Logistic Regression,positive
90c8543e17795be497d7,Logistic Regression,positive
6a33586bcd7249bdc0a0,Logistic Regression,negative
634639becef8a5dd0628,Logistic Regression,positive
22f050bbba34ec3376a1,Logistic Regression,negative
be3c6f0e1b08e43ad842,Logistic Regression,positive
acc6a7eb1c9cf2f373fa,Logistic Regression,negative
294c0afca9797d92b567,Logistic Regression,positive
ca4279e4ed5cf9befc32,Logistic Regression,negative
ff94c7af0c3b8ee88020,Logistic Regression,negative
d9375ac4976da81bee14,Logistic Regression,negative
530cbefc78051a0224e1,Logistic Regression,negative
d70b672ab6f2c5cce829,Logistic Regression,positive
629bbfd3b416a8ca7efa,Logistic Regression,negative
cdb783d8ac7545c448d0,Logistic Regression,positive
8a4f75335e4c1f668e08,Logistic Regression,negative
237a7c590689b972bb20,Logistic Regression,positive
0aeb77f06a718a24d13c,Logistic Regression,negative
544215a6bf3f7dee1084,Logistic Regression,negative
452254bbcf7d358180b5,Logistic Regression,negative
75fcba49e28a8226f190,Logistic Regression,negative
4906708f39a5e22114b0,Logistic Regression,negative
69eb40338cd4694ede1a,Logistic Regression,negative
cf86b4868d9fce158b6c,Logistic Regression,positive
7fcf00da032128ffccca,Logistic Regression,positive
bc3ce5dd9aecde6bd5cf,Logistic Regression,positive
bccd2e3d1fcef3e36e4e,Logistic Regression,positive
d41c0775422751df5efd,Logistic Regression,negative
427904405034c333a5b0,Logistic Regression,positive
711438d4cfada6ab9dbc,Logistic Regression,negative
724c61b3e323ce37bd48,Logistic Regression,negative
988576949078a684df0b,Logistic Regression,positive
d2676bb84a4eb0bc4803,Logistic Regression,positive
4bdde08cc72fbb37e7ed,Logistic Regression,negative
7c25637c83f4ef1fd812,Logistic Regression,positive
d3e3e4faaf95fa90c8e1,Logistic Regression,negative
60c9c02b8c3727fb961d,Logistic Regression,positive
72c7767e46230ed1caa3,Logistic Regression,positive
1f8ad3f74f67408982bd,Logistic Regression,negative
2beeda3438decb13fea0,Logistic Regression,negative
42c86f1828d507bd8df7,Logistic Regression,positive
93cbe105d2bd41a05138,Logistic Regression,negative
d51d225daeb1d10fee01,Logistic Regression,positive
4bd99aed0397da2138bb,Logistic Regression,negative
34caceffe486c5dbec57,Logistic Regression,negative
db5734fe6c36fa26ac1d,Logistic Regression,positive
c35c77ede42c0750827d,Logistic Regression,negative
605b69adbe38c16a1a37,Logistic Regression,negative
a6ccb67a9bf3ceef6878,Logistic Regression,negative
fa87ffc36807f8450361,Logistic Regression,negative
217896c5753948984cf8,Logistic Regression,positive
74203fd1dfa135a5ade3,Logistic Regression,positive
44e7c183b0a12e505029,Logistic Regression,negative
4ca47cc4a935ef6849a5,Logistic Regression,negative
3a3a02f6fd3e56ef7c9b,Logistic Regression,negative
f21de6d8728b0b2fd7ac,Logistic Regression,negative
b80ed538f4b3101475d6,Logistic Regression,positive
7459be21d4b4ffaeb748,Logistic Regression,positive
ac763d73a234b80ef50f,Logistic Regression,positive
ef7aa24f2fc35517debf,Logistic Regression,negative
b9c0ce3fd7f23dafaf9e,Logistic Regression,negative
45655b0f56cb034281cc,Logistic Regression,negative
fecb55b680d982fe930c,Logistic Regression,negative
00933c29e87c9adc0198,Logistic Regression,positive
feb1cb9e74966f97b6c5,Logistic Regression,positive
ebe8fe5b99fead689488,Logistic Regression,negative
1fe4703774eaf5a9d9ae,Logistic Regression,positive
20a601ea47c6f325de38,Logistic Regression,negative
fa3ca182fba2358ec1ac,Logistic Regression,positive
7ca481cc0a2cec06a5c2,Logistic Regression,positive
77774ce17decf0fa5eed,Logistic Regression,negative
2f1e9b3be3672ee71a5f,Logistic Regression,positive
e6ea5c4d6d4e988d20cb,Logistic Regression,negative
cf6878702131b60dd594,Logistic Regression,negative
9795db717e67340cc7db,Logistic Regression,negative
8948975c76e8e0002dda,Logistic Regression,negative
d1e4c1524dc3762895e5,Logistic Regression,negative
bae9b6728dd8cfb2ace9,Logistic Regression,positive
f1c74e3ec78f3289113b,Logistic Regression,positive
6d02ddc9f0012ae9b587,Logistic Regression,negative
01c3327bfe1c9daa3cc8,Logistic Regression,negative
e60e2495c5c031ece8d0,Logistic Regression,positive
e6d4e534c492c9fb6341,Logistic Regression,positive
c5680e14b7b3fcf39f52,Logistic Regression,positive
5af4507d57d720b16181,Logistic Regression,positive
e40dde979ba7c64a85b1,Logistic Regression,negative
f6cdbe901d76c3ed4587,Logistic Regression,negative
11d81a0cd3efa87ee541,Logistic Regression,negative
6fa8787dfd6ea7a4ce61,Logistic Regression,negative
e816d1754a2efb943a59,Logistic Regression,positive
19b8dbde5e048291e093,Logistic Regression,positive
335a92fcbac643cc03b3,Logistic Regression,negative
7596762a8fe3df310555,Logistic Regression,negative
8a67999df14282151e2c,Logistic Regression,positive
cbc51167dbfa23de396d,Logistic Regression,positive
ea87be193cb8b8f8b7b8,Logistic Regression,negative
38fd4bccf764b68b44e4,Logistic Regression,negative
0cfbde87f2557b98259f,Logistic Regression,negative
09df2d3d45e8f9629097,Logistic Regression,positive
b8a7f02e37bf8098915e,Logistic Regression,positive
92bc723438217d44e864,Logistic Regression,positive
57df03113bf4f28c0c5b,Logistic Regression,positive
90efa1ffa4120f4e3dcf,Logistic Regression,positive
bf7557c93363782f68d2,Logistic Regression,positive
95d8ce82e3cb056631f8,Logistic Regression,negative
7563866658790bfe5641,Logistic Regression,negative
5a236179a79fe9e8d113,Logistic Regression,positive
1c132766875022241987,Logistic Regression,negative
e6471a1a6f557feebe09,Logistic Regression,positive
7bbd8ada43e900e3b301,Logistic Regression,positive
76bb24dd2e800c852591,Logistic Regression,negative
f7b84f28dd7d62aeb74d,Logistic Regression,positive
1121e5ec56f5bef687bd,Logistic Regression,positive
2181658f8f0e138fcaf4,Logistic Regression,negative
2721149f962c0c05f35e,Logistic Regression,negative
c4df8c23b446b0dafd15,Logistic Regression,negative
b2c32bb51a06ee04988f,Logistic Regression,positive
1847450c3160a56860fc,Logistic Regression,positive
a141d4e6c443ce266fce,Logistic Regression,positive
efea52804932d477a5c0,Logistic Regression,negative
21c4b60edadba149f621,Logistic Regression,positive
b477a1465e1f06095fdc,Logistic Regression,positive
3c74471c387317044aa6,Logistic Regression,negative
40220e62c685603c0de7,Logistic Regression,negative
83e13432dc47a0480e70,Logistic Regression,positive
0169740bff480402633a,Logistic Regression,negative
b92d5c4c061e296a07aa,Logistic Regression,negative
5ca9cd0c95b0e46e687f,Logistic Regression,negative
de98a07c3772b95b71d0,Logistic Regression,negative
c7a42af39dca83aab964,Logistic Regression,negative
7044ed360b919528c1ea,Logistic Regression,positive
902fa424bda8b6f9c72f,Logistic Regression,positive
fa52ea7d465cb521911d,Logistic Regression,negative
adfd2b1cc9a74e2accc6,Logistic Regression,negative
55e0add6f55065ac8864,Logistic Regression,positive
b026cc94ca9a0c811635,Logistic Regression,positive
b000ef98b5d140d2e3e2,Logistic Regression,negative
fe955cece2d7766547e2,Logistic Regression,negative
fde6f3993d7adb41790d,Logistic Regression,negative
4258a89df0c15d059ce7,Logistic Regression,negative
26e5cc49ff36d4fcd575,Logistic Regression,positive
05d363d9145d13aab76e,Logistic Regression,negative
1066f5589b7605ad64c9,Logistic Regression,negative
11dbf74cf6beaf84a1b6,Logistic Regression,positive
67130a6d3fc60cd55027,Logistic Regression,negative
96dd5e4ca935da183d33,Logistic Regression,negative
676eb414f53df943fe67,Logistic Regression,positive
f7d22e92da95da5fb474,Logistic Regression,negative
c686666e83aad4ae90ee,Logistic Regression,negative
8dfceed362d05a541426,Logistic Regression,negative
890c895ee948cd58483f,Logistic Regression,negative
182c1c66a07df7c01602,Logistic Regression,negative
450add6333c08ce01d6d,Logistic Regression,positive
646568cb296821c7a32b,Logistic Regression,positive
948d427dc4fd0c10cece,Logistic Regression,negative
8f8ec8b93ed520dd1644,Logistic Regression,negative
04bc08cce223a2b56f68,Logistic Regression,negative
15a9a2df7719d2670f76,Logistic Regression,negative
4c3b82af955dc71a90ad,Logistic Regression,negative
e4686492e32caac61ea1,Logistic Regression,positive
5ef2de83a7fe6d55bfba,Logistic Regression,positive
f6cd4857fd363dfaaf8a,Logistic Regression,positive
bbaa941e91d3857ca75a,Logistic Regression,positive
1cbe66fb39cf327ee8fe,Logistic Regression,negative
93709197dd35a2df94ea,Logistic Regression,positive
373bb617055354e08698,Logistic Regression,positive
373362043f04bad05b9d,Logistic Regression,positive
620f344f1ac45c53b155,Logistic Regression,positive
6869b0172553175261af,Logistic Regression,negative
527b64572655441bc85f,Logistic Regression,positive
9e15a4a022cd392a9fae,Logistic Regression,negative
de3cc5a99ac649cd75e5,Logistic Regression,negative
d3c7d4805e29d6cd352c,Logistic Regression,negative
3331d9581a0fcc5a4e26,Logistic Regression,negative
bb0d128855da9eeada33,Logistic Regression,positive
ece756c7d25b224963f2,Logistic Regression,positive
941eeedeb0a23bcb9520,Logistic Regression,negative
0f94f7c44c4ab4a26626,Logistic Regression,positive
0a0417d05576784f30a7,Logistic Regression,negative
111237bc50a19e5fd2b9,Logistic Regression,positive
e412a1be9419cfa5b345,Logistic Regression,negative
1f9de61f5ea13fd64763,Logistic Regression,positive
7a737f35bc2084cfc226,Logistic Regression,positive
2c5e97db608e7bdcbcab,Logistic Regression,positive
948b65db7da5b128f667,Logistic Regression,negative
3c6b1fa91b2e2545074a,Logistic Regression,positive
fbbfd3532cc3f3fd9f8d,Logistic Regression,negative
317b09086d3e6282a016,Logistic Regression,negative
98ae9c2783be5e569b92,Logistic Regression,negative
babdd88486ea9359e536,Logistic Regression,positive
06a99f83f7c6d02a8c10,Logistic Regression,positive
8cf5bc268b4abdb5a158,Logistic Regression,negative
dc6e5d4d879cd8dfc0d6,Logistic Regression,negative
ce4380a1d943ca8e22cb,Logistic Regression,negative
a59e2e1868e0aa91c64d,Logistic Regression,negative
3b7915e2c7afc4061744,Logistic Regression,positive
9524bdc70917bb286e3a,Logistic Regression,negative
184cbb243bad345062a8,Logistic Regression,positive
82466addbce0c4f0ed92,Logistic Regression,negative
c468f7fa1815273552d2,Logistic Regression,negative
c9efda38c5fa96b0e460,Logistic Regression,positive
e565053b741fdfa4cabd,Logistic Regression,positive
fb854d995acdadc2562f,Logistic Regression,negative
a7d89af6b275a113b29f,Logistic Regression,positive
e0c266e423fdabcb4d5e,Logistic Regression,negative
1caef84c78490e8eaa11,Logistic Regression,positive
bbe5670f59cceec474bc,Logistic Regression,negative
a8906ada63ae5567ad21,Logistic Regression,negative
728d99e3f405d2f7477b,Logistic Regression,negative
ed312e2b6e220f69d69e,Logistic Regression,negative
9b9ff4efbc1bddb2d39f,Logistic Regression,negative
3a46ced672ed8e10d942,Logistic Regression,positive
4187692ed286b7a4db48,Logistic Regression,negative
4b400093fab5ce530819,Logistic Regression,positive
959b27615df78eb16ea7,Logistic Regression,negative
2ebd037f5ef74ab9cc1d,Logistic Regression,negative
ebc2d222680fa9981d41,Logistic Regression,positive
4c8fbe402766db8bfc40,Logistic Regression,negative
095f296c5d9afd00964b,Logistic Regression,negative
b8cbce4ad76507aedaec,Logistic Regression,negative
f3225030fa773541b0f2,Logistic Regression,positive
8a8a163162c105d839e9,Logistic Regression,negative
708c8cd5cff4efbb0b35,Logistic Regression,negative
f881e66e9e446fb766c5,Logistic Regression,negative
e21596ce6f0e33f3888e,Logistic Regression,negative
d830adc7c5d60081b60d,Logistic Regression,negative
528f8219aa5693f3c3cd,Logistic Regression,negative
eb42b585e3d3f22be3a7,Logistic Regression,positive
7266ba3b7a65d40d590c,Logistic Regression,positive
0875c44b962dddd0f3b1,Logistic Regression,positive
ee6cf1095a6be09aec89,Logistic Regression,negative
28411100548cf16f94e4,Logistic Regression,negative
7d718345a763894077f2,Logistic Regression,positive
35e04e0bdb91e9f33370,Logistic Regression,positive
de9c71bf554e2b9ca568,Logistic Regression,negative
776d12a83de036767820,Logistic Regression,positive
9f0a9e0ad30809c858c4,Logistic Regression,positive
d8113813429d2c4f0fc8,Logistic Regression,negative
c31f8fa048acebb41b92,Logistic Regression,negative
a6d9600e091a9165ee22,Logistic Regression,positive
a9449b3fc7dd64240dce,Logistic Regression,positive
4d5f745a05396006b2a1,Logistic Regression,positive
4623cc25d79ff9502140,Logistic Regression,positive
bce885837ad7c5dde3c2,Logistic Regression,negative
add6f5f87eab095eb3af,Logistic Regression,positive
6044f011949f1297eb23,Logistic Regression,negative
6dea7a8f04f1855b201a,Logistic Regression,positive
968876c00a92782d0688,Logistic Regression,positive
b1a8a1d5033f9d3dd473,Logistic Regression,negative
b45c60ef5e46c8668d61,Logistic Regression,positive
48cfab83c5b4f9d4729f,Logistic Regression,negative
5214977b22292125d09e,Logistic Regression,positive
8b01fd0f1abe0d5dfdb9,Logistic Regression,negative
caa0b5ddc1f1e0409f6f,Logistic Regression,positive
c417cf686540c8fe535c,Logistic Regression,negative
bc56d5c6a5303e971bcb,Logistic Regression,positive
9c77b1d477e78338026b,Logistic Regression,negative
aefdaa4d0c269a11a58e,Logistic Regression,negative
610aff1a54d01f1ac178,Logistic Regression,negative
7cc8538767b6d8720126,Logistic Regression,negative
6b3e34e4dadcbcbe3c8a,Logistic Regression,positive
f87ef0babffa7ffb9a15,Logistic Regression,negative
9096e6f33f4feb2ce762,Logistic Regression,positive
0638d1a484945b0d846f,Logistic Regression,positive
519dc582fe9eeed585de,Logistic Regression,negative
45f36db79c25fb740b86,Logistic Regression,negative
ceefe6a4386fcc93812a,Logistic Regression,positive
6f0fb41664a04a9b0881,Logistic Regression,positive
31bd66c872c807c7d7da,Logistic Regression,negative
5a4116b6ead53b3278bb,Logistic Regression,negative
dbbb80fa89b52257928c,Logistic Regression,positive
0e7f0af9b883358f96fc,Logistic Regression,positive
1871dfc8e9ad51c188ad,Logistic Regression,negative
191b753fbc9361e3e0b4,Logistic Regression,negative
928078a0d4436b89a4de,Logistic Regression,negative
b445e85299ff31187e75,Logistic Regression,positive
2127f6483aa8c36812a6,Logistic Regression,negative
2e5a00dd494498dd5b05,Logistic Regression,positive
a9ff2497053ef82234ce,Logistic Regression,negative
e600b1cfc31896fc29ae,Logistic Regression,positive
65a3dcb47ee838a525f4,Logistic Regression,negative
988a9f595c0d083d068d,Logistic Regression,negative
3530294bdfbbacd5e9f6,Logistic Regression,negative
008206cd38841ae28f15,Logistic Regression,negative
9a8dbf0c908a600c2cdb,Logistic Regression,positive
177c457bdfaea1fdf3a4,Logistic Regression,negative
fb059f4797bee4a26397,Logistic Regression,negative
c6915449ed287b32aa78,Logistic Regression,positive
d940edf1c8fd9aaaa7a3,Logistic Regression,negative
cf6016fc7c7a6bdb8096,Logistic Regression,negative
15fd172ea337c0ad7e13,Logistic Regression,negative
1847cf58ce8884d97174,Logistic Regression,negative
069264270b20663de612,Logistic Regression,negative
0d9112f66e6ebd93cbf0,Logistic Regression,positive
a4f5b3ad8f1777ae6ecd,Logistic Regression,positive
afe04384f9b92609ab0d,Logistic Regression,positive
160bd64c0d1e29848846,Logistic Regression,negative
c269ef15d6af50773f88,Logistic Regression,positive
62810c1d3abdd27bcb72,Logistic Regression,positive
30b196d1d10bee4248ca,Logistic Regression,positive
fb99b38c46ddc340b59b,Logistic Regression,negative
cc3240389110188c962f,Logistic Regression,positive
39bc26c1e3a00f5f9e6e,Logistic Regression,positive
263a12701af9585f19ee,Logistic Regression,negative
870fb00d288c917617ff,Logistic Regression,positive
c39db798608c57cbbf24,Logistic Regression,positive
f3324545bdfc9dfba77a,Logistic Regression,positive
77270b0f8b1328a641f1,Logistic Regression,positive
98a195d7bee1d7b31ec7,Logistic Regression,negative
b5745c35962179f33882,Logistic Regression,positive
d8a05d10c1ccbd038bc8,Logistic Regression,negative
acdfd94d55aac51fa2b9,Logistic Regression,positive
2e6ca0e7039e6f597d73,Logistic Regression,negative
b3055e274ab66f80b29c,Logistic Regression,positive
d44e5d51069b6a803fc9,Logistic Regression,negative
51b8067ade54cee32887,Logistic Regression,negative
e3c88eac1fd2ca67eb26,Logistic Regression,negative
29f79f8b13575e8dfa1b,Logistic Regression,positive
2368181ba5c0ae83849d,Logistic Regression,negative
14b6acf2607b72a21b01,Logistic Regression,negative
06e08bbf5f204c0f00f4,Logistic Regression,positive
143b56aee58f7053e0b1,Logistic Regression,negative
c41ab8ad553bbd3c45ff,Logistic Regression,positive
5847f50cfcb06451951b,Logistic Regression,negative
bfadac7a6a7ab5531f55,Logistic Regression,positive
dbf0b4da48af7c48af43,Logistic Regression,positive
0231cf6778b58ad1a1c2,Logistic Regression,negative
6e5be3c23d9868a8773a,Logistic Regression,positive
8ae8f3af3cb607e33014,Logistic Regression,positive
d6ab3b16c8352cd8b16c,Logistic Regression,positive
e01d7fa380780d83882a,Logistic Regression,positive
c420e76e670680b8c0a5,Logistic Regression,positive
249e54cf1a841cff4d4a,Logistic Regression,negative
7d8617f8590f14fedef3,Logistic Regression,negative
a36f1da05b1c1aeac964,Logistic Regression,negative
526ff256e003aaa39813,Logistic Regression,negative
45068ddd5a0219d66604,Logistic Regression,negative
0f5e24e49265642a87bd,Logistic Regression,negative
9b4733e374ed68f3e2ac,Logistic Regression,negative
92978d73f8c7855530c7,Logistic Regression,positive
ad9f6862b244368148fd,Logistic Regression,negative
c8b1d911c70212812a79,Logistic Regression,negative
0d7bb60a4d7c9ce28feb,Logistic Regression,positive
d41dcecb524d5e1fe706,Logistic Regression,negative
daea6c93c8ca0107602b,Logistic Regression,positive
daf4692e52a08750688e,Logistic Regression,negative
519e47d949baf6a6fab8,Logistic Regression,negative
2d00bea691ac590287a5,Logistic Regression,positive
278f8a489715fffcf4a7,Logistic Regression,positive
774d8108d6104b542e54,Logistic Regression,positive
5d69b9179e9c7b5cc9d2,Logistic Regression,positive
4da1eca39f7c9b466267,Logistic Regression,positive
052506c938e1daa98ba1,Logistic Regression,negative
7e1719fc7855d4a0aa3d,Logistic Regression,negative
a268e3ce0b2677420554,Logistic Regression,negative
b205dee495bbf6e2f221,Logistic Regression,negative
f04e332496c62d6a0403,Logistic Regression,positive
74716fd22404071fdd18,Logistic Regression,positive
663e44639b2f05337d91,Logistic Regression,positive
3b9a5c007aaf2495d788,Logistic Regression,positive
6a08d9dad63170857954,Logistic Regression,negative
1a8caaa06520fa49d49e,Logistic Regression,positive
250df11c78910dbc67ec,Logistic Regression,negative
f60a9feb832507eec03a,Logistic Regression,positive
fc594b8668abcd92dc9c,Logistic Regression,negative
1f80e18b04f6c52e56de,Logistic Regression,positive
311dcefe38587251bd54,Logistic Regression,positive
2f52e8c03d07ffa3e36b,Logistic Regression,negative
78ef98de993f361f6820,Logistic Regression,positive
e399a1b602caeeb15f5c,Logistic Regression,positive
a6ce19a15c33082f4115,Logistic Regression,positive
b2fbe472c99d3431dd8c,Logistic Regression,positive
05153d85c53f139a6e21,Logistic Regression,positive
4f27ada4e899864bd1cc,Logistic Regression,negative
a15efb33c97fd9e4d345,Logistic Regression,positive
c3bcf58799a584a1480c,Logistic Regression,negative
ba281684e5b27e4506a3,Logistic Regression,negative
e5edbf5faf1be05c5ed1,Logistic Regression,negative
4e1a3166afc0d1b1d853,Logistic Regression,negative
b851ec2a11ea65fd085d,Logistic Regression,positive
eee147ce1b14ce0c7372,Logistic Regression,positive
511e2e664c68d44dcfb7,Logistic Regression,negative
392fb8ed8425bf2e7c65,Logistic Regression,positive
ee7bec8cef5df26c9dc3,Logistic Regression,positive
3dafecb75f8637c85cae,Logistic Regression,positive
f1fc37d6d97c34566275,Logistic Regression,positive
2ddbde9f42c11ce8e077,Logistic Regression,negative
e4bab29aa193bce21dfa,Logistic Regression,negative
55bd760c862fef963a9b,Logistic Regression,negative
c66c230d37cb1126f1f7,Logistic Regression,negative
579eeda2ae4807199476,Logistic Regression,negative
5f143c67f3a4ac469473,Logistic Regression,positive
550e4dfb5b67e4c7f090,Logistic Regression,negative
6ca8536d2174109d8718,Logistic Regression,negative
cf2fcebd8e8d42c38045,Logistic Regression,negative
e096e9bcee22121a30ea,Logistic Regression,positive
a7bdf4fdb26128a6b964,Logistic Regression,negative
73919146edce25d7f81f,Logistic Regression,negative
676534830022a141d478,Logistic Regression,negative
ce6559019b06315b75cd,Logistic Regression,negative
01e4071c22d89f6baa3e,Logistic Regression,positive
31b910716c4f5ee3a1c6,Logistic Regression,positive
b29166f6159723466824,Logistic Regression,positive
1c26cf41c8340218b9ab,Logistic Regression,negative
d6cbe8bf4ab6dcbfeb25,Logistic Regression,negative
b04584e0b4676fd96ea4,Logistic Regression,positive
44d7809d5d67f76c262a,Logistic Regression,positive
985bd47b39a23e6d03d0,Logistic Regression,negative
da761add17a472e7c937,Logistic Regression,negative
be4a67d52912b90aab49,Logistic Regression,positive
58ea81818f015c62a044,Logistic Regression,positive
e180242f67c116aec495,Logistic Regression,negative
b02f80172dbd40eb659e,Logistic Regression,positive
8909756ebc109510697f,Logistic Regression,positive
a6db82953f519e753481,Logistic Regression,negative
67669a8c9e9132c2f71c,Logistic Regression,positive
bf9e91189b03df826931,Logistic Regression,negative
c11d824fdd835d4251ed,Logistic Regression,positive
274eab2ce13913e437bd,Logistic Regression,negative
e7a641a76cb4990432d2,Logistic Regression,positive
f3982e1a2091ede00f9f,Logistic Regression,negative
5cd8b85fa7b1d0dccf53,Logistic Regression,positive
bf0ff9b1c092fb62e89c,Logistic Regression,negative
6576249730f1167f0337,Logistic Regression,positive
b3deb8b2acf60c99791d,Logistic Regression,positive
88c87c9ac82c67353a3c,Logistic Regression,negative
4fb876e28ca650d44973,Logistic Regression,negative
5b814472d9fe1d7cc781,Logistic Regression,negative
1d0c1678fb4391769268,Logistic Regression,positive
b877e1cf6b286f71c718,Logistic Regression,negative
0c453df8906fc1a42600,Logistic Regression,negative
5cb95a80a8a19b8283d4,Logistic Regression,negative
de48ffa7564c3a02cde5,Logistic Regression,negative
05efa902ad57fb680d64,Logistic Regression,positive
3a24be8659a03adf4f3e,Logistic Regression,positive
ec840e0232f00e1870a0,Logistic Regression,negative
4324b7c9684e11825e62,Logistic Regression,positive
ec23f18b5c70ce62817c,Logistic Regression,negative
9d6ccbc9d83c3810fd13,Logistic Regression,positive
63deecbddfda8407f903,Logistic Regression,negative
cc9dcb5a5270a73e896a,Logistic Regression,positive
776991ab34b70c04035a,Logistic Regression,positive
55d3023bad47df9b0ac1,Logistic Regression,positive
bae912e56d5eb36bb044,Logistic Regression,positive
f70ef7add7ef6a531cd5,Logistic Regression,negative
c1fbab60ebec6c03c4d7,Logistic Regression,negative
4cad19d328d83ef40c3d,Logistic Regression,positive
67ad09372e353e5a70ee,Logistic Regression,negative
feecc3f6350a294d61bd,Logistic Regression,negative
b04e3b67e668dacbe7da,Logistic Regression,negative
1f22a38ba03bb1d66121,Logistic Regression,negative
103b8650bfcdd178bdc7,Logistic Regression,negative
c53d5dd29f4ff64faa42,Logistic Regression,negative
0f919611e22f163d956f,Logistic Regression,negative
808291d22d45d608648c,Logistic Regression,negative
ff3421f404a0409059aa,Logistic Regression,negative
b673cbdb4f76cf2486ef,Logistic Regression,negative
6356d9f7ab2b7732f6bc,Logistic Regression,negative
04f15ff5a908301a7db8,Logistic Regression,negative
cfff6a71845e7f76bc12,Logistic Regression,positive
17f0292780894668de03,Logistic Regression,negative
a31596a4dde5e083bec7,Logistic Regression,negative
3b7565a7aa98bfcd578e,Logistic Regression,positive
c0d40523bb6115716cd8,Logistic Regression,positive
0112e5b28182d39a184c,Logistic Regression,negative
49e07f5aa4f6af53d698,Logistic Regression,negative
0c78bf7c670c2e18cdcc,Logistic Regression,positive
152e4201ded021977f72,Logistic Regression,positive
a3f3711b90cbddc705b2,Logistic Regression,positive
8090b60475fc96b64e04,Logistic Regression,negative
9568d9ea2d641408f224,Logistic Regression,negative
25ede44ce7b101509fde,Logistic Regression,negative
2095e386f963e1fefeee,Logistic Regression,negative
ff2cc732679f8d67b097,Logistic Regression,positive
76106fc14f9b84d432ff,Logistic Regression,negative
8c08a2762014256b5a00,Logistic Regression,positive
88e73fb37feb81a07483,Logistic Regression,negative
6f86018eac9a8374d3f7,Logistic Regression,positive
8edca20e8163d49b4352,Logistic Regression,negative
2da8930445b9b38e42f1,Logistic Regression,negative
168ecd5f05a527444a1f,Logistic Regression,negative
0f62732d76031cfd8ad0,Logistic Regression,positive
48d44a6183ff99d9fe85,Logistic Regression,positive
838f41afee8b8aef7c78,Logistic Regression,negative
99be65fa69f6e894c4f1,Logistic Regression,positive
245e69ba5eed863b2cd0,Logistic Regression,positive
056f70be6bb663e49cbc,Logistic Regression,positive
cc6c6b32dc8fe1483ada,Logistic Regression,negative
518d87795fc562984daf,Logistic Regression,negative
388a7a7ad3d93b895c97,Logistic Regression,positive
8a656fc743bba00885f4,Logistic Regression,negative
5e76f192662b353c5ba2,Logistic Regression,negative
5ca172e6a1df67c5e1ac,Logistic Regression,negative
d19d835ca62f3e2d790c,Logistic Regression,positive
f965748c44b3f7fbeab2,Logistic Regression,negative
f851aa4cee17d2c44f28,Logistic Regression,positive
2dc8b590b15febfb5129,Logistic Regression,negative
8666d6c45d263263e5e9,Logistic Regression,negative
7c33099858b9713452f1,Logistic Regression,positive
c91c3f63b438df4169ef,Logistic Regression,negative
98df51feb70e75e75f63,Logistic Regression,positive
2ad7ab0cb0ed627378a5,Logistic Regression,negative
21d121203c0d740bbc54,Logistic Regression,negative
8597e7b478cb6ceb5be1,Logistic Regression,negative
dcf509d5d28fcf8ef958,Logistic Regression,negative
43bc66de6921e17fe14b,Logistic Regression,positive
f3494e2ba3a9550da946,Logistic Regression,negative
26241eba58d2be117227,Logistic Regression,negative
9352405be883745aad06,Logistic Regression,negative
73ccca8f86fcf1fdba89,Logistic Regression,negative
bd5609b6989cd2bc7616,Logistic Regression,positive
ae1bca0b57ea0b6b6e04,Logistic Regression,negative
6bc128d7779e88d411b9,Logistic Regression,positive
4eef3714756278b7b808,Logistic Regression,negative
e8dfd4c99fe413597963,Logistic Regression,positive
c52601d194054335fba7,Logistic Regression,negative
a215114ff6ecdfede3f2,Logistic Regression,negative
155a4763c213e6e61b7d,Logistic Regression,positive
59f4139d03ae38dc0def,Logistic Regression,positive
81bf4a1dc13a69f0b452,Logistic Regression,positive
0d7a6dca5e955532638f,Logistic Regression,negative
5259c0cdc1aa2a43e7c3,Logistic Regression,negative
212fa175748a3095916e,Logistic Regression,negative
49b1f9559e982d13c239,Logistic Regression,negative
02f0385f8dcc2b819d36,Logistic Regression,negative
d8018371e7312b499e8b,Logistic Regression,negative
fb8cd370af79481c6076,Logistic Regression,positive
7619aa29b027d1f38031,Logistic Regression,negative
1d8ac6e604b5a1158efd,Logistic Regression,negative
ce3964d36611b4d6ec27,Logistic Regression,positive
c0b728152abb09acce3d,Logistic Regression,negative
78187b6465412052714d,Logistic Regression,negative
42af710d57526d8a1fec,Logistic Regression,positive
d9aa545f099fe16f5053,Logistic Regression,positive
031d69672fbfeb43c5b0,Logistic Regression,negative
3bbea36d3e97c1939f92,Logistic Regression,negative
0566bcd9d3c0548d24e7,Logistic Regression,positive
49b6fbfacc9591e44b38,Logistic Regression,negative
77059e7636574e4b3476,Logistic Regression,negative
55f6717aff07c63b315c,Logistic Regression,negative
682445083f3be121541c,Logistic Regression,positive
cb10542888425a505f8d,Logistic Regression,positive
42c0470da29e842008a3,Logistic Regression,positive
813ac09828a0a8c6774a,Logistic Regression,positive
c90533fa75bda49d0aee,Logistic Regression,negative
e1857f0dc4d15f3f9605,Logistic Regression,negative
f6ec36ca1cc90e97dde3,Logistic Regression,positive
4d04c0436bd1437e7509,Logistic Regression,negative
7dff015a463dab18917e,Logistic Regression,positive
9e68a0288b026f5d86a2,Logistic Regression,negative
b1a9a1e6639391532304,Logistic Regression,negative
ff3e77fb38b52ea7e6d8,Logistic Regression,positive
1f162dc3a9a48f19695c,Logistic Regression,negative
a724d72552ea661f115a,Logistic Regression,negative
e03d83d9b88fe9a93ff9,Logistic Regression,negative
1ed039a197c1b9a6b083,Logistic Regression,positive
9f27e817aa62dd5218e4,Logistic Regression,positive
aa77735cf998fa415069,Logistic Regression,negative
b5e3b4d70da772be7f8f,Logistic Regression,positive
fbf1b38aa10ea8929c9a,Logistic Regression,positive
97e2c46afa78053e734d,Logistic Regression,positive
4c1d8f655fef031457df,Logistic Regression,negative
dd25807c4bd1c90903c5,Logistic Regression,positive
be5d768415a533f1993c,Logistic Regression,positive
3b25ddad8a1de99e4f7f,Logistic Regression,negative
99bd7102aa71a2824901,Logistic Regression,negative
ca88d156ce9afa42f56b,Logistic Regression,negative
f876e771bdd35e24fbdc,Logistic Regression,negative
5e86a5e3b9d5d7b21fa9,Logistic Regression,negative
9d66f20f589d8c6b67d4,Logistic Regression,positive
092d04fd54d73a6d6746,Logistic Regression,negative
66905728d1b5237713cf,Logistic Regression,positive
31eda9ea82d46bbc1786,Logistic Regression,positive
a67ad86baf62d383d3e6,Logistic Regression,positive
b2275590579703d8219c,Logistic Regression,negative
e1c4a4f8c1e70b067fad,Logistic Regression,negative
e555d0cfa079b838f6a6,Logistic Regression,positive
5f4fa6a08f6dd5479117,Logistic Regression,negative
f4f3181209c7928eb75c,Logistic Regression,negative
46c449dad6f29e8d96b6,Logistic Regression,positive
0f895c77271617b65aa3,Logistic Regression,negative
074aee4f2ee36361b1c2,Logistic Regression,negative
b0f0a758a489765c2c54,Logistic Regression,negative
41d373c5a8c11a388bd2,Logistic Regression,positive
2db1f2438250c3dae67d,Logistic Regression,negative
3ae7dbdfdb2449aaf292,Logistic Regression,positive
c8f156c1710f42eddc78,Logistic Regression,positive
4a88817d64af9ed18a42,Logistic Regression,positive
605c152606a36de359f9,Logistic Regression,positive
cb8b6e0c1e445fb6fc1b,Logistic Regression,positive
a200c1938582f95fc864,Logistic Regression,negative
f380575215786d933d67,Logistic Regression,positive
9be833ac76f1745fb466,Logistic Regression,negative
f37014c3e3cae8ef7563,Logistic Regression,positive
20601eebe11f6e94ce74,Logistic Regression,negative
b32cf7f6f7644c538316,Logistic Regression,negative
469d12cd935b3d97bf87,Logistic Regression,positive
1848ca49df1deede40ff,Logistic Regression,negative
d5b2a7068ae6ea5ab729,Logistic Regression,negative
fb6d8f42a246602fac9b,Logistic Regression,negative
a6aa893f93dfb6c6d1e5,Logistic Regression,positive
adb5e252e220177f4e06,Logistic Regression,positive
d3fb5cef2cdc39828dc8,Logistic Regression,positive
7f48a0eb9afbe764e2b9,Logistic Regression,negative
88ce6b556684142ab54e,Logistic Regression,negative
9892423ecb3332358e17,Logistic Regression,positive
51f2a604669aec3ec10a,Logistic Regression,negative
2c1e717645e42ec6dbce,Logistic Regression,negative
e4d90d6da2e27baf8ca9,Logistic Regression,negative
b9caa237bf99a0fe565e,Logistic Regression,positive
08c534ab3b305aab8553,Logistic Regression,negative
2e5164ec16bf2a3b1305,Logistic Regression,negative
1f3e3e81b731fbaa75f3,Logistic Regression,negative
81421b9628d889aa366f,Logistic Regression,negative
b9687388611ea0774016,Logistic Regression,positive
846e74963dd7a06e7cc7,Logistic Regression,negative
5eb3490a9d653d04f4cd,Logistic Regression,negative
d8f6b7d9416fd5101550,Logistic Regression,negative
84ceb16bae0b217795a0,Logistic Regression,positive
ffad0679815f36a40781,Logistic Regression,negative
6ee1c7432b60e3a15c14,Logistic Regression,positive
17c78357a39d75cd57a9,Logistic Regression,negative
4dba566d839538b4b246,Logistic Regression,positive
0f83f9b4b920d34da072,Logistic Regression,negative
db21d06095ea0cc45ec9,Logistic Regression,positive
e5483f6ea00017e681c7,Logistic Regression,negative
745bf2587e599e177409,Logistic Regression,positive
7efdd3d93bce2a14759d,Logistic Regression,negative
2fb20428ed285f6e1a5b,Logistic Regression,positive
a34ea7f262cce7297690,Logistic Regression,negative
1c58982c1856e0d4a81d,Logistic Regression,negative
317ab1c731e83172a653,Logistic Regression,negative
ba3fd0bbf8afc9af76c2,Logistic Regression,positive
0edf592d57629f31330e,Logistic Regression,negative
545e5f43f8d619c611f7,Logistic Regression,negative
500a2601baa377a9d29d,Logistic Regression,negative
6ee906cf30be64cd66e4,Logistic Regression,negative
e6b133cdcced884b23b1,Logistic Regression,negative
7651a4044fbbadd36399,Logistic Regression,negative
ac9785a1ba42c3c1cc8e,Logistic Regression,positive
c901610c7dbdc927f474,Logistic Regression,positive
73c952e33173df5b0d85,Logistic Regression,positive
36eaa42d3f064dab7386,Logistic Regression,negative
8f2608ac342c0dbc325a,Logistic Regression,negative
f5fc3d68d2db4276b77f,Logistic Regression,negative
49804133f9b51a50fc25,Logistic Regression,negative
08bc61a862501a678997,Logistic Regression,negative
9bb1a286d9943b23eecd,Logistic Regression,positive
dde36de089302ececd61,Logistic Regression,negative
c2a00c0b6353701915a1,Logistic Regression,positive
df29c7e507ad18629ebf,Logistic Regression,negative
9bc0b5f020750352a3bb,Logistic Regression,positive
361873fa616cfb453941,Logistic Regression,negative
c48801526c5d7d8a0f18,Logistic Regression,positive
987ce38c659673266247,Logistic Regression,positive
4dce079d0acf1f1c9850,Logistic Regression,negative
2aefe40372dc9e12fb81,Logistic Regression,negative
617ba4a6e636c61e8d6a,Logistic Regression,negative
859e0b9fe9dc2f14406e,Logistic Regression,negative
f9b3f0604c9050cc3ad9,Logistic Regression,positive
eff1a6399c3b64a8c9ae,Logistic Regression,positive
0a772eafb8a872b1c212,Logistic Regression,negative
0fe029fbb2c2ef6f3fde,Logistic Regression,positive
509ab01c5fc96a947ba6,Logistic Regression,negative
8debdf980b140eb78693,Logistic Regression,positive
f843c1faf43a6f5ca8e1,Logistic Regression,positive
14af55651a6a66583ad2,Logistic Regression,positive
961ecdde0ff16284db1c,Logistic Regression,positive
e6912bc2f75de762b72d,Logistic Regression,negative
66361d8567da88ab9f03,Logistic Regression,positive
683fff1606b4dfaf1efa,Logistic Regression,negative
6b35d69e16603726fba8,Logistic Regression,negative
9977257e0e3dbbec3a59,Logistic Regression,negative
cefd489519d19cb39e41,Logistic Regression,negative
bd1459b3f2b167539a0f,Logistic Regression,negative
60785ce078f780c5c957,Logistic Regression,positive
3d82abd858814b9ba8d2,Logistic Regression,negative
5c702439ff49b588a174,Logistic Regression,positive
ef36336de82822d636fc,Logistic Regression,negative
c415da92459cacd8ef97,Logistic Regression,negative
faf32452d7c4ccb0abca,Logistic Regression,positive
f8afcae44fcf89f02845,Logistic Regression,positive
f43b9aa36ab6fe08c94f,Logistic Regression,positive
00b95996c517952a39e1,Logistic Regression,positive
182310eea76275109c7b,Logistic Regression,positive
d6c7d38d5f85d7bcf492,Logistic Regression,positive
52a2b1bbb27c0d718575,Logistic Regression,positive
2a2d90b0ef2d4428445c,Logistic Regression,positive
a358dbbce81fb0640629,Logistic Regression,negative
fd3c047aaff62f24b11a,Logistic Regression,positive
7614935a8c8628f969bd,Logistic Regression,positive
f9f24a6d7c0caf9de0f4,Logistic Regression,positive
735aeb915ba564b0af40,Logistic Regression,negative
266b50882139b7cadb8e,Logistic Regression,positive
eedb72eb878afa63f454,Logistic Regression,negative
a1e705a8cd440205aeb3,Logistic Regression,negative
0291ceb79e2177ea139b,Logistic Regression,positive
27b3998e3e6ac69506f4,Logistic Regression,negative
7b0a29132477d580e908,Logistic Regression,negative
11484890e308dab474b0,Logistic Regression,positive
147ca558002621a390a6,Logistic Regression,positive
396a40409b2c46623645,Logistic Regression,negative
360e814c7d6a55f97c7d,Logistic Regression,positive
f605a5bab1bd0431468b,Logistic Regression,positive
079328d2fe423c8e1273,Logistic Regression,negative
28629693a1655ed1e6cf,Logistic Regression,positive
43033b022a44bd292b0a,Logistic Regression,positive
65201d7b09ab8a1fa871,Logistic Regression,positive
37bc20ea0d837374041e,Logistic Regression,positive
73bbcb0366634d772158,Logistic Regression,positive
5b8ad4c495e57ca721e4,Logistic Regression,negative
8db552369ce01c14c7c2,Logistic Regression,negative
e31c5b0eac2cb8a8edb2,Logistic Regression,negative
f1f2bf630ec8dd95022d,Logistic Regression,negative
c404a2ab1b1413be8bdb,Logistic Regression,negative
8f84a829a34226d7d8a7,Logistic Regression,negative
f32ab3ad2a8bba70d78d,Logistic Regression,positive
a6b3c8389331b4cbd2ff,Logistic Regression,negative
f06d1bfaecb0960868ce,Logistic Regression,positive
fb198942a41d314bf213,Logistic Regression,negative
7a840a58eda1709620cf,Logistic Regression,positive
a603e1a438b2d9deab3c,Logistic Regression,positive
672414e5026201ed8b1e,Logistic Regression,negative
c67aa0fb4e92242c391a,Logistic Regression,negative
ff7e98909654b6c72ced,Logistic Regression,negative
97b0e0fee90c5dc524a0,Logistic Regression,negative
6e0d7237326524ed1758,Logistic Regression,negative
dff7b06a4643fe300f52,Logistic Regression,positive
0aa48b1b98b3b3e3d1c0,Logistic Regression,positive
b369f1d43aa8ee24f3c4,Logistic Regression,negative
98aab93d35c688da9083,Logistic Regression,positive
1543e19a56f9dab39574,Logistic Regression,negative
6c8fb7543ad9a95aa8f9,Logistic Regression,positive
4601c42f58e61a7988a9,Logistic Regression,positive
9cd442e0300447e7d129,Logistic Regression,negative
cbd7de5bb79b3c69f55e,Logistic Regression,positive
621a5d5573ed7c603037,Logistic Regression,negative
fdc59961134e3b63b137,Logistic Regression,positive
a174ae3311f2fa3878eb,Logistic Regression,positive
b88708d507f23f997578,Logistic Regression,positive
cce428b03d3c8f047999,Logistic Regression,positive
6a16d3c9a810dee7b6ed,Logistic Regression,positive
8f63f6aff2e5681eca0c,Logistic Regression,negative
5f41f67a3ed3ee34a63b,Logistic Regression,negative
6c2e27f3a19cee4a1dee,Logistic Regression,negative
22b02f232545bb416555,Logistic Regression,positive
c55b20d117bcfd20f274,Logistic Regression,positive
267f0feb38289222ad9f,Logistic Regression,positive
5eb34363d3df16aaba9f,Logistic Regression,positive
c5ec83303c77706272c4,Logistic Regression,negative
bf6f2a5ce8d8c970200d,Logistic Regression,positive
c61e87c54843b611f69b,Logistic Regression,positive
ac7890b1c87ff5436703,Logistic Regression,negative
dbf9b143531682a07f69,Logistic Regression,positive
f84fddd17e7be9ec9c05,Logistic Regression,positive
3f5b12bacf82ae94fec6,Logistic Regression,negative
54c37d111e627f40ff2f,Logistic Regression,negative
c01c38b0b3d8110c6f4d,Logistic Regression,negative
09e752269c6d6438286b,Logistic Regression,positive
a39e0c71f43c03443464,Logistic Regression,negative
1400409811b4d5c8e399,Logistic Regression,positive
f460c02073df31a3ee75,Logistic Regression,positive
28c49486b03cd2d3baae,Logistic Regression,negative
3cb7e91f1afb65f8f34b,Logistic Regression,negative
3bc191d1312bc0131b89,Logistic Regression,negative
d1bde6abc89007c04420,Logistic Regression,positive
49dc2def8c3ce92f4876,Logistic Regression,negative
93cc0b8997c37a57fb8d,Logistic Regression,negative
1d968fe5bd71a823a9b6,Logistic Regression,positive
bfc7fdcb4079ec413cb0,Logistic Regression,positive
bbcb95122f084e3ca8c5,Logistic Regression,positive
76bd08ef99d79e8316c9,Logistic Regression,positive
3bd197d302ba17af6d82,Logistic Regression,positive
f72c5f5b10b49022f5e0,Logistic Regression,positive
05888cbf1c8c46e52575,Logistic Regression,positive
1b76b0bb5af4e862e9e0,Logistic Regression,positive
9adde2f755d2de02cd4f,Logistic Regression,positive
25ee3c78b1682d690e37,Logistic Regression,negative
c4977d0d8ee40543936d,Logistic Regression,negative
37ef1c44a8b5a4950ba2,Logistic Regression,positive
4b9080d8634a1c835acf,Logistic Regression,negative
b890cf15526ccf8d6091,Logistic Regression,negative
20ef0172c6c1ee228dc2,Logistic Regression,positive
ede98a648de1a3f8f762,Logistic Regression,negative
75e88f2c2dbca209bd85,Logistic Regression,negative
6588088eb116920dde16,Logistic Regression,positive
6d2730df2b0ddfcf48a3,Logistic Regression,negative
2d363bc7f524650d66be,Logistic Regression,positive
d9e6b7101a61b3252b7e,Logistic Regression,negative
ce0af3b2b296d30074ce,Logistic Regression,negative
1c120e70b16623145ab7,Logistic Regression,negative
95e982d79b94a30aa31f,Logistic Regression,negative
88b63ac48443f800cff1,Logistic Regression,negative
a997b197a133979f4114,Logistic Regression,negative
2b1c07758699bbc472f1,Logistic Regression,positive
4a22496e7f30abd4340a,Logistic Regression,positive
1f55607e5392455f5763,Logistic Regression,positive
6f33390f6483eb16dc00,Logistic Regression,negative
e61e7a8157917b9c775f,Logistic Regression,negative
c982a991f3c1bfa8db5b,Logistic Regression,negative
fea263e52999c578613c,Logistic Regression,negative
95a8940ffc2a0298762c,Logistic Regression,positive
f4ad0ee5d940ea0dc4f8,Logistic Regression,positive
42944af29b23b88e60a2,Logistic Regression,positive
157983a8f4ab26a7a622,Logistic Regression,negative
ce1efc08556fc6685e3c,Logistic Regression,negative
4cb24de9d008761e0b3a,Logistic Regression,negative
9c7334742f8f1e97810c,Logistic Regression,positive
e63f13304516df87bece,Logistic Regression,positive
0a742ccdeecbb0471a5a,Logistic Regression,positive
4a647ac2a65197577c0c,Logistic Regression,negative
f14a758d750962cd872e,Logistic Regression,positive
4b08ddb9d3036e75754e,Logistic Regression,negative
db7ae42fb0e2ea0fa596,Logistic Regression,positive
89806da0c77fdf2701d6,Logistic Regression,negative
08646e2413675a046723,Logistic Regression,positive
e7d268dd8ac26ba18f5a,Logistic Regression,negative
514bf153134a9b76a81d,Logistic Regression,negative
b77f8ad21127a0d60893,Logistic Regression,positive
79f882dec6755edad5d2,Logistic Regression,negative
9700f5ec7a389dd77aaa,Logistic Regression,positive
71cd48d49e66afac87ee,Logistic Regression,positive
f73e615512870308caa6,Logistic Regression,positive
38d89b0a0faed9986440,Logistic Regression,positive
8b3146b1e6592bf6c127,Logistic Regression,positive
eacf63efd1399d8da119,Logistic Regression,negative
dad9ab2b6f3f2aa43319,Logistic Regression,positive
456bc97c5f52c1eb77fa,Logistic Regression,positive
0fda147d17f9f9063ee3,Logistic Regression,negative
af723d2de92e93b92199,Logistic Regression,positive
64fe7e604171d6ccc3e6,Logistic Regression,positive
f429969e58048fe25f07,Logistic Regression,positive
3a42bc832e2705e65430,Logistic Regression,negative
c1bde4ae966365e736fd,Logistic Regression,positive
34d9e99609c6563a9b31,Logistic Regression,positive
022798c60a65d5296eee,Logistic Regression,negative
320c14917dadc470879f,Logistic Regression,negative
78ecc47528e97705fd15,Logistic Regression,negative
c73475c00f5e688a320e,Logistic Regression,negative
a9db0059b101cfe31e9c,Logistic Regression,positive
794f585b5ed9a6f3649f,Logistic Regression,positive
b773009b8c2f4d6406fc,Logistic Regression,negative
2665c573872f2fdb40bd,Logistic Regression,positive
cfb5eec6a9573be79b28,Logistic Regression,positive
55d0b0121b36146532fb,Logistic Regression,negative
8461eac40faa9ab2b671,Logistic Regression,positive
2dff93e8f700734dc92a,Logistic Regression,negative
ff28d88fff9b9ff14c9e,Logistic Regression,positive
8d5f6d5e3e41ca1b3a07,Logistic Regression,negative
5ca9a24f8bc77f3e49ac,Logistic Regression,negative
6ff1dd218712c61265a8,Logistic Regression,negative
8bb682392a2611a53ab4,Logistic Regression,positive
9e5eb34253e3568aba2a,Logistic Regression,positive
388f42516b5b79c8c14f,Logistic Regression,positive
49d802444c267b0bc5e5,Logistic Regression,positive
f2e3afcafa7620496561,Logistic Regression,negative
9fab560ac6eaffbbc344,Logistic Regression,positive
90a08bcb552eebc780cc,Logistic Regression,positive
0f4ecd474f4f9dcfcd90,Logistic Regression,positive
cef5499fb7b512c11a22,Logistic Regression,positive
515e0a704b44f9599576,Logistic Regression,positive
5d2467cc7c61fc32cca3,Logistic Regression,positive
bdb114b699a2a0a3f195,Logistic Regression,positive
a86d1189171b196bc8a0,Logistic Regression,positive
f2c26d830fe07a14178c,Logistic Regression,positive
16d3e65bb4571a14a9d7,Logistic Regression,negative
8ed5bff8a68c6d8a81e0,Logistic Regression,positive
32b7ffb47cba77cb3bcd,Logistic Regression,positive
3b7134211106efe671d1,Logistic Regression,positive
cce647ab2834b584d71d,Logistic Regression,negative
8c3f4a36eaa90a4b8164,Logistic Regression,negative
27986f72e12ed60df67e,Logistic Regression,positive
c0d87a1e787206560bef,Logistic Regression,negative
5f117b187430a46feb7e,Logistic Regression,positive
038b70ea7280cbb4cd47,Logistic Regression,positive
3a95ae118e3a5ccc13f7,Logistic Regression,positive
3d1c368985213cbf9f1c,Logistic Regression,negative
d1f489d580f2d1a62179,Logistic Regression,negative
ccb49d2dcb0867096237,Logistic Regression,negative
d294db5746ae5553a045,Logistic Regression,negative
d306a0cdeb54bcc5ad16,Logistic Regression,negative
f32f4e3c93b9389ea4aa,Logistic Regression,negative
4b8f93eb9ead8230f662,Logistic Regression,negative
f4c8f36513f3d97715dd,Logistic Regression,negative
3483aa32e92a54ec79fa,Logistic Regression,negative
cd4c2dc2d7da7e74ffed,Logistic Regression,positive
857c9f154be300803b32,Logistic Regression,negative
3b01c190ac99f0c6dae1,Logistic Regression,positive
bf24479f79e6c68432c5,Logistic Regression,positive
bb3b56e897af60a633b9,Logistic Regression,positive
0a1f426c617c8d7c7d69,Logistic Regression,positive
89a85de4732e1843a391,Logistic Regression,negative
38c0ff39853706bfb251,Logistic Regression,positive
c6b6a240b3254bd02443,Logistic Regression,negative
02ce01468615c7e4c9dc,Logistic Regression,positive
d2003a366e9e2c7ce8c0,Logistic Regression,negative
fa21e146eac88a9a5faa,Logistic Regression,negative
e4335dc270e591d7bd17,Logistic Regression,negative
a37a5865a0664b385f10,Logistic Regression,negative
8ab0f35dafb0c5baeb93,Logistic Regression,positive
dc58c6be34d530709727,Logistic Regression,negative
28036725be08361e1ab4,Logistic Regression,negative
bb63d240e43bdbe2a753,Logistic Regression,negative
3cf4ffc55c1fcbd6d708,Logistic Regression,negative
53c2ff0c1b0d3536786c,Logistic Regression,negative
5520f0e7e735a89911b6,Logistic Regression,positive
0882bac430508d4fa8b0,Logistic Regression,negative
5c2b079c00a57c82adad,Logistic Regression,positive
98f6dd7392314f1571ce,Logistic Regression,negative
8852d6236d1e5cba83c6,Logistic Regression,positive
bf2c48679a942e96ce78,Logistic Regression,positive
d01d893c8f864398c739,Logistic Regression,negative
65869fa59510b261128c,Logistic Regression,positive
961f69727482dbc229a1,Logistic Regression,negative
041853527a26454e0cf3,Logistic Regression,positive
6d9ec92fd42d8532c201,Logistic Regression,positive
ddb319ac849ab3756fc8,Logistic Regression,negative
d24c1fb8e9d88e26d594,Logistic Regression,positive
0e38fdf19ade7da113b8,Logistic Regression,positive
514a798931f225585e0b,Logistic Regression,positive
540c50b1ef5c450999e4,Logistic Regression,negative
db8904da171194f9a58c,Logistic Regression,negative
f3538bb8d560c393f21d,Logistic Regression,positive
69cab82ed1f5a7b588b4,Logistic Regression,positive
f2cfff9c2f96df80b934,Logistic Regression,positive
bb9af2ebcbad6b8df079,Logistic Regression,positive
9c4403a7a88f8bbdc22f,Logistic Regression,negative
5cf397d81d0ece5a824b,Logistic Regression,negative
b513cf1592208dc43758,Logistic Regression,negative
8967f587ba273bb6b6f7,Logistic Regression,negative
26801c6c5971541bdadd,Logistic Regression,negative
93db743ae5a60cd69bfd,Logistic Regression,positive
85a4e5716baa4a0bd93e,Logistic Regression,negative
4d07d02fbf0cc2edec99,Logistic Regression,negative
a64d9568f7ff33d93177,Logistic Regression,negative
d94c66847426ee5291bc,Logistic Regression,negative
ed0eeb6da89c4cfeaefa,Logistic Regression,negative
5949cfeb50df8145aac8,Logistic Regression,negative
239e35dcaa96a9a37e34,Logistic Regression,positive
909f04e87ee0e2f9ad0c,Logistic Regression,negative
6b8b349d1e82228acc9e,Logistic Regression,positive
a1689064a6ab18dfa477,Logistic Regression,positive
391cb5ed2343f79cc4cc,Logistic Regression,positive
c5579fd03096d1d2a096,Logistic Regression,negative
73de7925fc46f3786912,Logistic Regression,negative
1438a973a2a486d1d1cc,Logistic Regression,positive
63b74515dd8ead56d97b,Logistic Regression,negative
6bb7f3aed90d2ffadf99,Logistic Regression,positive
b64528c913480ae37135,Logistic Regression,negative
eece6ea12125dee2989e,Logistic Regression,positive
5eada21dc254ce656609,Logistic Regression,negative
5c7bd88b10eab64ec820,Logistic Regression,positive
3cee081bf126cb16cedc,Logistic Regression,positive
f77ef40ab51b41760292,Logistic Regression,negative
9fd67a75a8e074b26df0,Logistic Regression,negative
bc992673eb452825445a,Logistic Regression,negative
72435d1c3dff9b68425f,Logistic Regression,negative
38e09dd10171a0f36090,Logistic Regression,negative
c6890118e2dd99d2c5be,Logistic Regression,negative
d6518e22601ddd66f0d5,Logistic Regression,positive
af599b6c6d2f6efe4b3a,Logistic Regression,negative
4498bb7b763e864228a8,Logistic Regression,positive
13461cbc1e01b6dce602,Logistic Regression,negative
5c30fe3e26670174e3c8,Logistic Regression,negative
3ed2b92d4ae0fbbefeb4,Logistic Regression,positive
d78e95e01f25e412fd48,Logistic Regression,positive
9ed3f0ac5ab5dc460c25,Logistic Regression,negative
41a5b694fdd1ddc010c2,Logistic Regression,positive
2363279c12f1580a5e3b,Logistic Regression,negative
9a35a441d10ae1b34246,Logistic Regression,positive
b1299eeca9634f0df5a7,Logistic Regression,negative
c4966fd7c36b1a812802,Logistic Regression,negative
c38a478f1d540f70197c,Logistic Regression,positive
677f9f73f84496c73f2f,Logistic Regression,negative
6eb6c43e3bd388233c52,Logistic Regression,positive
2b0fa251aa48ae91cd29,Logistic Regression,negative
3db17e33d3f93de1b456,Logistic Regression,positive
eee744d5f128086dbc74,Linear SVM,negative
ff24653a340a54e72a81,Linear SVM,negative
c57cf03017fa619ca90e,Linear SVM,positive
33a136af572f1c18c971,Linear SVM,positive
d082127dfff3d1298889,Linear SVM,negative
817226953257b0ef8856,Linear SVM,positive
bfd5246bfbcde6654cfc,Linear SVM,negative
dd31dcb355f964ddd20f,Linear SVM,positive
4c5705df44c511a6e88a,Linear SVM,negative
ea0059066484438f94d4,Linear SVM,positive
839940374d1381613866,Linear SVM,negative
142c3aa9583d88eb048c,Linear SVM,positive
252926035e089ca748e3,Linear SVM,negative
695221bfb7a8624e13ea,Linear SVM,positive
7c0b1085632c70b7de1c,Linear SVM,negative
7288a5d658b6599418b4,Linear SVM,negative
cf655b6b22d6e0769281,Linear SVM,negative
7f53385d981fbc98568c,Linear SVM,positive
447b9950d9a6646c711f,Linear SVM,positive
e1a209dfb07e1a3dae9e,Linear SVM,negative
2cbf626fb27d16cab295,Linear SVM,positive
8fdec5f18d0f71b29166,Linear SVM,positive
4cca53795a070066a23b,Linear SVM,negative
b561914e103fb6282354,Linear SVM,positive
65e4bd666334150029f0,Linear SVM,positive
f153e834b296bbae898f,Linear SVM,positive
8dbae8944cd20207879e,Linear SVM,negative
2fcc1bed07631b10bbd5,Linear SVM,positive
08f4e437dd1d28f2127a,Linear SVM,negative
25f6f4242bc09dd2d346,Linear SVM,positive
4453f1b1b75a2175e197,Linear SVM,positive
8585b0c749b4c67062ad,Linear SVM,negative
d1580737714650bb5f05,Linear SVM,negative
6289f3eb8cb0c5b294db,Linear SVM,negative
e6fe044fbba7c0e238ad,Linear SVM,positive
53ea88c551b8eb085578,Linear SVM,positive
e8c3b41fefbeabf6ade5,Linear SVM,negative
09b4c3b3070fb2c483e8,Linear SVM,positive
857a5ca88a4c74ef51de,Linear SVM,positive
bd83605ba1d11ce8bc73,Linear SVM,positive
d8ed6cdd92dadf9c5624,Linear SVM,positive
37024536d0996ffb52fe,Linear SVM,negative
1c4c66de45f8f22d060a,Linear SVM,negative
0662c942ae39ecd38114,Linear SVM,negative
ec8effb0acaf932a17cb,Linear SVM,negative
d933254d94f14da6d9da,Linear SVM,positive
c58a3101db4e67e72fb4,Linear SVM,positive
3d034985a9839fde9834,Linear SVM,negative
ffa444a427efa663f03b,Linear SVM,negative
dce17db45727a2b12205,Linear SVM,positive
c9af3d35a0e616fb6726,Linear SVM,positive
fce2ee70317220e1776b,Linear SVM,positive
5c949e08d096934b7c06,Linear SVM,positive
0f9069160e698e260d22,Linear SVM,positive
1c015a83a380965cdfa4,Linear SVM,positive
3a54877bb82c8855fb87,Linear SVM,negative
0cac6d2a914c8331dccd,Linear SVM,positive
281a6bd6ac7b56ae6cc4,Linear SVM,positive
327adbb0b2d7b2ec5f57,Linear SVM,negative
3f50e0b6b6dcd9dcabb2,Linear SVM,negative
2b7f3223a6959607d26f,Linear SVM,positive
08690a977781711a5dc2,Linear SVM,negative
0d6925c613417ca3e0b9,Linear SVM,positive
ea8a8a39c4a763fe0eab,Linear SVM,positive
e76d4193e32ab37ed124,Linear SVM,positive
abd881c9f881d2e133a0,Linear SVM,positive
11728ee597738994e3ac,Linear SVM,negative
a11a3f77496b028cdce0,Linear SVM,positive
375e1006c21607aa9af0,Linear SVM,positive
aea16df5a29901167a4a,Linear SVM,positive
bb7135c020d245e1774c,Linear SVM,positive
0c74ac3b166736099da0,Linear SVM,negative
8dc74fd71709ec384929,Linear SVM,negative
472b1e0b579f1c7c6058,Linear SVM,positive
3428cb59c6aaa25b02e6,Linear SVM,positive
ed0c32e1761e03d9d2ec,Linear SVM,negative
2b969fc252a37fc78974,Linear SVM,negative
f7739a748b2fdae25c7a,Linear SVM,positive
83f800db6f622e690a2a,Linear SVM,positive
ffcbad8b36c333bf7de6,Linear SVM,negative
782b7dd5ef98ff25b7af,Linear SVM,positive
5f15ba40bf5a308f933f,Linear SVM,negative
3d2046fca69f9577a08d,Linear SVM,positive
4359b957ccf998f7cabe,Linear SVM,negative
c3bb7e4bb07a4a1469c7,Linear SVM,positive
4eab5a20bc4066f005f5,Linear SVM,negative
74a99046573fc2119734,Linear SVM,positive
9734abb36e12a050c188,Linear SVM,positive
6242c4ec69eaceb7c542,Linear SVM,positive
636fe5f3bb1e64e82d96,Linear SVM,positive
62a9ef66e1ff4c520620,Linear SVM,negative
32fd9a70a9c0a9a1aed6,Linear SVM,positive
bf6d25ec32b7b65b4428,Linear SVM,negative
73c541f617b4e1e37c29,Linear SVM,positive
19d22e8acc7c5b20b244,Linear SVM,positive
e92297599579e20d7ba4,Linear SVM,negative
38f3e9d6c98cca8121e2,Linear SVM,negative
35f1bbd557e8dd92f7d3,Linear SVM,negative
9638c9a73f30215440b3,Linear SVM,negative
b9294bbb225b5ed8873c,Linear SVM,positive
04e70bfdc637c10d0409,Linear SVM,positive
efaa9ec5b0c1e837b204,Linear SVM,negative
ee8e7c0c1268ea111f73,Linear SVM,negative
8ca9beb11232a610fd26,Linear SVM,positive
a8cdce19644b93e15e60,Linear SVM,negative
486367613cb18ee247a3,Linear SVM,negative
2862c7d7b6fdbe16df73,Linear SVM,negative
82d494881d77fb5e3d88,Linear SVM,positive
b2d08a93ceb3749595ad,Linear SVM,negative
5b8103aab2a9d0bed0d0,Linear SVM,negative
b2e845758016acb898c7,Linear SVM,positive
f06e6ebd07d91f54f017,Linear SVM,negative
572adf0cde3d2775ffed,Linear SVM,positive
b4eeeb8bac6548d7f435,Linear SVM,positive
f6d7bcf663f31c91b43a,Linear SVM,negative
dab2167948b7d02b2438,Linear SVM,negative
7510953884104aa9ff6c,Linear SVM,negative
1b918efd268cb9cae2c0,Linear SVM,positive
cbb8fa276ce751089971,Linear SVM,negative
de51f554ca66f11c7d4d,Linear SVM,positive
0a9e413bd779de05accd,Linear SVM,positive
099f901020b90a0dba7b,Linear SVM,positive
20faf3f34cc8a6a95796,Linear SVM,negative
138a89293fadb93b346a,Linear SVM,negative
8bed391089491836f5eb,Linear SVM,negative
8abe57332430694dd008,Linear SVM,negative
82697b41113517a467ee,Linear SVM,positive
281af41f391c65d4d3ea,Linear SVM,positive
45e182206a6f4e4ec6d4,Linear SVM,negative
a95fe713521d37a5a6a6,Linear SVM,negative
2780f349a370234a72d3,Linear SVM,negative
6a3a969a966fb8bd2844,Linear SVM,negative
6cc1ecf26c7c4a3faa55,Linear SVM,negative
46dbb5079c9138b3933e,Linear SVM,positive
b80b144dfbcc8d7c2a16,Linear SVM,negative
5899a96e3784afe044bc,Linear SVM,negative
a55723aa1030fef56852,Linear SVM,negative
002b9baf13c59940981a,Linear SVM,positive
4fe282f4500827284fd1,Linear SVM,positive
c6d470c47f5dbda69447,Linear SVM,positive
e3e836e4f1ec23013d93,Linear SVM,negative
754b339edaceb45dcee9,Linear SVM,positive
7162ac870c2c67de0382,Linear SVM,positive
3ad0629273ee5fc0e8b7,Linear SVM,positive
aaaa6fc63036769637be,Linear SVM,negative
af758fc49f26d65232fd,Linear SVM,negative
23be94d92af0c70350ee,Linear SVM,negative
61fc8a08d14f7d044b00,Linear SVM,positive
b96448468d01265983f3,Linear SVM,positive
a32ad84e14b196ada7cb,Linear SVM,negative
a9f65f99e2bd807da066,Linear SVM,positive
7cc4b1858aa0ce93442d,Linear SVM,positive
9066d2d784aade8b5531,Linear SVM,negative
907b73ceda8324e00196,Linear SVM,negative
b14196f94c903cb2b0b0,Linear SVM,negative
39cf45f80adb93f7d97a,Linear SVM,positive
398acf79c74d5ec7048b,Linear SVM,negative
3588fdac806abc539a17,Linear SVM,negative
d89ccb8a387e47a097ad,Linear SVM,negative
a40449980c8a3a3cf46c,Linear SVM,positive
86f158c46348622dabab,Linear SVM,negative
03bfd880d0e0bc1a1596,Linear SVM,negative
5380582d94fbc31e3a60,Linear SVM,negative
95cb3df3b3d706097882,Linear SVM,negative
9491a238fcdb9d472fc7,Linear SVM,positive
fc2d759166855fa3af53,Linear SVM,positive
a8066e4db19e15d4f66b,Linear SVM,positive
4c636ab5a6465cdd1fed,Linear SVM,negative
45ac0e3f49101c683c2f,Linear SVM,positive
dadfe489e711079fcb2d,Linear SVM,negative
c3e5af6ca722956c7c61,Linear SVM,positive
90d9694565eb4559ae45,Linear SVM,negative
8bb3d79fb70f88f7cfde,Linear SVM,positive
3c4d8b96d355390a2886,Linear SVM,positive
816e935f98c96aea9195,Linear SVM,positive
d918e17dd18e7b71df13,Linear SVM,negative
38910a67720125ae52b2,Linear SVM,negative
5f5774e830e307c8207b,Linear SVM,positive
3a4adb55fcdafad0318d,Linear SVM,positive
628bdf73d28eaa1006bc,Linear SVM,negative
e29368bf5cb886153fce,Linear SVM,positive
6a66d36e7c450c45dc70,Linear SVM,positive
215a906e3608881eee54,Linear SVM,negative
cae8eb14d7ffb39dea5a,Linear SVM,positive
00f7cda3c069b97d2d5a,Linear SVM,negative
2bb37198f5ff2a036730,Linear SVM,positive
6d3020992b4ec8628a9a,Linear SVM,positive
b48605d8b49508fc396e,Linear SVM,negative
099b7e9200d5d6a9e454,Linear SVM,positive
a8018a8536e4d07272b1,Linear SVM,negative
4fe61468995f8b32593e,Linear SVM,negative
28f86ece013480538926,Linear SVM,positive
fe03b4363a030725e11b,Linear SVM,negative
f7c14de5ca8864c3854f,Linear SVM,positive
20365d9f799866fc6e11,Linear SVM,negative
3ecab720bc490c22106f,Linear SVM,negative
dcd09e85fef8e2c8f99b,Linear SVM,positive
f3bd21ca0e21f779487a,Linear SVM,positive
d9678ff77f1b3a342061,Linear SVM,positive
3cc486a4a42ea71b6584,Linear SVM,negative
3aedd73f048e65da7a63,Linear SVM,positive
1852f4fcd37316a6a6fe,Linear SVM,negative
3b7dc373258a4d670e86,Linear SVM,positive
b0c7bf5677e6cc55aef4,Linear SVM,negative
429202914f141eaf2283,Linear SVM,positive
242af8300b372eab6b8d,Linear SVM,negative
8b93aa1845c1b4fecccd,Linear SVM,negative
64ebcf0dd7d5aa1d6d33,Linear SVM,negative
c5e6bcd29eb42058d03a,Linear SVM,negative
5f259100c26fe8607faa,Linear SVM,negative
225d6b16fcb5e1b3a2d2,Linear SVM,negative
d3e46f067a809d6e843e,Linear SVM,negative
24590ac2b523ec2e350a,Linear SVM,negative
ad4246cf2acef5f9d274,Linear SVM,negative
28590387536baa10909f,Linear SVM,positive
8dd894f327b13ea560e7,Linear SVM,negative
546ce714ce997cf96691,Linear SVM,positive
5ba359ef80ae87bd88a4,Linear SVM,negative
c29c6df547d4d0abeaf9,Linear SVM,positive
2777322e2c7797c798a2,Linear SVM,positive
6cb2128c298e5b1b0cd2,Linear SVM,positive
8ba735a3c33c471b123e,Linear SVM,negative
bbfb949cf060c6bf7ffd,Linear SVM,positive
a861c89b3d6fa43ee338,Linear SVM,positive
9b11fdd83e94c9b972dc,Linear SVM,positive
c359dc4093feee9b44d2,Linear SVM,negative
5b3b215f7e3483140102,Linear SVM,positive
5895ddefcee3b6ad1d2b,Linear SVM,negative
17ec034e0aae2ebc1423,Linear SVM,positive
3b45f171c5d8a11e593b,Linear SVM,positive
2e5e5d17e282f72c1523,Linear SVM,positive
7b769a940fe162492755,Linear SVM,positive
4e72343c226d34b6b950,Linear SVM,positive
79fc6b071b28de41758b,Linear SVM,positive
5e78d8abb94097715a7a,Linear SVM,positive
0a10a3400eeb2c078ef5,Linear SVM,negative
e2481b2986aa3e781b2b,Linear SVM,positive
e759963345200cfeff0f,Linear SVM,negative
104c4ac7cc5caf6b36bd,Linear SVM,positive
4c5a10379bb445b0f9aa,Linear SVM,negative
ae4fbd13bf8f8f4f3cbc,Linear SVM,positive
43452346a2a692906897,Linear SVM,negative
dc0751d2d2767e14844e,Linear SVM,positive
ccc58928b5a54344854a,Linear SVM,positive
3100cda6c29ef8af2e32,Linear SVM,positive
c545b2d368b54c4c2b61,Linear SVM,positive
c07ce03810a317525e20,Linear SVM,positive
f6e6477a2b28ed21fb00,Linear SVM,negative
90b4ed8eb231536334f5,Linear SVM,positive
617faf43ca7f9d401c41,Linear SVM,negative
eef2dc44682dee1a6fb9,Linear SVM,positive
abf39c58d7071dfd5d1f,Linear SVM,negative
7ccf2cd754ec0d742a57,Linear SVM,negative
aa834f4f066b69de5368,Linear SVM,negative
e8890df11846eb92b3a3,Linear SVM,negative
746e635c2139bb0fa4ae,Linear SVM,positive
f5027c6efb906ecb9ac5,Linear SVM,negative
2a7b799bad6dc49af04b,Linear SVM,positive
9767f0e1686803338955,Linear SVM,positive
ae2317079418a105c308,Linear SVM,positive
7f3427d53b8c14927e88,Linear SVM,positive
badc3f1a3d2b0aae8420,Linear SVM,positive
ee9a0d88aa28e08034e3,Linear SVM,positive
1d98c03e8f3735d82bb2,Linear SVM,positive
2bb5ce465a76ae2c3013,Linear SVM,positive
58a864644f1ccc481e1e,Linear SVM,negative
ef2a2f25a1a9e01b4aae,Linear SVM,positive
8a941386e823f723814f,Linear SVM,negative
7fc982ed51c22b86f58d,Linear SVM,positive
aed5ba56ec936b3c6117,Linear SVM,negative
d633b75193b4aa7db57b,Linear SVM,positive
016d56dd57bf46bc3fe7,Linear SVM,negative
77054acae1042aa97bf2,Linear SVM,negative
45d63399ba0c11cf2746,Linear SVM,positive
8f0ee51e4cb199478a2d,Linear SVM,positive
644a723cbdac8d3f2307,Linear SVM,negative
56b643566fc0c83a21db,Linear SVM,negative
d59b862918d0814d5ad2,Linear SVM,negative
bb75b0e7c87a2c0f923e,Linear SVM,negative
e79541e04fb41f6e8ce5,Linear SVM,positive
47b038c8323e2bc6703c,Linear SVM,positive
369c82009943baa22487,Linear SVM,negative
4ed1f3e0716eaa76d8a1,Linear SVM,negative
3797323c8d73e724ae96,Linear SVM,positive
2ae39cf2cfcfff960a81,Linear SVM,negative
323f8468a3d8111f69fc,Linear SVM,positive
4acb86711851999db39e,Linear SVM,positive
8a03a264fff249b03a13,Linear SVM,positive
72c77f78418b246ffe4b,Linear SVM,negative
fda40a93105722c81400,Linear SVM,negative
295d96109b33955d33b8,Linear SVM,positive
0ae7dd16f28fd31147b8,Linear SVM,negative
300913630fe40418c57a,Linear SVM,negative
9a9f7cb75b78fecae75b,Linear SVM,positive
4eeacf54f9b21987abcd,Linear SVM,negative
aa5b2e7e95369b0a6909,Linear SVM,positive
cba3618ef57a3202d62b,Linear SVM,positive
cba013161b66a5cb5e04,Linear SVM,negative
42df59bacf900e16847f,Linear SVM,positive
650a0549501d4e96dfcd,Linear SVM,positive
0da95ae776ce26d29ad1,Linear SVM,negative
25895e0120a68c5fefd3,Linear SVM,negative
8a60d9a666e9d73aa90a,Linear SVM,negative
89c4c62e39f25cb1e3f4,Linear SVM,negative
9a1e7f5461d6095b1e15,Linear SVM,negative
db4e1f754038bebc4e81,Linear SVM,positive
88dd622acddd5850f17e,Linear SVM,positive
b247425278a0f7c9af31,Linear SVM,negative
b2b54d8fc6e8b7308746,Linear SVM,negative
08d26781fc3fbd2023f4,Linear SVM,negative
7eb1fa201badeabe8cd9,Linear SVM,positive
fdd0303bf3b2796c1980,Linear SVM,negative
67108f7cb22bdf952289,Linear SVM,positive
e55cacda149c1bdd143c,Linear SVM,negative
e8be912095866f846478,Linear SVM,negative
b6280fb8344e03c4caab,Linear SVM,positive
4403dfa553c0290e9127,Linear SVM,negative
db820d31a3fff6fad150,Linear SVM,negative
3bdb6cb0d94595dfbab1,Linear SVM,negative
7c48ff00dd2be4f15be3,Linear SVM,negative
c8288e5f15a88bc0388e,Linear SVM,positive
d218f73e1d6264ed1646,Linear SVM,positive
ceed9546e6fee763aed2,Linear SVM,positive
d496a491d7ac0ff72f00,Linear SVM,positive
bd9f37cdc64b106146e7,Linear SVM,positive
03d0caeb11771e26ca44,Linear SVM,negative
aa8e0a933101e7f77d42,Linear SVM,negative
e1e235d642e9ea153ff9,Linear SVM,negative
235c0794d3c6de67b42c,Linear SVM,positive
378fcbb75fde81bbc37d,Linear SVM,positive
6befd02aa74329c9d403,Linear SVM,negative
1ea3b5fc2bc414fc4d3a,Linear SVM,positive
7d687c7dd7f05d5fb136,Linear SVM,positive
5542c4ba023886cbf76e,Linear SVM,negative
929212c113326d74d8a2,Linear SVM,positive
97bb50c855565d0b4c87,Linear SVM,negative
82187b4fa6c5994b744f,Linear SVM,positive
57494c374ebb0fcd9d1c,Linear SVM,positive
5f831df021319d92bbe6,Linear SVM,negative
85083a4cfb315f953163,Linear SVM,positive
4a4e6bae25028a1c1748,Linear SVM,negative
2786c1eef9ce31b2522d,Linear SVM,negative
617d8b7630c9040e9648,Linear SVM,negative
0221420ee11f75211a17,Linear SVM,positive
d808ca1a8bb216db92cd,Linear SVM,positive
506132fc832e3784d2bd,Linear SVM,negative
d717af9bb27ecd265e5e,Linear SVM,positive
8f4bb23f39b28b335191,Linear SVM,positive
bdd8379784ef0d29065b,Linear SVM,negative
9f6f93e4192cbc3096ea,Linear SVM,negative
69d650fe05e5c5b20101,Linear SVM,positive
df0c14baced1ae667e29,Linear SVM,positive
8d1138042df798488fd9,Linear SVM,positive
4d52f7717526a26478e6,Linear SVM,positive
57d471fee5726c89319d,Linear SVM,positive
1572ee7b4d3778bb3c41,Linear SVM,positive
458aa14f5b5ff3c2a1dd,Linear SVM,positive
d139116ed9f534f4c3e1,Linear SVM,positive
98bf280a8b26919e209c,Linear SVM,negative
c88221c36204581c3a4f,Linear SVM,positive
dabd4575ff7d8a3a9125,Linear SVM,positive
9d2acdddb6fa58ea4288,Linear SVM,negative
196805e92c6d2f25e580,Linear SVM,negative
89f926ac94fcb6133348,Linear SVM,positive
b261f65e60f4abfedefa,Linear SVM,negative
a3acea7662dba72e5bd8,Linear SVM,positive
691d28c7d3bc7f3a68e5,Linear SVM,negative
12bc01d9d22772169d60,Linear SVM,negative
ac2fd084d560e51ae981,Linear SVM,negative
c0c27655a80456752078,Linear SVM,positive
77537f46c842e0cfdac2,Linear SVM,negative
a710111e54df416f670c,Linear SVM,negative
5f05dc75625b227ef730,Linear SVM,positive
e55706ba29a7ff416c52,Linear SVM,positive
d062baa8d2c1a6aae43c,Linear SVM,positive
a0ec687eda9434dbb72f,Linear SVM,negative
3cc0f5d8d05fd4d60f26,Linear SVM,negative
754b8e19c426b58c9b50,Linear SVM,positive
5055bb9d64d62ce27b5d,Linear SVM,negative
50b7ef2e0744f8f1ec0f,Linear SVM,negative
a21277f8b8c74a0826bc,Linear SVM,positive
ef4eb313717ca523bedf,Linear SVM,negative
b7a49fcf06a5337c5cfe,Linear SVM,negative
a6ac3a02b1e84348136f,Linear SVM,negative
9d62c314840db2aeff83,Linear SVM,negative
a4cfaacbccdb33c23157,Linear SVM,negative
a7a72fc51ff03a77f7cf,Linear SVM,negative
9337dee960e461eb7594,Linear SVM,negative
c4b08dbb158a10fd3b17,Linear SVM,negative
6d69eeba71afb4f0a709,Linear SVM,negative
7660b307de26fec4a353,Linear SVM,negative
ddbc07adb8ac62b8aa01,Linear SVM,positive
557ddac1045ad7baa8e4,Linear SVM,positive
5ad0e62b25e0087b4ffe,Linear SVM,negative
01d3882993555d89db85,Linear SVM,negative
f61c094eb147f9a74f98,Linear SVM,positive
25598267d3b0361b544d,Linear SVM,negative
5c93ee9c39c674a6d763,Linear SVM,negative
cbf884b0b078638fdd57,Linear SVM,positive
349de08a5ec461a2646c,Linear SVM,positive
b29fb32ad003cb7afabd,Linear SVM,positive
f93a429b6fc6107046fb,Linear SVM,negative
9e523a931d3c7625f138,Linear SVM,negative
343d584881f99959052d,Linear SVM,positive
66f79730de987819ffa8,Linear SVM,positive
7936b4f19ad72fa12d49,Linear SVM,positive
d73c2c4eafcb72dc8ab1,Linear SVM,positive
e9c6fd5c7ae158702698,Linear SVM,negative
07ec232798f4ab18f701,Linear SVM,positive
7aee07bb23b9b24ca080,Linear SVM,positive
27953a6b21e7105aa562,Linear SVM,negative
277d2d8cc7138be12976,Linear SVM,negative
efda8011f0d0433d28f6,Linear SVM,negative
caafd2fd0c97c6ca347d,Linear SVM,positive
0dab549b750cbf366401,Linear SVM,negative
514d8d95234510df59bd,Linear SVM,positive
5c48893d1d0b15a43543,Linear SVM,negative
a26c03f86f475aaacb32,Linear SVM,negative
5c6eb84b1037697fba3f,Linear SVM,positive
d5a5f80de95198fb3e30,Linear SVM,negative
798103c77002efd80c1b,Linear SVM,positive
ed08f2f16427810ac2e0,Linear SVM,positive
188d3c153214ce7906bd,Linear SVM,negative
6fa0001fc936689fb44f,Linear SVM,negative
01c8c844ab05b211f948,Linear SVM,negative
5bf0ea68c9d88719d1c7,Linear SVM,negative
ebb76bf55f5c28f967da,Linear SVM,negative
6c6a95ed76d9f3b00163,Linear SVM,negative
26c44c0c9dc8343086a9,Linear SVM,negative
43b8cc72b75559d32354,Linear SVM,negative
03b8d444d4529dbf2373,Linear SVM,negative
488b62f97d2b3c9c350b,Linear SVM,negative
84c382719c6b8fb08baa,Linear SVM,positive
c5276aabbafdb3ef1816,Linear SVM,positive
12fd8c826f04b9068f33,Linear SVM,positive
e6dacfaee866eba26090,Linear SVM,positive
1585abb38000bec92509,Linear SVM,positive
34c7b6fdc797ef461c3e,Linear SVM,negative
273615104c6a2f2d625e,Linear SVM,positive
4722d897db2bb5e39ec7,Linear SVM,positive
ab7efd0c02bbe41b5c95,Linear SVM,negative
67b846b25880a0f6fc45,Linear SVM,negative
164a9174e7549c1b8674,Linear SVM,negative
fe3fe5a1dbb9ac54e118,Linear SVM,positive
2327b1f8a0b3332624f7,Linear SVM,positive
3bde871fd4109c75c4c4,Linear SVM,negative
43e464153da03532e708,Linear SVM,negative
92fc5012abd2442649fb,Linear SVM,positive
5c0cdcf84d2c04b38d9f,Linear SVM,negative
2af08e27534715d97caa,Linear SVM,negative
a2da6ebbb97acea31f75,Linear SVM,positive
12ba4e0650ce340d9dff,Linear SVM,negative
5ba03f8c3be60b0d925c,Linear SVM,positive
e0e4dda510c9c9216efa,Linear SVM,positive
aece475421d1e802c540,Linear SVM,positive
5b954d4371693f04a949,Linear SVM,negative
0238aaf27408ec998209,Linear SVM,negative
445bee97db06d0f6c876,Linear SVM,negative
b292f7173cd8378e2b6b,Linear SVM,positive
74fabc899731f48c9279,Linear SVM,positive
04a44f920c562c671e73,Linear SVM,negative
f2e04b12ca9cc4b6140c,Linear SVM,positive
d626dfd44fbe0629e26d,Linear SVM,positive
46928a9297bb79de3631,Linear SVM,negative
4ea96c07191ab3a38ddc,Linear SVM,negative
bee9de3370ff3e8d0e86,Linear SVM,negative
a0f4957f04778cd0f899,Linear SVM,positive
16c4e7e6492c3563c771,Linear SVM,negative
79b7bf31e198146a8d54,Linear SVM,negative
284c0acc7b6f25e647f4,Linear SVM,negative
c20cfda2a3d96ce5ecc4,Linear SVM,positive
f608e209e33ab040053a,Linear SVM,negative
39aa1a5af5de11f3536f,Linear SVM,positive
a1b94fa3a90d03bdd679,Linear SVM,positive
2aef467bf415185b1ea7,Linear SVM,negative
8c9fa6564c96ecf25917,Linear SVM,negative
04c07ec1b9c5bc471a9b,Linear SVM,negative
e0617d8dd44dff5c9a67,Linear SVM,positive
2beec7a4ca5e4d8700b6,Linear SVM,negative
334b6fb5b0032faef382,Linear SVM,positive
ea23f7e348e2099df429,Linear SVM,negative
69e1c78b42ddf1bdb8f4,Linear SVM,negative
a86d2be77881fcbf35ba,Linear SVM,negative
986e9a4175461f0d83cd,Linear SVM,positive
acffae134d35cc3cef7c,Linear SVM,negative
d7d1ae591511bf895b80,Linear SVM,positive
db5a7f82901446c60432,Linear SVM,positive
65031dc64f5fc62c9ee2,Linear SVM,positive
afe1b314722642795436,Linear SVM,negative
062192597b656a1e55a1,Linear SVM,negative
0f1717e7a3bcd84427d5,Linear SVM,positive
bc135818cb26e1dbe15e,Linear SVM,negative
94a17d2cbd76f076baae,Linear SVM,negative
ecddcf3684f209888274,Linear SVM,negative
d753b72d41da34413244,Linear SVM,negative
569d1d124e495e5bbfda,Linear SVM,negative
58894b6cacc30f926e1f,Linear SVM,negative
3558512f6551b6ef35f3,Linear SVM,negative
21e4652427addc889256,Linear SVM,positive
98c58cec42ee230339b2,Linear SVM,negative
cd999c47ee582c9124ad,Linear SVM,positive
ceb3d45a316bfa5e210f,Linear SVM,positive
dccf86cda0289cac7dff,Linear SVM,positive
f1b422d324ba9273da48,Linear SVM,negative
68c04ac0b63070ba7d59,Linear SVM,positive
db0be59ed6f53adb3b31,Linear SVM,positive
2c9326ce63606680e881,Linear SVM,positive
97a6e34e9c41f405ed23,Linear SVM,positive
22e723d506ffed6e023a,Linear SVM,positive
a96a5e606e64b44ebe23,Linear SVM,positive
a3ef15bfa2c7d5bd8fcf,Linear SVM,positive
da05a951b21f958a2431,Linear SVM,negative
e30da0370ed5405c65fe,Linear SVM,negative
6a701a83a2d6aef138a2,Linear SVM,positive
443c62991991f7b63d66,Linear SVM,negative
a585966310dec22bbde3,Linear SVM,negative
ae7ccdb2d370f98a7c1e,Linear SVM,positive
32e0574ef115db9d1cdc,Linear SVM,positive
f7dfb10a70420e5f322c,Linear SVM,positive
aa01bfe93ba83f0f879c,Linear SVM,positive
2ffd4555e2bbe8455342,Linear SVM,positive
fdc427b89824c1179aab,Linear SVM,positive
baf3491c4a3a418cd0d2,Linear SVM,negative
c104b121f87eabebc830,Linear SVM,positive
19117def3dfb6acd44c4,Linear SVM,negative
38186495165b77733164,Linear SVM,negative
2000dd162355a6766289,Linear SVM,negative
e36864e9f0a9b4ae5682,Linear SVM,positive
10a43d441b2b1750efb0,Linear SVM,negative
6be6e9955f8a344eab4c,Linear SVM,positive
f73f4d509be9037ff7ed,Linear SVM,positive
1bb871b2f6c3fccbe1fd,Linear SVM,negative
f00aa6e9c6a00d7c93ed,Linear SVM,negative
47c0542b3777da55fc46,Linear SVM,negative
5bdb2c6e677663a4e8ff,Linear SVM,positive
8fe006542889bc49d074,Linear SVM,positive
628f11bb0e9dd37f6a61,Linear SVM,positive
bd508b9530659a30a0dc,Linear SVM,negative
4917eacb17a4cec5eebd,Linear SVM,positive
9b8bcf18c087601e0368,Linear SVM,negative
7075c7102893659ea856,Linear SVM,positive
66713a4f5f69c1987538,Linear SVM,positive
78ddf5283b9e321a0d89,Linear SVM,positive
4d683bfe3761bb63bed2,Linear SVM,positive
bc3a6c6bc0105b0846af,Linear SVM,negative
74be83c1bcee015fc284,Linear SVM,negative
d77ef24d712b13e3edf5,Linear SVM,positive
1d86f6ab61b3074bb38f,Linear SVM,positive
7bab57976395fbb36ce4,Linear SVM,positive
973c6b0f15f688ca8e65,Linear SVM,negative
d47370dcc4948e923077,Linear SVM,negative
759cc97c252ba426cf2d,Linear SVM,negative
6dfe955d192bd45f3252,Linear SVM,negative
7703d14893385e576a5b,Linear SVM,negative
0ae594f376c30dfaaa45,Linear SVM,negative
3c196ea65d083eff1006,Linear SVM,negative
c4c6a704316577cc9431,Linear SVM,positive
3347083a15365ccf1a15,Linear SVM,positive
36a9e0c23bf1c40d75ab,Linear SVM,negative
90be7ca57e076735b9df,Linear SVM,positive
eed6e35286f95ce7e0e2,Linear SVM,positive
33264495703702a0f98f,Linear SVM,negative
79711cc1f5a6ffb632b6,Linear SVM,positive
36768d1c3d2ea5083326,Linear SVM,negative
09e8a566eecab022405d,Linear SVM,positive
6e64f36313d9fa5023e6,Linear SVM,positive
f577ea31f0d397a569a5,Linear SVM,positive
49d998fd70ba8a1ba714,Linear SVM,positive
296f665548b64e2942d9,Linear SVM,positive
87f965487aa47b864eed,Linear SVM,positive
f1461fc923c8a59887e1,Linear SVM,positive
eae45d297cd5d192d734,Linear SVM,negative
a0ed7eff57e1ee771067,Linear SVM,negative
7b44116c41ba6ce75805,Linear SVM,positive
acb7f35fc38c2e6bfe72,Linear SVM,positive
ffc55defff5f06de79b0,Linear SVM,negative
83c1e62018c501719936,Linear SVM,negative
01c35d6c4ef53e89fe35,Linear SVM,negative
fcd7fa4087038de9a9de,Linear SVM,positive
eb92ec2deee2c6af3f32,Linear SVM,positive
52248fee8ca157b687b0,Linear SVM,negative
c270ef06c85107beb766,Linear SVM,negative
22a56bbe7b160b663b02,Linear SVM,positive
acf5f9a392e1ca522279,Linear SVM,positive
b48b03b085a961941d88,Linear SVM,positive
efadb3207ac01f132f45,Linear SVM,negative
dc37b9728e03e349d717,Linear SVM,positive
1e8779393ee69934b625,Linear SVM,negative
f11b602fb1c5ca69c3b7,Linear SVM,positive
ce6fb43294e9069130e3,Linear SVM,negative
1a9000c5bcf90194fccd,Linear SVM,positive
217f5da3db190d598e1b,Linear SVM,negative
43894b0ae4c68aefe416,Linear SVM,positive
f10c4db62ba4121319d5,Linear SVM,negative
83961403757d93b1f0a5,Linear SVM,negative
3389022d908024ab3849,Linear SVM,negative
8c7412ae3ef25df92e3d,Linear SVM,negative
c4f6490e13834dffc8ca,Linear SVM,positive
849a2ddef9802847607e,Linear SVM,positive
ec5fa628025341bf6b1e,Linear SVM,positive
dec3dac7b27ba059f708,Linear SVM,positive
595b93471a7101586a95,Linear SVM,positive
14102dc36fe40b599f44,Linear SVM,positive
a8e8e2016ece693ac062,Linear SVM,positive
ce20cdfc078699964a9a,Linear SVM,negative
3d3156cd08b2e2c21e48,Linear SVM,positive
721094cee2e335462930,Linear SVM,negative
c7c3fea73f84cfeea64b,Linear SVM,negative
a0fe43b0591fe6c54459,Linear SVM,positive
c81710a2d8da9b4c3871,Linear SVM,positive
4731238720c7f02cfd0d,Linear SVM,positive
2b9f597eb763abd282f5,Linear SVM,positive
98a85e93f47e5bd269b0,Linear SVM,negative
22f4ff325041262f9ed2,Linear SVM,negative
5135fc45a3cfc3e5e598,Linear SVM,negative
fb46e77c0c2bbafcd2f7,Linear SVM,negative
404f74c03d9876edf60c,Linear SVM,positive
847c5b23e35c937ec9b2,Linear SVM,negative
d85128083d829f54df3e,Linear SVM,negative
98089d24308924afcfe3,Linear SVM,negative
e273a9694a95ebe542ce,Linear SVM,positive
2049342ebf75e8f166e3,Linear SVM,positive
51e33c7b551f3ece79fb,Linear SVM,positive
86f8aa16f0764f84463a,Linear SVM,positive
496522e8c8f8d46d76f2,Linear SVM,negative
f2fcc6e63b31e75b361b,Linear SVM,negative
440a80c9e754fdce0105,Linear SVM,negative
63c6b782814afaab596d,Linear SVM,negative
7d19e08ab1fcb0f4655e,Linear SVM,positive
935e42cd899cc3363740,Linear SVM,negative
769fddad123d659a4718,Linear SVM,negative
f3b30f7d328fd8db29e2,Linear SVM,positive
b36bf14bb3bc8b663ae6,Linear SVM,positive
893f36baff0fc2ffc68c,Linear SVM,negative
35dd4c5315e92352ec9c,Linear SVM,negative
6fa3a2286eb02b181b4d,Linear SVM,negative
b262037483a23d9e2ca3,Linear SVM,positive
7d97ecd644a4e2174c1b,Linear SVM,negative
7e63f3337dae43cc4aa9,Linear SVM,positive
ade20e178aff8a148d67,Linear SVM,negative
74197f7b901ec2093597,Linear SVM,negative
7cb9563afd58e4258138,Linear SVM,negative
7781f446f51de18361a8,Linear SVM,positive
5f31b9afa28bab76bea4,Linear SVM,negative
10db5a37106c907113fb,Linear SVM,positive
bb24faf6412099856dbd,Linear SVM,positive
4935de8a6288b0932277,Linear SVM,positive
35034ab8247cdd579010,Linear SVM,positive
a3648a87169b5456ef8f,Linear SVM,negative
699ff9196c6a45f93bed,Linear SVM,positive
3e4be229841ecb6cc0a3,Linear SVM,negative
4ec9e576fce0645b33e2,Linear SVM,positive
06c61c4d6aa1a6cf5fe5,Linear SVM,positive
df95f4da94b280acc7a4,Linear SVM,positive
8be4c1fdaac2c45c132a,Linear SVM,positive
8772d171f456ee34a9ce,Linear SVM,negative
9f8554aa5c10f19aebd5,Linear SVM,positive
929a624e3ded9104492f,Linear SVM,positive
041b231baf3b720514da,Linear SVM,positive
a8ea0a78861cac6fe5ce,Linear SVM,negative
8cef927a52b223e3eb76,Linear SVM,positive
d7375384fd3b86cf56e7,Linear SVM,positive
776ea83be72bec72bb5f,Linear SVM,negative
8682a0850f7b33d4d2a4,Linear SVM,positive
02865d2da25e776015e1,Linear SVM,negative
f164c405e2e256c29f71,Linear SVM,positive
4e911e273e2e912b6a34,Linear SVM,positive
0cd231fffc338a8f1c10,Linear SVM,negative
5443a898ff5ad9e56b00,Linear SVM,negative
f406265214ffe660c78b,Linear SVM,negative
d7568acf7d83e1348c52,Linear SVM,positive
f4c2ec7f5de06df43e7b,Linear SVM,positive
00e3161f70ada759481a,Linear SVM,negative
b2a995201278414a87b0,Linear SVM,positive
7337ba18e0a95ebe9edc,Linear SVM,positive
fc7341148f672827a7a0,Linear SVM,positive
725ede8a95c2e277bd58,Linear SVM,positive
63cd54f325c4164cd5e1,Linear SVM,negative
5f34adf7cffee52f5550,Linear SVM,positive
7e06475b68c74eed6cba,Linear SVM,negative
fc2876ba38c5408a9184,Linear SVM,positive
c3503bf2f1cf263a099c,Linear SVM,positive
2f1be1be32a86a947b82,Linear SVM,positive
70690f8d95017265530a,Linear SVM,positive
def72ad213155fe97f48,Linear SVM,negative
13aef4879fc961581785,Linear SVM,negative
62dde8d2f4f7ee4798ee,Linear SVM,negative
8517d11eaefc8ad635ee,Linear SVM,positive
863d092f3311f4fcd310,Linear SVM,negative
8456b37ac05bbab37e06,Linear SVM,positive
6c467994902bd4e74277,Linear SVM,negative
7359443fe91e4ded66e9,Linear SVM,positive
7e4a5e2d9cae52d2ad84,Linear SVM,negative
08952f967d059122970f,Linear SVM,negative
cd073659e591e2bd2947,Linear SVM,negative
14e6b080b49442179f93,Linear SVM,positive
c2d7c784906a947e5c50,Linear SVM,negative
40d532dd7794fddcb840,Linear SVM,negative
8a85e4386214795215e5,Linear SVM,negative
4ed2629198f9a3122016,Linear SVM,negative
22a3846b62103667d3d6,Linear SVM,negative
2cb2ed927afa76a94d31,Linear SVM,negative
af1433a2c70b2d70cf87,Linear SVM,positive
58cf841a2531d6b29d66,Linear SVM,negative
73888848c88b9a9cc846,Linear SVM,negative
e0c62c010af95bbe2f71,Linear SVM,positive
c5aa91e982b4aff0f2d1,Linear SVM,positive
90f4c5b1f09cc6ca481e,Linear SVM,positive
0736d74aec3451062f55,Linear SVM,negative
143ce8b3eb89bd5210b7,Linear SVM,negative
a7dc370a3a22bbdf20d2,Linear SVM,positive
f2e20982e423b2349df2,Linear SVM,negative
6ea3aa2e0d549700b14d,Linear SVM,positive
e84b93ff89f8bf23d4aa,Linear SVM,negative
bb0504aaf2e759d25ff2,Linear SVM,positive
701ba194b7167279521c,Linear SVM,positive
62b0ed2b08356ce0ff5a,Linear SVM,negative
67c613afd0b77f11ad79,Linear SVM,negative
efd8ec7add7b8d2c9bdf,Linear SVM,positive
49746d39d4c26001accc,Linear SVM,negative
69ee77f08c6a0af373ed,Linear SVM,negative
5429d90489e66c8e31c4,Linear SVM,positive
0a8c532fd545acc1ff9b,Linear SVM,negative
5fea6835472d1b0c6c54,Linear SVM,negative
463c9a9b220ead3da828,Linear SVM,positive
95b59f8e1b397abdbe37,Linear SVM,negative
a59ee4cae34f50c7a9f8,Linear SVM,positive
f90fb163a7d300ca28e0,Linear SVM,positive
868d2c1a9b800e912517,Linear SVM,negative
ddf5802a29fa39f4bbf7,Linear SVM,positive
593451e503e27c6b243b,Linear SVM,negative
a5e1ded0e09cc132470c,Linear SVM,negative
b5fa57c4a18a22dd0863,Linear SVM,negative
4658892d26b4e49b699c,Linear SVM,negative
6e9d56cf5343a1997041,Linear SVM,negative
1b5c08cbba203ceba047,Linear SVM,positive
5df6ecb254744d7dffa2,Linear SVM,negative
b92428698d6a87deead2,Linear SVM,positive
bf85115a4610c8a75ecf,Linear SVM,positive
59875a9812a1487e0e78,Linear SVM,positive
c071ccf184a25d8e3d34,Linear SVM,positive
f79a5f49a1ce425b3b6d,Linear SVM,negative
1a234c5e7cc12d0026dc,Linear SVM,negative
97c69d81c85208c92911,Linear SVM,positive
97fbc377f936206cb416,Linear SVM,positive
2626b1668563054b1175,Linear SVM,positive
dff5fd98fc123a36afcd,Linear SVM,positive
ec8aed33fcd34e92d136,Linear SVM,negative
2f8c3c5288fbd45c0555,Linear SVM,positive
4cf6d43d08da1017b43a,Linear SVM,negative
81b94b294bddfb3309e7,Linear SVM,positive
7d34396b789f3641c21c,Linear SVM,positive
5886bafedd405d6247d3,Linear SVM,positive
9431924815d4b639428c,Linear SVM,negative
379243a3f98c5ccc2c15,Linear SVM,negative
b4009c55a74806013ca1,Linear SVM,positive
25413826c007e9f68d8a,Linear SVM,negative
9f7ec15f12b7b2e3f639,Linear SVM,negative
c17759ca5c0bd9b6971a,Linear SVM,positive
824692d85e47fa57b219,Linear SVM,positive
976c12b0f4eb8323594e,Linear SVM,positive
bb5575e92e9a423c0d9f,Linear SVM,negative
a994d71c7b378f1763a4,Linear SVM,positive
da7523f6f79fa8d7b43c,Linear SVM,positive
d6974dc077cb8a70b5be,Linear SVM,positive
587a0c645f4aa7590a5d,Linear SVM,negative
8988b191a8c0caf102b5,Linear SVM,positive
ae1ad508e2c8991aeeda,Linear SVM,negative
438d495d65efa14169fd,Linear SVM,negative
bca62129779a4a068a54,Linear SVM,negative
3551565f2c7b4c7de82a,Linear SVM,negative
91cfcc06c5c118b74ff1,Linear SVM,positive
239be2aee3c9209d6d62,Linear SVM,positive
7344f6652d0615c5390c,Linear SVM,negative
ce8ed95e6fb2f2678b61,Linear SVM,positive
f3155651f725335f37bb,Linear SVM,positive
5b0ab0b260a0d8854cae,Linear SVM,positive
b92d3e691f811e64000c,Linear SVM,negative
7c0a1ff4ab5f9e3d4821,Linear SVM,positive
f649ca3f9bdba3947e89,Linear SVM,negative
b8357ba76bb85bf933d9,Linear SVM,negative
91bd06f85b557322ca5b,Linear SVM,negative
a8dd75a71114e5d38781,Linear SVM,positive
a93163854c954b0d5644,Linear SVM,negative
0e48e5fda7ea1939bfed,Linear SVM,negative
6287cd00e68380d1b21b,Linear SVM,negative
47292f31ce722a98dffd,Linear SVM,negative
71f2ebfbe498b1731ef7,Linear SVM,positive
7178fc0fb49200499356,Linear SVM,negative
847449fc76e5a99cbe35,Linear SVM,positive
8b3a570c070499666517,Linear SVM,positive
7d32b64955943c23ecb8,Linear SVM,negative
0c324395d8580bc708a2,Linear SVM,positive
ad19d3f828ed768f84a1,Linear SVM,positive
441e0b465bd285ea01d9,Linear SVM,positive
05e8dbf72dce4cdfc5b8,Linear SVM,negative
da8e0f10e87dd271545b,Linear SVM,negative
6b1cc7e3614132cc9e32,Linear SVM,negative
5a2d165578bd1378a84f,Linear SVM,negative
9aeb013b6baf6f89d81c,Linear SVM,positive
f368e8602eb2ced6e07e,Linear SVM,negative
70281d123cf88d935ad4,Linear SVM,negative
6955ed3e2a71a36e3dbd,Linear SVM,positive
51b666886f4a06741b34,Linear SVM,negative
725c52a61fff186493c8,Linear SVM,negative
d6f2f4b9d8025a90ac26,Linear SVM,positive
1eec3eb65696bb208b7a,Linear SVM,negative
bc00c0ca2323b5e9770e,Linear SVM,negative
527e3a9ea0bd73da8d84,Linear SVM,negative
7a992a511f7878aba043,Linear SVM,negative
4f2d78401d30709d5dab,Linear SVM,positive
08c9a53d87638768ea5a,Linear SVM,positive
9541e95647f51cd96176,Linear SVM,positive
614991d8b4d88c85aec4,Linear SVM,positive
5f0c34fe41d6aaadae22,Linear SVM,positive
9736f5837d8b7367cf68,Linear SVM,negative
12036924ab8ffc182107,Linear SVM,positive
88c00534efc305eff143,Linear SVM,positive
d3b4a14ee5d384c66ca9,Linear SVM,positive
cc1d093f108e22670b92,Linear SVM,negative
b9bddbca96f4b5d40649,Linear SVM,negative
0642a6ea9cf31138ae69,Linear SVM,negative
b6aed8cc81604db58eab,Linear SVM,negative
280ef18b68b36e7f753c,Linear SVM,negative
9a4e042f47e92b9edfe9,Linear SVM,negative
ebe0eafe6a7d735d084b,Linear SVM,positive
9493b8f66649a2da785e,Linear SVM,negative
7a0e1541fb9239789c6a,Linear SVM,positive
70f2cecb258fb1894297,Linear SVM,negative
6403852871633c1c0d2e,Linear SVM,positive
14ef3844b6575db21387,Linear SVM,negative
9bea0860c901ded81805,Linear SVM,positive
83cf83a6969267a2ff0d,Linear SVM,negative
0c74cf6af29ea81fd86d,Linear SVM,negative
e6885c738a4c873ccae9,Linear SVM,negative
70f475e9a178d5689c75,Linear SVM,negative
c6367a2a52739a371d39,Linear SVM,positive
c140929913ef245c6a44,Linear SVM,positive
5773b59f5052fa5e0d17,Linear SVM,positive
5caf649604e48eeaf141,Linear SVM,positive
a502a7a0c41ca3671b46,Linear SVM,positive
0dc28afd96e4189f3222,Linear SVM,positive
756521dee352d059f48b,Linear SVM,positive
107b8113ef84b4ff7e66,Linear SVM,positive
8cdda7a1bb20c93e8afc,Linear SVM,negative
7399b691dfa6bc8a9a8a,Linear SVM,negative
201beab9c84a6f11e1e9,Linear SVM,negative
666aa83c6e0d5a436d4d,Linear SVM,negative
445e9dc7876bb482a184,Linear SVM,positive
e189664190a5df6919ef,Linear SVM,positive
0a5d89b3d611dfc4b0c2,Linear SVM,negative
bb72781456737f8b6a98,Linear SVM,positive
62bab1aa04241d832876,Linear SVM,negative
97c012d4a4633efe88e3,Linear SVM,negative
694359fcaad91d1b1016,Linear SVM,positive
7cfe834c6ec7f10b17c8,Linear SVM,negative
39c3e6b61d76a42474f9,Linear SVM,positive
0c83f761ceb9c385f2ec,Linear SVM,positive
ed5541c7db162fad93b4,Linear SVM,negative
ac78b7a06eee61dfefb4,Linear SVM,negative
cd18b98c2f135f7213a5,Linear SVM,positive
9326bf79a46c16a91949,Linear SVM,negative
07912bb5bb2c6a8694dc,Linear SVM,negative
187f42220a324e44bae6,Linear SVM,negative
b1acc432c22b40a48807,Linear SVM,positive
33b26e8e0ca4d0ce1322,Linear SVM,negative
33e254d2e37974e27dc4,Linear SVM,positive
44d2dc0952fb9f2431bf,Linear SVM,negative
8046c08a5710c233efd2,Linear SVM,negative
69f831705950e8fd09c6,Linear SVM,positive
6f822662be352e0a11f1,Linear SVM,negative
a18573e58770ac0d5042,Linear SVM,positive
2173c1326a300c812123,Linear SVM,positive
8a4534665084b1be3558,Linear SVM,negative
aec0415d033b7256e346,Linear SVM,positive
b346b07ef085d92fd309,Linear SVM,positive
ba4acd4365cb790c3926,Linear SVM,negative
05a18eb7971fc5d7b0cb,Linear SVM,negative
0031bc9509b554779457,Linear SVM,negative
0a02599554a80948e16c,Linear SVM,negative
03d9f8b220a70117c465,Linear SVM,positive
6e67aff7689978aa33e3,Linear SVM,positive
2e8642acd342f2b42b4e,Linear SVM,positive
c71930bcc9f93b3541d7,Linear SVM,negative
a35051ddfe7c584442fc,Linear SVM,positive
2a638c67704cf3d734cc,Linear SVM,positive
32c50945a99ead952031,Linear SVM,negative
ea7bac941a5dde772ec8,Linear SVM,positive
e78badc9dad6d04f9081,Linear SVM,negative
e3f9524024180e5722ae,Linear SVM,positive
eff2c6a3d3e3f8edca0c,Linear SVM,negative
6901c3a1468f06309cae,Linear SVM,positive
d14bc1fb4c4eaecde5a7,Linear SVM,positive
1ed0505426dbeab39d5f,Linear SVM,negative
a270c185a0200eec190b,Linear SVM,negative
dd07821298aef38ec699,Linear SVM,negative
bde42695e567b423b737,Linear SVM,negative
4af7591aee59161d6d04,Linear SVM,positive
e8b1c011fea889727853,Linear SVM,positive
83a577b6618da9c550ff,Linear SVM,negative
523e4c09e5f98153cda7,Linear SVM,negative
daefd3d457d78e2d5a19,Linear SVM,negative
64939810cb31d54b1d88,Linear SVM,positive
c2121ac2cf4c41714a55,Linear SVM,negative
df840943aa6a48ed964d,Linear SVM,positive
001dec04d5344057472b,Linear SVM,positive
527177e6a9d25e8b828a,Linear SVM,negative
d0819075c6ccc88d7680,Linear SVM,negative
6d1797a07c98c2f99673,Linear SVM,negative
718d416cc7541e04badd,Linear SVM,positive
ef9b41a0b0db8f936a2d,Linear SVM,negative
c07f5a18be1bdeebe5e2,Linear SVM,negative
836590b7dbddfb3b80fb,Linear SVM,positive
c2ba8269b7287a7ca24f,Linear SVM,positive
6f5c962c01d4a9383b82,Linear SVM,negative
2712cf46ec6b830eb20d,Linear SVM,negative
68f1886aa4a39f03a02b,Linear SVM,negative
8735f4ffea525bfeaca5,Linear SVM,negative
669db0b35feb13156410,Linear SVM,positive
41b9bb62c6948cf8d165,Linear SVM,negative
57ad865f0938bdb3916f,Linear SVM,positive
c8340359aa8c530eae05,Linear SVM,negative
c1e31a5e06e5e433df26,Linear SVM,positive
24a021d4c5f44655b14a,Linear SVM,positive
7b23ad5f7fc5eac17b20,Linear SVM,positive
f81893b27af9f8eb0125,Linear SVM,positive
bfe9e4528857deddee29,Linear SVM,positive
02830c0929168706ec00,Linear SVM,negative
ab2bad4366e3b9d8c2e2,Linear SVM,positive
95c778a9f7611252235c,Linear SVM,negative
d274080ab2e876142412,Linear SVM,negative
8161ca59908f7a3f72cb,Linear SVM,negative
d8e28bfea884d1ce16a1,Linear SVM,positive
4942fe50a7247d058011,Linear SVM,negative
53210ba658420d44a854,Linear SVM,negative
018004ecff413fd81464,Linear SVM,positive
1923c98067b6bad9c79a,Linear SVM,positive
f475342ad0df14f24d3c,Linear SVM,negative
eedaf52b10a70147e23d,Linear SVM,positive
549dea34e6e20fdb883c,Linear SVM,positive
d93217b58017abb1b9af,Linear SVM,negative
f073760b114192c3d370,Linear SVM,negative
d0a47a4a856aa2154c23,Linear SVM,negative
220a356e33bea05145ae,Linear SVM,positive
c38294f3aa6198e299eb,Linear SVM,positive
c2e97a12d517f73c02d9,Linear SVM,positive
0fd21d8ce882b35c1343,Linear SVM,negative
e2d3d6f62740b8983293,Linear SVM,negative
272ee76b01c18fe1956b,Linear SVM,positive
0af1bde094543cdfa62b,Linear SVM,negative
cc5add490d3eb5354d3e,Linear SVM,positive
8fbe1a88ecc19fd00e90,Linear SVM,negative
47e36fbf30c8752398c1,Linear SVM,positive
3a7ff3edde202388d637,Linear SVM,positive
7a0955c0ba846fc6ee37,Linear SVM,negative
63e8484e3598d0ee4150,Linear SVM,negative
43796d88a05035114e15,Linear SVM,negative
6aadc2e804f0c22e3ff6,Linear SVM,negative
fdadcd3216482f26231a,Linear SVM,positive
60658a4eb1f8089de38e,Linear SVM,positive
4e5571c65885af907cdf,Linear SVM,positive
86e673e68a68907f8c27,Linear SVM,positive
c575a7643581017b130f,Linear SVM,negative
b97f33ad70f1c4c070a7,Linear SVM,negative
4f1e5332a25cc0c9d484,Linear SVM,positive
540a03ef7b5f90b9b0ca,Linear SVM,negative
7abef97e22123616f371,Linear SVM,negative
abae445d7c76b818c693,Linear SVM,negative
cc5a90c64614b2e4b11d,Linear SVM,negative
b27717eecdb23e0e6de5,Linear SVM,negative
dfac978bd6da1ddc52a0,Linear SVM,negative
5bcdde837f09337911fb,Linear SVM,negative
efa607c7da1818ba96ec,Linear SVM,negative
b8afb126e7790b9a09c0,Linear SVM,negative
2dbbf03423773a4e01d4,Linear SVM,negative
008e8af8c552bedf48f6,Linear SVM,positive
1c4ba5ab192bc41846fc,Linear SVM,negative
927ffdeb2ba3e215c717,Linear SVM,positive
9651d153f573b7391ccc,Linear SVM,negative
6c8c1e44f7c1eee3d1aa,Linear SVM,positive
e8a44c747537d9d85ac2,Linear SVM,positive
800ddf510e2c6ec2da86,Linear SVM,positive
b4c44fdfcba28dd098fa,Linear SVM,negative
683033151859637d7fb3,Linear SVM,negative
393e16521bbefc3e81a8,Linear SVM,negative
52a4d962263e3424be70,Linear SVM,negative
97f66331aafe1d2713cc,Linear SVM,positive
ac14dde1ecfc3c433f04,Linear SVM,negative
e9cd66a7a62c6954a6be,Linear SVM,negative
f412e2d08be4a4b79210,Linear SVM,negative
ed4d461b5f6f30552393,Linear SVM,negative
d8c2d1bb943ef5505536,Linear SVM,negative
558980cbb7171c0c5895,Linear SVM,negative
86c925aa0ba7185db74e,Linear SVM,positive
d32d7f0df5885d715f57,Linear SVM,positive
867abb70f6403f5fca5a,Linear SVM,positive
592665c0ee192dd39e7f,Linear SVM,positive
69f33137647fd067c628,Linear SVM,negative
9ff16cca435c606753a4,Linear SVM,negative
faad6d35b22035cfa57b,Linear SVM,positive
2ee478237ee31efcbeb1,Linear SVM,negative
216f98372f896988412a,Linear SVM,positive
2c116073899fb1c0c1bc,Linear SVM,positive
2ff7b95e44ace8b5f17f,Linear SVM,negative
e75b9110d6f3a54e18f0,Linear SVM,negative
7a473752f73cb5e09cb3,Linear SVM,negative
36861adb6d207cc03aea,Linear SVM,positive
16695019fdf636a78f16,Linear SVM,positive
2a9c3274095010261daf,Linear SVM,positive
c26286a01405f41e7285,Linear SVM,positive
044cccfed17c88333ba1,Linear SVM,negative
6ff81b4297c20830e586,Linear SVM,negative
fa5a94ee4de9c97f5c32,Linear SVM,negative
41c5c701e3f4e0844fec,Linear SVM,negative
d49bf44ee837555177ef,Linear SVM,positive
d7896f0164ae43b54258,Linear SVM,positive
1f800cd79d91a67fd1db,Linear SVM,negative
fcc54ce121b638c3db95,Linear SVM,positive
a613abac66e7d49a5039,Linear SVM,positive
2df4d60fa98a8de7fe83,Linear SVM,negative
824e02ccbc5831d0d9c5,Linear SVM,positive
49fb558b1ebae119d379,Linear SVM,negative
3a4f9f0d701ede21efbd,Linear SVM,positive
169d5498c2cf3fb30667,Linear SVM,positive
07ec3d83da58dbb20970,Linear SVM,negative
b18adb4b0e5d60b59861,Linear SVM,negative
3e82f4d35e0f5add7c91,Linear SVM,positive
417792a8f5e9e554f7b3,Linear SVM,positive
c32e1feb28e3d695dc3b,Linear SVM,negative
6d7adc5eac4da8939943,Linear SVM,positive
a256f897bfb51022a59e,Linear SVM,positive
5c6ee08f85383c2abbd5,Linear SVM,positive
2898f0a7b3440cd03e02,Linear SVM,negative
caf7c5f4455075dd4dda,Linear SVM,negative
b9d074aee8b622367476,Linear SVM,positive
7e38d02a357cee3f06d2,Linear SVM,negative
1aa5ab6b1e5fea3e9b3c,Linear SVM,negative
d009ec89eef25a7906d1,Linear SVM,positive
bbb6ebab60faca06ad48,Linear SVM,negative
7642abbf04d3369ccca1,Linear SVM,positive
14a4ee8762ee4dd63fd0,Linear SVM,negative
856e7a57a5bba2de5b91,Linear SVM,negative
abfc96314b5b9583a8bc,Linear SVM,negative
019b9d33a949283dc02c,Linear SVM,negative
aee1fe964de287fabebb,Linear SVM,negative
0d3915fa1499ce7bba85,Linear SVM,positive
581b49072b65d1d4d89f,Linear SVM,positive
9842cb08fd76e0f704d2,Linear SVM,negative
6b6484d0ea34b47ca603,Linear SVM,positive
24c39b10ed17db89523f,Linear SVM,positive
58f7134edf359f063a41,Linear SVM,positive
c4312272d7d3783dfb6b,Linear SVM,negative
323c0f7a684b97ea54ec,Linear SVM,negative
450739e1dff0c447dae2,Linear SVM,negative
cc05d5a87235020f049a,Linear SVM,negative
c132d34476da80f3ac8a,Linear SVM,positive
fa2046695a0dcba920fd,Linear SVM,positive
570a25a50be47c350853,Linear SVM,positive
09053731fd96d1d59ee7,Linear SVM,positive
43337ae1b325e06177b1,Linear SVM,negative
7dfcc280745465e07ca8,Linear SVM,positive
6b64fe37856c4b2a5455,Linear SVM,positive
da9627c3728cffe5e8b2,Linear SVM,positive
e35f54cd64058be1eb70,Linear SVM,positive
7d09fac8be526ec79108,Linear SVM,negative
8270b6e36d51d7c9eeb9,Linear SVM,positive
40072303470f3c74f1d6,Linear SVM,positive
fffaa71abce5f182b68e,Linear SVM,positive
6b1fa51232275662a1d1,Linear SVM,negative
566dc9e792e46da2e478,Linear SVM,negative
6d09b30204fa0e741573,Linear SVM,positive
96ed380ef04622095fb2,Linear SVM,negative
59107be0ca929eb7b2e3,Linear SVM,positive
9fd7984ffe385fb8ca77,Linear SVM,negative
7154acefadb734978f92,Linear SVM,negative
fd59c67cc2ae0adb4fd5,Linear SVM,positive
d9698cda245b3d3cc2dd,Linear SVM,positive
611f8228b9ad2da30cdc,Linear SVM,positive
732a3701c60321a80d92,Linear SVM,negative
36c7f5ea729ff9866f7c,Linear SVM,positive
3c4e08a89e48428f4bda,Linear SVM,negative
936aa987008e2344c6e1,Linear SVM,positive
90b824e9949c1f74e20e,Linear SVM,negative
1cf92686d783968ce06b,Linear SVM,positive
699c2b1e6c2bf1450bfb,Linear SVM,positive
23736e266dc24206b0e3,Linear SVM,negative
fee9551888a50b22b5ba,Linear SVM,positive
8084a8d0ef370a85bbe8,Linear SVM,positive
6b4b95bbbc9d3c9bdddb,Linear SVM,positive
0e5a6d37c9d6cd857abb,Linear SVM,positive
e65187d7d47b53b8bb3e,Linear SVM,positive
aa29969829fb21cb1765,Linear SVM,negative
8fb068b8ab83237c2801,Linear SVM,positive
e466da579608343f369e,Linear SVM,positive
45f002629b3dd57c3d79,Linear SVM,positive
a9cc44558dfdfab8d66a,Linear SVM,negative
e4829c39c98226ae3806,Linear SVM,positive
02f91d9133fe056f816b,Linear SVM,negative
40ad4ba968102775db75,Linear SVM,negative
1d7d29039c18cc7326d2,Linear SVM,negative
7484bb4b67c776f3caa9,Linear SVM,negative
c8e77681a8e3eaccb703,Linear SVM,positive
f9a60072cfd6b00eefe0,Linear SVM,negative
3a330d97e91aabfafd0c,Linear SVM,negative
44301198ff46e2dec9c9,Linear SVM,negative
843732fa0f0b5bbfc57a,Linear SVM,positive
805eabd44a9b6bff5002,Linear SVM,positive
caf24446b09309b85789,Linear SVM,positive
6393bde9fabaf9d5c6f6,Linear SVM,negative
70c697f82b91c98ae7e0,Linear SVM,positive
7736555a6be0523eb5ac,Linear SVM,positive
df211a1792e5751098ed,Linear SVM,positive
9c4665687a0be1bcbc9c,Linear SVM,negative
23eef937f183bad8b507,Linear SVM,positive
0b50dd0e2bf54ff47626,Linear SVM,positive
e2ea3a962ba536951802,Linear SVM,negative
d0c34181f15e9c311414,Linear SVM,negative
bd350d26d9f191d1a16b,Linear SVM,positive
d5f069aada7a645e39c7,Linear SVM,positive
8ff29d87c4d8a8c009b3,Linear SVM,positive
298ced8027e8cc091157,Linear SVM,positive
8c3f9156da0d3425dabb,Linear SVM,negative
fdbbf1bb127e8d12db7d,Linear SVM,negative
95f7450c638adaae2ff7,Linear SVM,negative
3daec9c6daeee1dae918,Linear SVM,negative
640ee3934d2df60afd17,Linear SVM,negative
67cc5e4d423a0de17a97,Linear SVM,negative
8fda69a92542aef74fbb,Linear SVM,positive
ca35a7c3c33cd46af28b,Linear SVM,positive
9eef682810ebd75c0479,Linear SVM,positive
73d0df931477e9c1c326,Linear SVM,negative
fd55d831a5c32e2f6048,Linear SVM,positive
e9e70f6a1d3b4586a012,Linear SVM,positive
49f89b6504b9d5393373,Linear SVM,negative
5a29a2bda5b98b0fd534,Linear SVM,positive
16542d7ba69e1f280b42,Linear SVM,negative
06a9fc13d7e61903030b,Linear SVM,positive
c33390411a1a06ed6c1e,Linear SVM,negative
ae3aed9044bc039cfe8b,Linear SVM,positive
5c25c7be9e13080bc7bf,Linear SVM,negative
ae54d013487b98a36bc2,Linear SVM,positive
50115ab1adf8e4a72894,Linear SVM,negative
fd6c641560ccbbe4d6de,Linear SVM,negative
2563ff4fd245012ae36e,Linear SVM,negative
c06c14feef8ff0dd38d0,Linear SVM,positive
cd6b47caabbd21feeadc,Linear SVM,positive
aa429d137053ef4c84ac,Linear SVM,positive
786e57214a57bcb325b2,Linear SVM,negative
c4d4ab6775b8e89e2eaa,Linear SVM,negative
1ec6b5587996003edebb,Linear SVM,negative
99593026581ba5995984,Linear SVM,positive
4b1d12e5cdba22b2bff9,Linear SVM,negative
230e95b7e8f4c0c32dfc,Linear SVM,positive
10cf4b2c5472f8906171,Linear SVM,negative
3e3262bbcdf798d2ec5a,Linear SVM,positive
8377e361ecad3efec497,Linear SVM,positive
c40ae237e68fd612e017,Linear SVM,negative
00cd6183dd0e812890f2,Linear SVM,positive
07c3c9d8546272ed7b81,Linear SVM,negative
cc5baa47aed3009e1ee3,Linear SVM,positive
4031bfe31d928e59c057,Linear SVM,negative
fe1eb0a992e65cb8f57f,Linear SVM,negative
3f72c7863096fb349886,Linear SVM,negative
c3a0293cb734c4abf8e4,Linear SVM,positive
ec91b55fb7ce0bb759f2,Linear SVM,positive
7a27bb3bba5028b41748,Linear SVM,negative
daedcff244de3b0abe52,Linear SVM,negative
217eab0c8dc2d5bab256,Linear SVM,positive
965072edd7ad42dfed02,Linear SVM,negative
baa9ceb2d9f9c014be4c,Linear SVM,negative
29fb2c15a4a7683a7c95,Linear SVM,positive
0c887de291719c4cffb5,Linear SVM,negative
d232544eac4175d1edc8,Linear SVM,positive
70c57f5f456832477a9a,Linear SVM,positive
1871f223aa60bd29867c,Linear SVM,positive
9a42bf342d9068c6b012,Linear SVM,positive
9f196c16fd9ecea7ffc2,Linear SVM,negative
a7c072d6f0a58eb451f6,Linear SVM,positive
c77598ad1fb17f21b02c,Linear SVM,negative
2249ce5ad683d99c5543,Linear SVM,positive
7435cf0922ad105747e8,Linear SVM,negative
0ea8e04d5dce488d9911,Linear SVM,positive
e02710e4ce3d01852687,Linear SVM,negative
4accf80703fbb8cb22d2,Linear SVM,positive
631af9a54b2dfe5486ea,Linear SVM,negative
2177b1ee0433f2e41a59,Linear SVM,negative
1962bf62803cd6d1334a,Linear SVM,positive
c9cf213603f68a1d63ac,Linear SVM,positive
e50c61d1cc34b9ce2c0c,Linear SVM,negative
c55af1e9f7c5c8187633,Linear SVM,positive
648e5ae1adadec4a9caf,Linear SVM,negative
dcada4ac46fad89ba838,Linear SVM,positive
1ad75b5f6c8c34aafe43,Linear SVM,positive
ad9bba04994f24022d9c,Linear SVM,negative
ad07ebc8e9a931001427,Linear SVM,positive
2eb7d9f7dc746ca9b14f,Linear SVM,positive
ffc0fddad185a523dbfc,Linear SVM,negative
b440081b434f5442c1eb,Linear SVM,negative
0506193a8b2ae395cae0,Linear SVM,positive
7157db96fad0aded1961,Linear SVM,positive
35bf0b6bd76a124d9a5d,Linear SVM,positive
debef984ba0697b06578,Linear SVM,positive
60d21643d51fde627c87,Linear SVM,positive
1c679a420c2ea061ba92,Linear SVM,negative
6ce099817ba6cc5219d8,Linear SVM,negative
acb65857ef7ea43af69a,Linear SVM,positive
d4a79b89dcaef13b7f68,Linear SVM,negative
83740c56f4f2691a9c24,Linear SVM,negative
9de96e5098b3b7b89f50,Linear SVM,positive
494ab9e19d22e4890e18,Linear SVM,negative
234276fdc25f2a6fdb98,Linear SVM,negative
9953a4c97fd8eebe530f,Linear SVM,positive
158fe2a28679f0ec98d6,Linear SVM,negative
8c29489226952503e38b,Linear SVM,positive
8ce9d26423c8d92cf344,Linear SVM,negative
f0ad64203f1603d06e39,Linear SVM,positive
4094749930d96d0b5993,Linear SVM,positive
914e10f940703233c123,Linear SVM,positive
578c73bc09cfbc2de730,Linear SVM,negative
5469061df4f7afc17312,Linear SVM,positive
a1336619bd4d92b3d3aa,Linear SVM,negative
efa166dfcdd37d37a594,Linear SVM,positive
287c7cd2a54048dcdc7d,Linear SVM,negative
5db5dfa70beddbdf8ec6,Linear SVM,positive
6d8183895469296bd4cf,Linear SVM,negative
7c65ce8e8c620135feba,Linear SVM,positive
a01c716703188b3e23e2,Linear SVM,negative
9c0705dc20835399f7fa,Linear SVM,positive
8a2dc5f058755a68242c,Linear SVM,positive
6f5a978bc25db204c0f2,Linear SVM,positive
b03d6c15974f0bcb01d0,Linear SVM,negative
5bcf92d67b2fd4aaf2c4,Linear SVM,positive
f27d9ed4a006b53abebd,Linear SVM,negative
f238894076670b0b147e,Linear SVM,positive
c59cb7db1fe9434dd31a,Linear SVM,positive
c83a8fc26ec6dbdd0490,Linear SVM,negative
51781fe68f6ed9de1475,Linear SVM,negative
cafb7c11537b9fb5a787,Linear SVM,negative
e3f1e899e89e528656e0,Linear SVM,negative
81af9ccfb2d2385f2500,Linear SVM,positive
f58fa36c1482b6cf0fa4,Linear SVM,negative
088c6b11b8e99f7602b7,Linear SVM,positive
dfa67dd20b1f81a8460c,Linear SVM,negative
c2a3957d708ca4de52ba,Linear SVM,positive
db7cb5bd4a819b20a520,Linear SVM,negative
0e5375680b6773b5dad0,Linear SVM,positive
2b74e21cac8aa79cdff9,Linear SVM,positive
810ec32b86e3ef892809,Linear SVM,positive
f64953cda9e1ba6a7fd0,Linear SVM,negative
e1234d808097bb0f6ee9,Linear SVM,positive
aa125ae0cadf0286409b,Linear SVM,positive
86f324e7e76966e1e890,Linear SVM,positive
ed8643a2df5f53cc3bea,Linear SVM,positive
855878034ca3b0a544a2,Linear SVM,positive
37d1cfb74669e89b973c,Linear SVM,positive
34489e70ca1641671609,Linear SVM,negative
77fc8b77780c445b6491,Linear SVM,negative
b1b37a95f784178fa894,Linear SVM,negative
870c891faeb995983ed0,Linear SVM,negative
404f090fc251daef64e8,Linear SVM,negative
4aa2f2310a36c5ddf637,Linear SVM,positive
e6337a3bb70936d90924,Linear SVM,positive
68c452eb34bcacf526ec,Linear SVM,positive
ecc9013deb6bb726e734,Linear SVM,negative
35a08f1911ece68d8b1d,Linear SVM,negative
f216292fef0fc5f6137a,Linear SVM,negative
a6e927136efb2b06aac7,Linear SVM,negative
7351adb7f3e3c8090a4b,Linear SVM,negative
810982f36940f4287acb,Linear SVM,negative
d66866b00c3f1a1e63ef,Linear SVM,negative
ba2a4fee60bc0d100481,Linear SVM,negative
2df9208a7416fe3c8a13,Linear SVM,positive
999101394afbcf5454c5,Linear SVM,negative
e448b30d374795445cf0,Linear SVM,negative
a4164d94324f8a2ee6e4,Linear SVM,negative
6418454fd16e7c04fdb4,Linear SVM,positive
1aed8d0cb2367bd6d797,Linear SVM,positive
6187f1bbb802ac468859,Linear SVM,negative
35c62a2270dc019298ec,Linear SVM,positive
269f6afd915badf034da,Linear SVM,negative
9c260994396e44e5d999,Linear SVM,negative
cdc3b8b09a3e5ac1d4ab,Linear SVM,positive
a9230964d7115acb2933,Linear SVM,negative
00e43cdd656c944c25f5,Linear SVM,negative
2984fa019163ac1b9b62,Linear SVM,negative
3c3a6e3a443743301748,Linear SVM,negative
5c6965acabb8104a737b,Linear SVM,negative
ffc2206876427e17921a,Linear SVM,negative
e426a84f289830b9f729,Linear SVM,negative
f11a4b4747eadec215bc,Linear SVM,positive
f1d4de0cd04d40627907,Linear SVM,positive
8f27e0f13a485bba842e,Linear SVM,positive
7039b29eb645cb36f917,Linear SVM,negative
474a984ff0729f494455,Linear SVM,positive
5e931aa0436b6e6225cc,Linear SVM,positive
633c0d1bd646efacf7e6,Linear SVM,positive
e136831e3cd6787d5563,Linear SVM,negative
ca7f888d48cbe7925610,Linear SVM,negative
9ee4e2d2ae0f85e958c3,Linear SVM,positive
0791bc162aa607a3f101,Linear SVM,negative
b180fbab8230510821db,Linear SVM,positive
79e87d390a7c085324b0,Linear SVM,negative
d98f048e586be4330ff4,Linear SVM,negative
83b77df32599d84083a3,Linear SVM,positive
65942aff3a492daf48c9,Linear SVM,positive
df5e63cbc879e7988d9d,Linear SVM,negative
71690479f075ba6fbc4d,Linear SVM,positive
47dbde397bb833f7dc1d,Linear SVM,negative
e231d8d0c97e14f231ae,Linear SVM,positive
798202981f79c5944bbe,Linear SVM,negative
b9057373ce1fe0deba06,Linear SVM,negative
2b178fd1467f3a211a0d,Linear SVM,negative
b30dd78a0353ae9370fe,Linear SVM,negative
308f0fc104d6cba7cd11,Linear SVM,positive
790493cf37a684575e1e,Linear SVM,negative
46f59ad436b317a94f48,Linear SVM,positive
329d84a43d6c3700fed7,Linear SVM,positive
cd5413ddcdf20029b1e5,Linear SVM,positive
cbaa2683f4b9a7a56f6e,Linear SVM,negative
be2312393f5dc128bc44,Linear SVM,positive
fcb4930db2d1951f908f,Linear SVM,negative
480ea50eaffa551a7b4b,Linear SVM,negative
4502ca2b34541ec0d7d1,Linear SVM,negative
cfc81e1d1199bc263c5a,Linear SVM,negative
21bacda1098693e915f8,Linear SVM,positive
d6880879a3051c331ad1,Linear SVM,positive
46b41cecac917e639183,Linear SVM,positive
47b2aa2a78f1de738e05,Linear SVM,negative
0f25540f00ed76eb11c9,Linear SVM,positive
dec5d0e2ea3ebddff1ff,Linear SVM,positive
e8ef023710e4e41905bf,Linear SVM,negative
174af0ae7151e1c010d4,Linear SVM,negative
800920cfbd8460615217,Linear SVM,negative
8ee8cd5e93dba9ec7c3b,Linear SVM,positive
fe564aa0a849e3db41ef,Linear SVM,negative
3cfd1f8d6c0ac3d824d4,Linear SVM,negative
b760ef22200dd89acae0,Linear SVM,positive
00d15a9b5ea05286f284,Linear SVM,positive
17183b94d5e665d275d5,Linear SVM,positive
401931b6c945ded1b48c,Linear SVM,positive
5fe2ee10c4f7f4150117,Linear SVM,positive
f8b81f20bcf698381f9d,Linear SVM,negative
7d54859408297fe80a79,Linear SVM,positive
67ccad95a1554d510d45,Linear SVM,negative
ffe77137bccfbf1f37e3,Linear SVM,positive
f09b82d6dcb7d2292812,Linear SVM,negative
43b3e80e580ed4410fa1,Linear SVM,positive
d9008c5297e038a0d20b,Linear SVM,negative
46587d9a7f4ece12087c,Linear SVM,negative
a64418a599b366d54c71,Linear SVM,negative
feb2b1d576c427b32320,Linear SVM,negative
f51a123d78b0ae7d66e5,Linear SVM,negative
4c6b5c552b2a35cd3f40,Linear SVM,positive
a623112d825a772abffe,Linear SVM,negative
04134f18df2175e25026,Linear SVM,negative
600ef03b771e7beb4f47,Linear SVM,positive
68678a6fbd91834fdcb6,Linear SVM,positive
dc612b565f987e56a5d2,Linear SVM,positive
325be0612afdd2d92b35,Linear SVM,negative
00ad60466b65c366d4ad,Linear SVM,positive
899028f4d74d51c191ef,Linear SVM,positive
f1ade82a61151ae85f78,Linear SVM,negative
f1bf0932fbbcc9eb0f3a,Linear SVM,positive
812eef288daf1cba360e,Linear SVM,positive
4b67779b698b721a48c9,Linear SVM,negative
c594561d6ecc39521629,Linear SVM,positive
7fccb4fd29a7bbddd19c,Linear SVM,positive
6cca7947c95afb8f1909,Linear SVM,negative
c9f3630f198f13ad4297,Linear SVM,positive
687ab616d1b08537cfad,Linear SVM,negative
da50320001deb3ba75b3,Linear SVM,positive
c36626be56c8acc44a68,Linear SVM,negative
8e6b2a50879b49e030be,Linear SVM,negative
2947735cdc6691b128b5,Linear SVM,positive
416ee17fbb0d7eaeff87,Linear SVM,negative
68b74584da14a28a107e,Linear SVM,positive
a2fe4ec3e630c9a9ec98,Linear SVM,positive
643b5d4bbe7607a502a6,Linear SVM,negative
99d4bd6d16bff99e0611,Linear SVM,positive
41424c4c6e025f8b2e98,Linear SVM,positive
45d25382787191e851c4,Linear SVM,positive
bc79a98575d38e3153c3,Linear SVM,positive
8cd0e8905735fb98c8f6,Linear SVM,negative
b165d137e51be1731d03,Linear SVM,positive
cc4965814bd07e028efe,Linear SVM,negative
256ad02e04991fcf58c2,Linear SVM,negative
9be5d62547f0e3bedf3e,Linear SVM,negative
bf02be98b0eea6dfa33b,Linear SVM,negative
f712e117ca84735a3335,Linear SVM,positive
9739cbe056be259a2c69,Linear SVM,negative
fb6cd39c515a4064810f,Linear SVM,positive
3c5060de6bc35f7e7cb9,Linear SVM,positive
e7635b6b16dbed138acb,Linear SVM,positive
a204e5dde1eb433d3b37,Linear SVM,negative
83d99bd7591898c8b1b7,Linear SVM,negative
985e7559fb3d3a94d88a,Linear SVM,positive
70949cf850ca4617ee9b,Linear SVM,positive
a668412ba05d13a5468f,Linear SVM,positive
ecf3a4a88f54f0677048,Linear SVM,positive
58af5d367c81493f58e7,Linear SVM,positive
c11d1ffab00283f78984,Linear SVM,positive
1a8199cfaa80649c5253,Linear SVM,positive
9020ab30d7f8cb3d991b,Linear SVM,negative
f70f46c02a418bcb6cc9,Linear SVM,positive
4fabee92a2720330931d,Linear SVM,positive
47769bae059190836a14,Linear SVM,negative
5d02ba4202fab07790a2,Linear SVM,positive
31dcd944c6b937955679,Linear SVM,negative
d919b34fb233f6b6fe07,Linear SVM,negative
cdc666dc8bebdcb5d5dc,Linear SVM,positive
b802c5730b306edb7540,Linear SVM,negative
50989a61843417ad170d,Linear SVM,positive
1875f7c1f1e6e64dba6f,Linear SVM,positive
0a7a299ce31c33da3877,Linear SVM,negative
15934733a8edf9cb50e3,Linear SVM,positive
846c4da55ccd659244f7,Linear SVM,positive
bbad791a2c77234dccec,Linear SVM,positive
34502d0d4830124a91c7,Linear SVM,negative
74d3c3d06a43cb878a3e,Linear SVM,negative
442280f204da683a4de1,Linear SVM,negative
67361766c24bb51ee48b,Linear SVM,negative
e772bd4728631ee55d41,Linear SVM,positive
12d798e316faf44f6375,Linear SVM,positive
9577b7dd7f56db9ae052,Linear SVM,positive
90c8543e17795be497d7,Linear SVM,positive
6a33586bcd7249bdc0a0,Linear SVM,negative
634639becef8a5dd0628,Linear SVM,positive
22f050bbba34ec3376a1,Linear SVM,negative
be3c6f0e1b08e43ad842,Linear SVM,positive
acc6a7eb1c9cf2f373fa,Linear SVM,negative
294c0afca9797d92b567,Linear SVM,positive
ca4279e4ed5cf9befc32,Linear SVM,negative
ff94c7af0c3b8ee88020,Linear SVM,negative
d9375ac4976da81bee14,Linear SVM,negative
530cbefc78051a0224e1,Linear SVM,negative
d70b672ab6f2c5cce829,Linear SVM,positive
629bbfd3b416a8ca7efa,Linear SVM,negative
cdb783d8ac7545c448d0,Linear SVM,positive
8a4f75335e4c1f668e08,Linear SVM,negative
237a7c590689b972bb20,Linear SVM,positive
0aeb77f06a718a24d13c,Linear SVM,negative
544215a6bf3f7dee1084,Linear SVM,negative
452254bbcf7d358180b5,Linear SVM,negative
75fcba49e28a8226f190,Linear SVM,negative
4906708f39a5e22114b0,Linear SVM,negative
69eb40338cd4694ede1a,Linear SVM,negative
cf86b4868d9fce158b6c,Linear SVM,positive
7fcf00da032128ffccca,Linear SVM,positive
bc3ce5dd9aecde6bd5cf,Linear SVM,positive
bccd2e3d1fcef3e36e4e,Linear SVM,positive
d41c0775422751df5efd,Linear SVM,negative
427904405034c333a5b0,Linear SVM,positive
711438d4cfada6ab9dbc,Linear SVM,negative
724c61b3e323ce37bd48,Linear SVM,negative
988576949078a684df0b,Linear SVM,positive
d2676bb84a4eb0bc4803,Linear SVM,positive
4bdde08cc72fbb37e7ed,Linear SVM,negative
7c25637c83f4ef1fd812,Linear SVM,positive
d3e3e4faaf95fa90c8e1,Linear SVM,negative
60c9c02b8c3727fb961d,Linear SVM,positive
72c7767e46230ed1caa3,Linear SVM,positive
1f8ad3f74f67408982bd,Linear SVM,negative
2beeda3438decb13fea0,Linear SVM,negative
42c86f1828d507bd8df7,Linear SVM,positive
93cbe105d2bd41a05138,Linear SVM,negative
d51d225daeb1d10fee01,Linear SVM,positive
4bd99aed0397da2138bb,Linear SVM,negative
34caceffe486c5dbec57,Linear SVM,negative
db5734fe6c36fa26ac1d,Linear SVM,positive
c35c77ede42c0750827d,Linear SVM,negative
605b69adbe38c16a1a37,Linear SVM,negative
a6ccb67a9bf3ceef6878,Linear SVM,negative
fa87ffc36807f8450361,Linear SVM,negative
217896c5753948984cf8,Linear SVM,positive
74203fd1dfa135a5ade3,Linear SVM,positive
44e7c183b0a12e505029,Linear SVM,negative
4ca47cc4a935ef6849a5,Linear SVM,negative
3a3a02f6fd3e56ef7c9b,Linear SVM,negative
f21de6d8728b0b2fd7ac,Linear SVM,negative
b80ed538f4b3101475d6,Linear SVM,positive
7459be21d4b4ffaeb748,Linear SVM,positive
ac763d73a234b80ef50f,Linear SVM,positive
ef7aa24f2fc35517debf,Linear SVM,negative
b9c0ce3fd7f23dafaf9e,Linear SVM,negative
45655b0f56cb034281cc,Linear SVM,negative
fecb55b680d982fe930c,Linear SVM,negative
00933c29e87c9adc0198,Linear SVM,positive
feb1cb9e74966f97b6c5,Linear SVM,positive
ebe8fe5b99fead689488,Linear SVM,negative
1fe4703774eaf5a9d9ae,Linear SVM,positive
20a601ea47c6f325de38,Linear SVM,negative
fa3ca182fba2358ec1ac,Linear SVM,positive
7ca481cc0a2cec06a5c2,Linear SVM,positive
77774ce17decf0fa5eed,Linear SVM,positive
2f1e9b3be3672ee71a5f,Linear SVM,positive
e6ea5c4d6d4e988d20cb,Linear SVM,negative
cf6878702131b60dd594,Linear SVM,negative
9795db717e67340cc7db,Linear SVM,negative
8948975c76e8e0002dda,Linear SVM,negative
d1e4c1524dc3762895e5,Linear SVM,negative
bae9b6728dd8cfb2ace9,Linear SVM,negative
f1c74e3ec78f3289113b,Linear SVM,positive
6d02ddc9f0012ae9b587,Linear SVM,negative
01c3327bfe1c9daa3cc8,Linear SVM,negative
e60e2495c5c031ece8d0,Linear SVM,negative
e6d4e534c492c9fb6341,Linear SVM,positive
c5680e14b7b3fcf39f52,Linear SVM,positive
5af4507d57d720b16181,Linear SVM,positive
e40dde979ba7c64a85b1,Linear SVM,negative
f6cdbe901d76c3ed4587,Linear SVM,negative
11d81a0cd3efa87ee541,Linear SVM,negative
6fa8787dfd6ea7a4ce61,Linear SVM,negative
e816d1754a2efb943a59,Linear SVM,positive
19b8dbde5e048291e093,Linear SVM,positive
335a92fcbac643cc03b3,Linear SVM,negative
7596762a8fe3df310555,Linear SVM,negative
8a67999df14282151e2c,Linear SVM,positive
cbc51167dbfa23de396d,Linear SVM,positive
ea87be193cb8b8f8b7b8,Linear SVM,negative
38fd4bccf764b68b44e4,Linear SVM,negative
0cfbde87f2557b98259f,Linear SVM,negative
09df2d3d45e8f9629097,Linear SVM,positive
b8a7f02e37bf8098915e,Linear SVM,positive
92bc723438217d44e864,Linear SVM,positive
57df03113bf4f28c0c5b,Linear SVM,positive
90efa1ffa4120f4e3dcf,Linear SVM,positive
bf7557c93363782f68d2,Linear SVM,positive
95d8ce82e3cb056631f8,Linear SVM,negative
7563866658790bfe5641,Linear SVM,negative
5a236179a79fe9e8d113,Linear SVM,positive
1c132766875022241987,Linear SVM,negative
e6471a1a6f557feebe09,Linear SVM,positive
7bbd8ada43e900e3b301,Linear SVM,positive
76bb24dd2e800c852591,Linear SVM,positive
f7b84f28dd7d62aeb74d,Linear SVM,positive
1121e5ec56f5bef687bd,Linear SVM,positive
2181658f8f0e138fcaf4,Linear SVM,negative
2721149f962c0c05f35e,Linear SVM,negative
c4df8c23b446b0dafd15,Linear SVM,negative
b2c32bb51a06ee04988f,Linear SVM,positive
1847450c3160a56860fc,Linear SVM,positive
a141d4e6c443ce266fce,Linear SVM,positive
efea52804932d477a5c0,Linear SVM,negative
21c4b60edadba149f621,Linear SVM,positive
b477a1465e1f06095fdc,Linear SVM,positive
3c74471c387317044aa6,Linear SVM,negative
40220e62c685603c0de7,Linear SVM,negative
83e13432dc47a0480e70,Linear SVM,positive
0169740bff480402633a,Linear SVM,negative
b92d5c4c061e296a07aa,Linear SVM,negative
5ca9cd0c95b0e46e687f,Linear SVM,negative
de98a07c3772b95b71d0,Linear SVM,positive
c7a42af39dca83aab964,Linear SVM,negative
7044ed360b919528c1ea,Linear SVM,positive
902fa424bda8b6f9c72f,Linear SVM,positive
fa52ea7d465cb521911d,Linear SVM,negative
adfd2b1cc9a74e2accc6,Linear SVM,negative
55e0add6f55065ac8864,Linear SVM,positive
b026cc94ca9a0c811635,Linear SVM,positive
b000ef98b5d140d2e3e2,Linear SVM,negative
fe955cece2d7766547e2,Linear SVM,negative
fde6f3993d7adb41790d,Linear SVM,negative
4258a89df0c15d059ce7,Linear SVM,negative
26e5cc49ff36d4fcd575,Linear SVM,positive
05d363d9145d13aab76e,Linear SVM,negative
1066f5589b7605ad64c9,Linear SVM,negative
11dbf74cf6beaf84a1b6,Linear SVM,positive
67130a6d3fc60cd55027,Linear SVM,negative
96dd5e4ca935da183d33,Linear SVM,positive
676eb414f53df943fe67,Linear SVM,positive
f7d22e92da95da5fb474,Linear SVM,negative
c686666e83aad4ae90ee,Linear SVM,negative
8dfceed362d05a541426,Linear SVM,negative
890c895ee948cd58483f,Linear SVM,negative
182c1c66a07df7c01602,Linear SVM,negative
450add6333c08ce01d6d,Linear SVM,positive
646568cb296821c7a32b,Linear SVM,positive
948d427dc4fd0c10cece,Linear SVM,positive
8f8ec8b93ed520dd1644,Linear SVM,negative
04bc08cce223a2b56f68,Linear SVM,negative
15a9a2df7719d2670f76,Linear SVM,negative
4c3b82af955dc71a90ad,Linear SVM,negative
e4686492e32caac61ea1,Linear SVM,positive
5ef2de83a7fe6d55bfba,Linear SVM,positive
f6cd4857fd363dfaaf8a,Linear SVM,positive
bbaa941e91d3857ca75a,Linear SVM,positive
1cbe66fb39cf327ee8fe,Linear SVM,positive
93709197dd35a2df94ea,Linear SVM,positive
373bb617055354e08698,Linear SVM,positive
373362043f04bad05b9d,Linear SVM,positive
620f344f1ac45c53b155,Linear SVM,positive
6869b0172553175261af,Linear SVM,negative
527b64572655441bc85f,Linear SVM,positive
9e15a4a022cd392a9fae,Linear SVM,negative
de3cc5a99ac649cd75e5,Linear SVM,negative
d3c7d4805e29d6cd352c,Linear SVM,negative
3331d9581a0fcc5a4e26,Linear SVM,negative
bb0d128855da9eeada33,Linear SVM,positive
ece756c7d25b224963f2,Linear SVM,positive
941eeedeb0a23bcb9520,Linear SVM,negative
0f94f7c44c4ab4a26626,Linear SVM,positive
0a0417d05576784f30a7,Linear SVM,negative
111237bc50a19e5fd2b9,Linear SVM,positive
e412a1be9419cfa5b345,Linear SVM,negative
1f9de61f5ea13fd64763,Linear SVM,positive
7a737f35bc2084cfc226,Linear SVM,positive
2c5e97db608e7bdcbcab,Linear SVM,positive
948b65db7da5b128f667,Linear SVM,negative
3c6b1fa91b2e2545074a,Linear SVM,positive
fbbfd3532cc3f3fd9f8d,Linear SVM,negative
317b09086d3e6282a016,Linear SVM,negative
98ae9c2783be5e569b92,Linear SVM,negative
babdd88486ea9359e536,Linear SVM,negative
06a99f83f7c6d02a8c10,Linear SVM,positive
8cf5bc268b4abdb5a158,Linear SVM,negative
dc6e5d4d879cd8dfc0d6,Linear SVM,negative
ce4380a1d943ca8e22cb,Linear SVM,negative
a59e2e1868e0aa91c64d,Linear SVM,negative
3b7915e2c7afc4061744,Linear SVM,positive
9524bdc70917bb286e3a,Linear SVM,negative
184cbb243bad345062a8,Linear SVM,positive
82466addbce0c4f0ed92,Linear SVM,negative
c468f7fa1815273552d2,Linear SVM,negative
c9efda38c5fa96b0e460,Linear SVM,positive
e565053b741fdfa4cabd,Linear SVM,positive
fb854d995acdadc2562f,Linear SVM,positive
a7d89af6b275a113b29f,Linear SVM,positive
e0c266e423fdabcb4d5e,Linear SVM,negative
1caef84c78490e8eaa11,Linear SVM,positive
bbe5670f59cceec474bc,Linear SVM,negative
a8906ada63ae5567ad21,Linear SVM,negative
728d99e3f405d2f7477b,Linear SVM,negative
ed312e2b6e220f69d69e,Linear SVM,negative
9b9ff4efbc1bddb2d39f,Linear SVM,negative
3a46ced672ed8e10d942,Linear SVM,positive
4187692ed286b7a4db48,Linear SVM,negative
4b400093fab5ce530819,Linear SVM,positive
959b27615df78eb16ea7,Linear SVM,negative
2ebd037f5ef74ab9cc1d,Linear SVM,negative
ebc2d222680fa9981d41,Linear SVM,positive
4c8fbe402766db8bfc40,Linear SVM,negative
095f296c5d9afd00964b,Linear SVM,negative
b8cbce4ad76507aedaec,Linear SVM,negative
f3225030fa773541b0f2,Linear SVM,positive
8a8a163162c105d839e9,Linear SVM,negative
708c8cd5cff4efbb0b35,Linear SVM,negative
f881e66e9e446fb766c5,Linear SVM,negative
e21596ce6f0e33f3888e,Linear SVM,negative
d830adc7c5d60081b60d,Linear SVM,negative
528f8219aa5693f3c3cd,Linear SVM,positive
eb42b585e3d3f22be3a7,Linear SVM,positive
7266ba3b7a65d40d590c,Linear SVM,positive
0875c44b962dddd0f3b1,Linear SVM,negative
ee6cf1095a6be09aec89,Linear SVM,negative
28411100548cf16f94e4,Linear SVM,negative
7d718345a763894077f2,Linear SVM,positive
35e04e0bdb91e9f33370,Linear SVM,positive
de9c71bf554e2b9ca568,Linear SVM,negative
776d12a83de036767820,Linear SVM,positive
9f0a9e0ad30809c858c4,Linear SVM,positive
d8113813429d2c4f0fc8,Linear SVM,negative
c31f8fa048acebb41b92,Linear SVM,negative
a6d9600e091a9165ee22,Linear SVM,positive
a9449b3fc7dd64240dce,Linear SVM,positive
4d5f745a05396006b2a1,Linear SVM,positive
4623cc25d79ff9502140,Linear SVM,positive
bce885837ad7c5dde3c2,Linear SVM,negative
add6f5f87eab095eb3af,Linear SVM,positive
6044f011949f1297eb23,Linear SVM,negative
6dea7a8f04f1855b201a,Linear SVM,positive
968876c00a92782d0688,Linear SVM,positive
b1a8a1d5033f9d3dd473,Linear SVM,negative
b45c60ef5e46c8668d61,Linear SVM,negative
48cfab83c5b4f9d4729f,Linear SVM,negative
5214977b22292125d09e,Linear SVM,positive
8b01fd0f1abe0d5dfdb9,Linear SVM,positive
caa0b5ddc1f1e0409f6f,Linear SVM,positive
c417cf686540c8fe535c,Linear SVM,negative
bc56d5c6a5303e971bcb,Linear SVM,positive
9c77b1d477e78338026b,Linear SVM,negative
aefdaa4d0c269a11a58e,Linear SVM,negative
610aff1a54d01f1ac178,Linear SVM,negative
7cc8538767b6d8720126,Linear SVM,negative
6b3e34e4dadcbcbe3c8a,Linear SVM,positive
f87ef0babffa7ffb9a15,Linear SVM,negative
9096e6f33f4feb2ce762,Linear SVM,positive
0638d1a484945b0d846f,Linear SVM,positive
519dc582fe9eeed585de,Linear SVM,negative
45f36db79c25fb740b86,Linear SVM,negative
ceefe6a4386fcc93812a,Linear SVM,positive
6f0fb41664a04a9b0881,Linear SVM,positive
31bd66c872c807c7d7da,Linear SVM,negative
5a4116b6ead53b3278bb,Linear SVM,positive
dbbb80fa89b52257928c,Linear SVM,positive
0e7f0af9b883358f96fc,Linear SVM,positive
1871dfc8e9ad51c188ad,Linear SVM,negative
191b753fbc9361e3e0b4,Linear SVM,negative
928078a0d4436b89a4de,Linear SVM,negative
b445e85299ff31187e75,Linear SVM,positive
2127f6483aa8c36812a6,Linear SVM,positive
2e5a00dd494498dd5b05,Linear SVM,positive
a9ff2497053ef82234ce,Linear SVM,negative
e600b1cfc31896fc29ae,Linear SVM,positive
65a3dcb47ee838a525f4,Linear SVM,negative
988a9f595c0d083d068d,Linear SVM,negative
3530294bdfbbacd5e9f6,Linear SVM,negative
008206cd38841ae28f15,Linear SVM,negative
9a8dbf0c908a600c2cdb,Linear SVM,positive
177c457bdfaea1fdf3a4,Linear SVM,negative
fb059f4797bee4a26397,Linear SVM,negative
c6915449ed287b32aa78,Linear SVM,positive
d940edf1c8fd9aaaa7a3,Linear SVM,negative
cf6016fc7c7a6bdb8096,Linear SVM,negative
15fd172ea337c0ad7e13,Linear SVM,negative
1847cf58ce8884d97174,Linear SVM,negative
069264270b20663de612,Linear SVM,negative
0d9112f66e6ebd93cbf0,Linear SVM,positive
a4f5b3ad8f1777ae6ecd,Linear SVM,positive
afe04384f9b92609ab0d,Linear SVM,positive
160bd64c0d1e29848846,Linear SVM,negative
c269ef15d6af50773f88,Linear SVM,positive
62810c1d3abdd27bcb72,Linear SVM,positive
30b196d1d10bee4248ca,Linear SVM,positive
fb99b38c46ddc340b59b,Linear SVM,negative
cc3240389110188c962f,Linear SVM,positive
39bc26c1e3a00f5f9e6e,Linear SVM,positive
263a12701af9585f19ee,Linear SVM,negative
870fb00d288c917617ff,Linear SVM,positive
c39db798608c57cbbf24,Linear SVM,positive
f3324545bdfc9dfba77a,Linear SVM,negative
77270b0f8b1328a641f1,Linear SVM,positive
98a195d7bee1d7b31ec7,Linear SVM,negative
b5745c35962179f33882,Linear SVM,positive
d8a05d10c1ccbd038bc8,Linear SVM,negative
acdfd94d55aac51fa2b9,Linear SVM,positive
2e6ca0e7039e6f597d73,Linear SVM,positive
b3055e274ab66f80b29c,Linear SVM,positive
d44e5d51069b6a803fc9,Linear SVM,positive
51b8067ade54cee32887,Linear SVM,negative
e3c88eac1fd2ca67eb26,Linear SVM,positive
29f79f8b13575e8dfa1b,Linear SVM,positive
2368181ba5c0ae83849d,Linear SVM,negative
14b6acf2607b72a21b01,Linear SVM,negative
06e08bbf5f204c0f00f4,Linear SVM,positive
143b56aee58f7053e0b1,Linear SVM,negative
c41ab8ad553bbd3c45ff,Linear SVM,positive
5847f50cfcb06451951b,Linear SVM,negative
bfadac7a6a7ab5531f55,Linear SVM,positive
dbf0b4da48af7c48af43,Linear SVM,positive
0231cf6778b58ad1a1c2,Linear SVM,negative
6e5be3c23d9868a8773a,Linear SVM,positive
8ae8f3af3cb607e33014,Linear SVM,positive
d6ab3b16c8352cd8b16c,Linear SVM,positive
e01d7fa380780d83882a,Linear SVM,positive
c420e76e670680b8c0a5,Linear SVM,positive
249e54cf1a841cff4d4a,Linear SVM,negative
7d8617f8590f14fedef3,Linear SVM,negative
a36f1da05b1c1aeac964,Linear SVM,negative
526ff256e003aaa39813,Linear SVM,negative
45068ddd5a0219d66604,Linear SVM,positive
0f5e24e49265642a87bd,Linear SVM,negative
9b4733e374ed68f3e2ac,Linear SVM,negative
92978d73f8c7855530c7,Linear SVM,positive
ad9f6862b244368148fd,Linear SVM,negative
c8b1d911c70212812a79,Linear SVM,negative
0d7bb60a4d7c9ce28feb,Linear SVM,positive
d41dcecb524d5e1fe706,Linear SVM,negative
daea6c93c8ca0107602b,Linear SVM,positive
daf4692e52a08750688e,Linear SVM,negative
519e47d949baf6a6fab8,Linear SVM,negative
2d00bea691ac590287a5,Linear SVM,positive
278f8a489715fffcf4a7,Linear SVM,positive
774d8108d6104b542e54,Linear SVM,positive
5d69b9179e9c7b5cc9d2,Linear SVM,positive
4da1eca39f7c9b466267,Linear SVM,positive
052506c938e1daa98ba1,Linear SVM,negative
7e1719fc7855d4a0aa3d,Linear SVM,negative
a268e3ce0b2677420554,Linear SVM,negative
b205dee495bbf6e2f221,Linear SVM,negative
f04e332496c62d6a0403,Linear SVM,positive
74716fd22404071fdd18,Linear SVM,positive
663e44639b2f05337d91,Linear SVM,positive
3b9a5c007aaf2495d788,Linear SVM,positive
6a08d9dad63170857954,Linear SVM,negative
1a8caaa06520fa49d49e,Linear SVM,positive
250df11c78910dbc67ec,Linear SVM,negative
f60a9feb832507eec03a,Linear SVM,positive
fc594b8668abcd92dc9c,Linear SVM,negative
1f80e18b04f6c52e56de,Linear SVM,positive
311dcefe38587251bd54,Linear SVM,positive
2f52e8c03d07ffa3e36b,Linear SVM,negative
78ef98de993f361f6820,Linear SVM,positive
e399a1b602caeeb15f5c,Linear SVM,positive
a6ce19a15c33082f4115,Linear SVM,positive
b2fbe472c99d3431dd8c,Linear SVM,positive
05153d85c53f139a6e21,Linear SVM,positive
4f27ada4e899864bd1cc,Linear SVM,negative
a15efb33c97fd9e4d345,Linear SVM,positive
c3bcf58799a584a1480c,Linear SVM,negative
ba281684e5b27e4506a3,Linear SVM,negative
e5edbf5faf1be05c5ed1,Linear SVM,negative
4e1a3166afc0d1b1d853,Linear SVM,negative
b851ec2a11ea65fd085d,Linear SVM,positive
eee147ce1b14ce0c7372,Linear SVM,positive
511e2e664c68d44dcfb7,Linear SVM,positive
392fb8ed8425bf2e7c65,Linear SVM,positive
ee7bec8cef5df26c9dc3,Linear SVM,positive
3dafecb75f8637c85cae,Linear SVM,positive
f1fc37d6d97c34566275,Linear SVM,positive
2ddbde9f42c11ce8e077,Linear SVM,negative
e4bab29aa193bce21dfa,Linear SVM,negative
55bd760c862fef963a9b,Linear SVM,negative
c66c230d37cb1126f1f7,Linear SVM,negative
579eeda2ae4807199476,Linear SVM,negative
5f143c67f3a4ac469473,Linear SVM,positive
550e4dfb5b67e4c7f090,Linear SVM,negative
6ca8536d2174109d8718,Linear SVM,negative
cf2fcebd8e8d42c38045,Linear SVM,positive
e096e9bcee22121a30ea,Linear SVM,positive
a7bdf4fdb26128a6b964,Linear SVM,negative
73919146edce25d7f81f,Linear SVM,negative
676534830022a141d478,Linear SVM,negative
ce6559019b06315b75cd,Linear SVM,negative
01e4071c22d89f6baa3e,Linear SVM,positive
31b910716c4f5ee3a1c6,Linear SVM,positive
b29166f6159723466824,Linear SVM,positive
1c26cf41c8340218b9ab,Linear SVM,positive
d6cbe8bf4ab6dcbfeb25,Linear SVM,negative
b04584e0b4676fd96ea4,Linear SVM,positive
44d7809d5d67f76c262a,Linear SVM,positive
985bd47b39a23e6d03d0,Linear SVM,negative
da761add17a472e7c937,Linear SVM,negative
be4a67d52912b90aab49,Linear SVM,positive
58ea81818f015c62a044,Linear SVM,positive
e180242f67c116aec495,Linear SVM,negative
b02f80172dbd40eb659e,Linear SVM,positive
8909756ebc109510697f,Linear SVM,positive
a6db82953f519e753481,Linear SVM,negative
67669a8c9e9132c2f71c,Linear SVM,positive
bf9e91189b03df826931,Linear SVM,negative
c11d824fdd835d4251ed,Linear SVM,positive
274eab2ce13913e437bd,Linear SVM,negative
e7a641a76cb4990432d2,Linear SVM,positive
f3982e1a2091ede00f9f,Linear SVM,negative
5cd8b85fa7b1d0dccf53,Linear SVM,positive
bf0ff9b1c092fb62e89c,Linear SVM,negative
6576249730f1167f0337,Linear SVM,positive
b3deb8b2acf60c99791d,Linear SVM,positive
88c87c9ac82c67353a3c,Linear SVM,negative
4fb876e28ca650d44973,Linear SVM,negative
5b814472d9fe1d7cc781,Linear SVM,negative
1d0c1678fb4391769268,Linear SVM,positive
b877e1cf6b286f71c718,Linear SVM,negative
0c453df8906fc1a42600,Linear SVM,negative
5cb95a80a8a19b8283d4,Linear SVM,negative
de48ffa7564c3a02cde5,Linear SVM,negative
05efa902ad57fb680d64,Linear SVM,positive
3a24be8659a03adf4f3e,Linear SVM,positive
ec840e0232f00e1870a0,Linear SVM,negative
4324b7c9684e11825e62,Linear SVM,positive
ec23f18b5c70ce62817c,Linear SVM,negative
9d6ccbc9d83c3810fd13,Linear SVM,positive
63deecbddfda8407f903,Linear SVM,negative
cc9dcb5a5270a73e896a,Linear SVM,positive
776991ab34b70c04035a,Linear SVM,positive
55d3023bad47df9b0ac1,Linear SVM,positive
bae912e56d5eb36bb044,Linear SVM,negative
f70ef7add7ef6a531cd5,Linear SVM,negative
c1fbab60ebec6c03c4d7,Linear SVM,negative
4cad19d328d83ef40c3d,Linear SVM,positive
67ad09372e353e5a70ee,Linear SVM,negative
feecc3f6350a294d61bd,Linear SVM,negative
b04e3b67e668dacbe7da,Linear SVM,negative
1f22a38ba03bb1d66121,Linear SVM,negative
103b8650bfcdd178bdc7,Linear SVM,negative
c53d5dd29f4ff64faa42,Linear SVM,negative
0f919611e22f163d956f,Linear SVM,negative
808291d22d45d608648c,Linear SVM,negative
ff3421f404a0409059aa,Linear SVM,negative
b673cbdb4f76cf2486ef,Linear SVM,negative
6356d9f7ab2b7732f6bc,Linear SVM,negative
04f15ff5a908301a7db8,Linear SVM,negative
cfff6a71845e7f76bc12,Linear SVM,positive
17f0292780894668de03,Linear SVM,negative
a31596a4dde5e083bec7,Linear SVM,negative
3b7565a7aa98bfcd578e,Linear SVM,positive
c0d40523bb6115716cd8,Linear SVM,positive
0112e5b28182d39a184c,Linear SVM,negative
49e07f5aa4f6af53d698,Linear SVM,negative
0c78bf7c670c2e18cdcc,Linear SVM,positive
152e4201ded021977f72,Linear SVM,positive
a3f3711b90cbddc705b2,Linear SVM,positive
8090b60475fc96b64e04,Linear SVM,positive
9568d9ea2d641408f224,Linear SVM,negative
25ede44ce7b101509fde,Linear SVM,negative
2095e386f963e1fefeee,Linear SVM,negative
ff2cc732679f8d67b097,Linear SVM,positive
76106fc14f9b84d432ff,Linear SVM,positive
8c08a2762014256b5a00,Linear SVM,positive
88e73fb37feb81a07483,Linear SVM,negative
6f86018eac9a8374d3f7,Linear SVM,positive
8edca20e8163d49b4352,Linear SVM,negative
2da8930445b9b38e42f1,Linear SVM,negative
168ecd5f05a527444a1f,Linear SVM,negative
0f62732d76031cfd8ad0,Linear SVM,positive
48d44a6183ff99d9fe85,Linear SVM,positive
838f41afee8b8aef7c78,Linear SVM,negative
99be65fa69f6e894c4f1,Linear SVM,positive
245e69ba5eed863b2cd0,Linear SVM,negative
056f70be6bb663e49cbc,Linear SVM,positive
cc6c6b32dc8fe1483ada,Linear SVM,negative
518d87795fc562984daf,Linear SVM,negative
388a7a7ad3d93b895c97,Linear SVM,positive
8a656fc743bba00885f4,Linear SVM,negative
5e76f192662b353c5ba2,Linear SVM,positive
5ca172e6a1df67c5e1ac,Linear SVM,negative
d19d835ca62f3e2d790c,Linear SVM,positive
f965748c44b3f7fbeab2,Linear SVM,negative
f851aa4cee17d2c44f28,Linear SVM,negative
2dc8b590b15febfb5129,Linear SVM,negative
8666d6c45d263263e5e9,Linear SVM,negative
7c33099858b9713452f1,Linear SVM,positive
c91c3f63b438df4169ef,Linear SVM,negative
98df51feb70e75e75f63,Linear SVM,positive
2ad7ab0cb0ed627378a5,Linear SVM,negative
21d121203c0d740bbc54,Linear SVM,negative
8597e7b478cb6ceb5be1,Linear SVM,negative
dcf509d5d28fcf8ef958,Linear SVM,positive
43bc66de6921e17fe14b,Linear SVM,positive
f3494e2ba3a9550da946,Linear SVM,negative
26241eba58d2be117227,Linear SVM,negative
9352405be883745aad06,Linear SVM,negative
73ccca8f86fcf1fdba89,Linear SVM,positive
bd5609b6989cd2bc7616,Linear SVM,positive
ae1bca0b57ea0b6b6e04,Linear SVM,negative
6bc128d7779e88d411b9,Linear SVM,positive
4eef3714756278b7b808,Linear SVM,positive
e8dfd4c99fe413597963,Linear SVM,positive
c52601d194054335fba7,Linear SVM,negative
a215114ff6ecdfede3f2,Linear SVM,negative
155a4763c213e6e61b7d,Linear SVM,positive
59f4139d03ae38dc0def,Linear SVM,positive
81bf4a1dc13a69f0b452,Linear SVM,positive
0d7a6dca5e955532638f,Linear SVM,negative
5259c0cdc1aa2a43e7c3,Linear SVM,negative
212fa175748a3095916e,Linear SVM,negative
49b1f9559e982d13c239,Linear SVM,negative
02f0385f8dcc2b819d36,Linear SVM,negative
d8018371e7312b499e8b,Linear SVM,negative
fb8cd370af79481c6076,Linear SVM,positive
7619aa29b027d1f38031,Linear SVM,negative
1d8ac6e604b5a1158efd,Linear SVM,negative
ce3964d36611b4d6ec27,Linear SVM,positive
c0b728152abb09acce3d,Linear SVM,negative
78187b6465412052714d,Linear SVM,negative
42af710d57526d8a1fec,Linear SVM,positive
d9aa545f099fe16f5053,Linear SVM,positive
031d69672fbfeb43c5b0,Linear SVM,negative
3bbea36d3e97c1939f92,Linear SVM,negative
0566bcd9d3c0548d24e7,Linear SVM,positive
49b6fbfacc9591e44b38,Linear SVM,positive
77059e7636574e4b3476,Linear SVM,negative
55f6717aff07c63b315c,Linear SVM,negative
682445083f3be121541c,Linear SVM,positive
cb10542888425a505f8d,Linear SVM,positive
42c0470da29e842008a3,Linear SVM,positive
813ac09828a0a8c6774a,Linear SVM,positive
c90533fa75bda49d0aee,Linear SVM,negative
e1857f0dc4d15f3f9605,Linear SVM,negative
f6ec36ca1cc90e97dde3,Linear SVM,positive
4d04c0436bd1437e7509,Linear SVM,negative
7dff015a463dab18917e,Linear SVM,positive
9e68a0288b026f5d86a2,Linear SVM,negative
b1a9a1e6639391532304,Linear SVM,negative
ff3e77fb38b52ea7e6d8,Linear SVM,positive
1f162dc3a9a48f19695c,Linear SVM,negative
a724d72552ea661f115a,Linear SVM,negative
e03d83d9b88fe9a93ff9,Linear SVM,negative
1ed039a197c1b9a6b083,Linear SVM,positive
9f27e817aa62dd5218e4,Linear SVM,positive
aa77735cf998fa415069,Linear SVM,negative
b5e3b4d70da772be7f8f,Linear SVM,positive
fbf1b38aa10ea8929c9a,Linear SVM,positive
97e2c46afa78053e734d,Linear SVM,positive
4c1d8f655fef031457df,Linear SVM,negative
dd25807c4bd1c90903c5,Linear SVM,positive
be5d768415a533f1993c,Linear SVM,negative
3b25ddad8a1de99e4f7f,Linear SVM,negative
99bd7102aa71a2824901,Linear SVM,negative
ca88d156ce9afa42f56b,Linear SVM,negative
f876e771bdd35e24fbdc,Linear SVM,negative
5e86a5e3b9d5d7b21fa9,Linear SVM,negative
9d66f20f589d8c6b67d4,Linear SVM,positive
092d04fd54d73a6d6746,Linear SVM,negative
66905728d1b5237713cf,Linear SVM,positive
31eda9ea82d46bbc1786,Linear SVM,positive
a67ad86baf62d383d3e6,Linear SVM,positive
b2275590579703d8219c,Linear SVM,negative
e1c4a4f8c1e70b067fad,Linear SVM,negative
e555d0cfa079b838f6a6,Linear SVM,positive
5f4fa6a08f6dd5479117,Linear SVM,negative
f4f3181209c7928eb75c,Linear SVM,negative
46c449dad6f29e8d96b6,Linear SVM,positive
0f895c77271617b65aa3,Linear SVM,negative
074aee4f2ee36361b1c2,Linear SVM,negative
b0f0a758a489765c2c54,Linear SVM,negative
41d373c5a8c11a388bd2,Linear SVM,positive
2db1f2438250c3dae67d,Linear SVM,negative
3ae7dbdfdb2449aaf292,Linear SVM,positive
c8f156c1710f42eddc78,Linear SVM,positive
4a88817d64af9ed18a42,Linear SVM,positive
605c152606a36de359f9,Linear SVM,positive
cb8b6e0c1e445fb6fc1b,Linear SVM,positive
a200c1938582f95fc864,Linear SVM,negative
f380575215786d933d67,Linear SVM,positive
9be833ac76f1745fb466,Linear SVM,negative
f37014c3e3cae8ef7563,Linear SVM,positive
20601eebe11f6e94ce74,Linear SVM,positive
b32cf7f6f7644c538316,Linear SVM,negative
469d12cd935b3d97bf87,Linear SVM,positive
1848ca49df1deede40ff,Linear SVM,negative
d5b2a7068ae6ea5ab729,Linear SVM,negative
fb6d8f42a246602fac9b,Linear SVM,negative
a6aa893f93dfb6c6d1e5,Linear SVM,positive
adb5e252e220177f4e06,Linear SVM,positive
d3fb5cef2cdc39828dc8,Linear SVM,negative
7f48a0eb9afbe764e2b9,Linear SVM,positive
88ce6b556684142ab54e,Linear SVM,negative
9892423ecb3332358e17,Linear SVM,positive
51f2a604669aec3ec10a,Linear SVM,negative
2c1e717645e42ec6dbce,Linear SVM,negative
e4d90d6da2e27baf8ca9,Linear SVM,negative
b9caa237bf99a0fe565e,Linear SVM,positive
08c534ab3b305aab8553,Linear SVM,negative
2e5164ec16bf2a3b1305,Linear SVM,positive
1f3e3e81b731fbaa75f3,Linear SVM,negative
81421b9628d889aa366f,Linear SVM,negative
b9687388611ea0774016,Linear SVM,positive
846e74963dd7a06e7cc7,Linear SVM,positive
5eb3490a9d653d04f4cd,Linear SVM,negative
d8f6b7d9416fd5101550,Linear SVM,positive
84ceb16bae0b217795a0,Linear SVM,positive
ffad0679815f36a40781,Linear SVM,negative
6ee1c7432b60e3a15c14,Linear SVM,positive
17c78357a39d75cd57a9,Linear SVM,negative
4dba566d839538b4b246,Linear SVM,positive
0f83f9b4b920d34da072,Linear SVM,negative
db21d06095ea0cc45ec9,Linear SVM,negative
e5483f6ea00017e681c7,Linear SVM,negative
745bf2587e599e177409,Linear SVM,positive
7efdd3d93bce2a14759d,Linear SVM,negative
2fb20428ed285f6e1a5b,Linear SVM,positive
a34ea7f262cce7297690,Linear SVM,negative
1c58982c1856e0d4a81d,Linear SVM,negative
317ab1c731e83172a653,Linear SVM,negative
ba3fd0bbf8afc9af76c2,Linear SVM,positive
0edf592d57629f31330e,Linear SVM,negative
545e5f43f8d619c611f7,Linear SVM,negative
500a2601baa377a9d29d,Linear SVM,positive
6ee906cf30be64cd66e4,Linear SVM,positive
e6b133cdcced884b23b1,Linear SVM,negative
7651a4044fbbadd36399,Linear SVM,positive
ac9785a1ba42c3c1cc8e,Linear SVM,positive
c901610c7dbdc927f474,Linear SVM,positive
73c952e33173df5b0d85,Linear SVM,positive
36eaa42d3f064dab7386,Linear SVM,negative
8f2608ac342c0dbc325a,Linear SVM,negative
f5fc3d68d2db4276b77f,Linear SVM,positive
49804133f9b51a50fc25,Linear SVM,negative
08bc61a862501a678997,Linear SVM,negative
9bb1a286d9943b23eecd,Linear SVM,positive
dde36de089302ececd61,Linear SVM,negative
c2a00c0b6353701915a1,Linear SVM,positive
df29c7e507ad18629ebf,Linear SVM,negative
9bc0b5f020750352a3bb,Linear SVM,positive
361873fa616cfb453941,Linear SVM,negative
c48801526c5d7d8a0f18,Linear SVM,positive
987ce38c659673266247,Linear SVM,positive
4dce079d0acf1f1c9850,Linear SVM,negative
2aefe40372dc9e12fb81,Linear SVM,negative
617ba4a6e636c61e8d6a,Linear SVM,negative
859e0b9fe9dc2f14406e,Linear SVM,negative
f9b3f0604c9050cc3ad9,Linear SVM,positive
eff1a6399c3b64a8c9ae,Linear SVM,positive
0a772eafb8a872b1c212,Linear SVM,negative
0fe029fbb2c2ef6f3fde,Linear SVM,positive
509ab01c5fc96a947ba6,Linear SVM,positive
8debdf980b140eb78693,Linear SVM,positive
f843c1faf43a6f5ca8e1,Linear SVM,positive
14af55651a6a66583ad2,Linear SVM,negative
961ecdde0ff16284db1c,Linear SVM,positive
e6912bc2f75de762b72d,Linear SVM,negative
66361d8567da88ab9f03,Linear SVM,positive
683fff1606b4dfaf1efa,Linear SVM,negative
6b35d69e16603726fba8,Linear SVM,negative
9977257e0e3dbbec3a59,Linear SVM,negative
cefd489519d19cb39e41,Linear SVM,negative
bd1459b3f2b167539a0f,Linear SVM,negative
60785ce078f780c5c957,Linear SVM,positive
3d82abd858814b9ba8d2,Linear SVM,negative
5c702439ff49b588a174,Linear SVM,positive
ef36336de82822d636fc,Linear SVM,negative
c415da92459cacd8ef97,Linear SVM,negative
faf32452d7c4ccb0abca,Linear SVM,positive
f8afcae44fcf89f02845,Linear SVM,positive
f43b9aa36ab6fe08c94f,Linear SVM,positive
00b95996c517952a39e1,Linear SVM,positive
182310eea76275109c7b,Linear SVM,positive
d6c7d38d5f85d7bcf492,Linear SVM,positive
52a2b1bbb27c0d718575,Linear SVM,positive
2a2d90b0ef2d4428445c,Linear SVM,positive
a358dbbce81fb0640629,Linear SVM,negative
fd3c047aaff62f24b11a,Linear SVM,positive
7614935a8c8628f969bd,Linear SVM,positive
f9f24a6d7c0caf9de0f4,Linear SVM,positive
735aeb915ba564b0af40,Linear SVM,negative
266b50882139b7cadb8e,Linear SVM,positive
eedb72eb878afa63f454,Linear SVM,negative
a1e705a8cd440205aeb3,Linear SVM,negative
0291ceb79e2177ea139b,Linear SVM,positive
27b3998e3e6ac69506f4,Linear SVM,negative
7b0a29132477d580e908,Linear SVM,negative
11484890e308dab474b0,Linear SVM,positive
147ca558002621a390a6,Linear SVM,positive
396a40409b2c46623645,Linear SVM,negative
360e814c7d6a55f97c7d,Linear SVM,positive
f605a5bab1bd0431468b,Linear SVM,positive
079328d2fe423c8e1273,Linear SVM,negative
28629693a1655ed1e6cf,Linear SVM,positive
43033b022a44bd292b0a,Linear SVM,positive
65201d7b09ab8a1fa871,Linear SVM,negative
37bc20ea0d837374041e,Linear SVM,positive
73bbcb0366634d772158,Linear SVM,positive
5b8ad4c495e57ca721e4,Linear SVM,negative
8db552369ce01c14c7c2,Linear SVM,negative
e31c5b0eac2cb8a8edb2,Linear SVM,positive
f1f2bf630ec8dd95022d,Linear SVM,negative
c404a2ab1b1413be8bdb,Linear SVM,negative
8f84a829a34226d7d8a7,Linear SVM,negative
f32ab3ad2a8bba70d78d,Linear SVM,positive
a6b3c8389331b4cbd2ff,Linear SVM,negative
f06d1bfaecb0960868ce,Linear SVM,positive
fb198942a41d314bf213,Linear SVM,negative
7a840a58eda1709620cf,Linear SVM,negative
a603e1a438b2d9deab3c,Linear SVM,positive
672414e5026201ed8b1e,Linear SVM,negative
c67aa0fb4e92242c391a,Linear SVM,negative
ff7e98909654b6c72ced,Linear SVM,positive
97b0e0fee90c5dc524a0,Linear SVM,negative
6e0d7237326524ed1758,Linear SVM,negative
dff7b06a4643fe300f52,Linear SVM,positive
0aa48b1b98b3b3e3d1c0,Linear SVM,positive
b369f1d43aa8ee24f3c4,Linear SVM,negative
98aab93d35c688da9083,Linear SVM,positive
1543e19a56f9dab39574,Linear SVM,negative
6c8fb7543ad9a95aa8f9,Linear SVM,positive
4601c42f58e61a7988a9,Linear SVM,positive
9cd442e0300447e7d129,Linear SVM,negative
cbd7de5bb79b3c69f55e,Linear SVM,positive
621a5d5573ed7c603037,Linear SVM,negative
fdc59961134e3b63b137,Linear SVM,positive
a174ae3311f2fa3878eb,Linear SVM,positive
b88708d507f23f997578,Linear SVM,positive
cce428b03d3c8f047999,Linear SVM,positive
6a16d3c9a810dee7b6ed,Linear SVM,positive
8f63f6aff2e5681eca0c,Linear SVM,negative
5f41f67a3ed3ee34a63b,Linear SVM,positive
6c2e27f3a19cee4a1dee,Linear SVM,negative
22b02f232545bb416555,Linear SVM,positive
c55b20d117bcfd20f274,Linear SVM,positive
267f0feb38289222ad9f,Linear SVM,positive
5eb34363d3df16aaba9f,Linear SVM,positive
c5ec83303c77706272c4,Linear SVM,negative
bf6f2a5ce8d8c970200d,Linear SVM,positive
c61e87c54843b611f69b,Linear SVM,positive
ac7890b1c87ff5436703,Linear SVM,negative
dbf9b143531682a07f69,Linear SVM,positive
f84fddd17e7be9ec9c05,Linear SVM,positive
3f5b12bacf82ae94fec6,Linear SVM,negative
54c37d111e627f40ff2f,Linear SVM,negative
c01c38b0b3d8110c6f4d,Linear SVM,negative
09e752269c6d6438286b,Linear SVM,positive
a39e0c71f43c03443464,Linear SVM,negative
1400409811b4d5c8e399,Linear SVM,positive
f460c02073df31a3ee75,Linear SVM,negative
28c49486b03cd2d3baae,Linear SVM,negative
3cb7e91f1afb65f8f34b,Linear SVM,negative
3bc191d1312bc0131b89,Linear SVM,negative
d1bde6abc89007c04420,Linear SVM,positive
49dc2def8c3ce92f4876,Linear SVM,negative
93cc0b8997c37a57fb8d,Linear SVM,negative
1d968fe5bd71a823a9b6,Linear SVM,positive
bfc7fdcb4079ec413cb0,Linear SVM,positive
bbcb95122f084e3ca8c5,Linear SVM,positive
76bd08ef99d79e8316c9,Linear SVM,positive
3bd197d302ba17af6d82,Linear SVM,positive
f72c5f5b10b49022f5e0,Linear SVM,positive
05888cbf1c8c46e52575,Linear SVM,positive
1b76b0bb5af4e862e9e0,Linear SVM,positive
9adde2f755d2de02cd4f,Linear SVM,positive
25ee3c78b1682d690e37,Linear SVM,negative
c4977d0d8ee40543936d,Linear SVM,negative
37ef1c44a8b5a4950ba2,Linear SVM,positive
4b9080d8634a1c835acf,Linear SVM,negative
b890cf15526ccf8d6091,Linear SVM,negative
20ef0172c6c1ee228dc2,Linear SVM,positive
ede98a648de1a3f8f762,Linear SVM,negative
75e88f2c2dbca209bd85,Linear SVM,negative
6588088eb116920dde16,Linear SVM,positive
6d2730df2b0ddfcf48a3,Linear SVM,negative
2d363bc7f524650d66be,Linear SVM,positive
d9e6b7101a61b3252b7e,Linear SVM,negative
ce0af3b2b296d30074ce,Linear SVM,negative
1c120e70b16623145ab7,Linear SVM,positive
95e982d79b94a30aa31f,Linear SVM,negative
88b63ac48443f800cff1,Linear SVM,negative
a997b197a133979f4114,Linear SVM,negative
2b1c07758699bbc472f1,Linear SVM,positive
4a22496e7f30abd4340a,Linear SVM,positive
1f55607e5392455f5763,Linear SVM,positive
6f33390f6483eb16dc00,Linear SVM,negative
e61e7a8157917b9c775f,Linear SVM,positive
c982a991f3c1bfa8db5b,Linear SVM,negative
fea263e52999c578613c,Linear SVM,negative
95a8940ffc2a0298762c,Linear SVM,positive
f4ad0ee5d940ea0dc4f8,Linear SVM,positive
42944af29b23b88e60a2,Linear SVM,positive
157983a8f4ab26a7a622,Linear SVM,negative
ce1efc08556fc6685e3c,Linear SVM,negative
4cb24de9d008761e0b3a,Linear SVM,negative
9c7334742f8f1e97810c,Linear SVM,positive
e63f13304516df87bece,Linear SVM,positive
0a742ccdeecbb0471a5a,Linear SVM,positive
4a647ac2a65197577c0c,Linear SVM,negative
f14a758d750962cd872e,Linear SVM,positive
4b08ddb9d3036e75754e,Linear SVM,negative
db7ae42fb0e2ea0fa596,Linear SVM,positive
89806da0c77fdf2701d6,Linear SVM,negative
08646e2413675a046723,Linear SVM,positive
e7d268dd8ac26ba18f5a,Linear SVM,negative
514bf153134a9b76a81d,Linear SVM,negative
b77f8ad21127a0d60893,Linear SVM,positive
79f882dec6755edad5d2,Linear SVM,negative
9700f5ec7a389dd77aaa,Linear SVM,positive
71cd48d49e66afac87ee,Linear SVM,positive
f73e615512870308caa6,Linear SVM,positive
38d89b0a0faed9986440,Linear SVM,positive
8b3146b1e6592bf6c127,Linear SVM,positive
eacf63efd1399d8da119,Linear SVM,negative
dad9ab2b6f3f2aa43319,Linear SVM,positive
456bc97c5f52c1eb77fa,Linear SVM,positive
0fda147d17f9f9063ee3,Linear SVM,negative
af723d2de92e93b92199,Linear SVM,positive
64fe7e604171d6ccc3e6,Linear SVM,positive
f429969e58048fe25f07,Linear SVM,positive
3a42bc832e2705e65430,Linear SVM,negative
c1bde4ae966365e736fd,Linear SVM,positive
34d9e99609c6563a9b31,Linear SVM,positive
022798c60a65d5296eee,Linear SVM,negative
320c14917dadc470879f,Linear SVM,negative
78ecc47528e97705fd15,Linear SVM,negative
c73475c00f5e688a320e,Linear SVM,negative
a9db0059b101cfe31e9c,Linear SVM,positive
794f585b5ed9a6f3649f,Linear SVM,positive
b773009b8c2f4d6406fc,Linear SVM,negative
2665c573872f2fdb40bd,Linear SVM,positive
cfb5eec6a9573be79b28,Linear SVM,positive
55d0b0121b36146532fb,Linear SVM,negative
8461eac40faa9ab2b671,Linear SVM,positive
2dff93e8f700734dc92a,Linear SVM,negative
ff28d88fff9b9ff14c9e,Linear SVM,positive
8d5f6d5e3e41ca1b3a07,Linear SVM,negative
5ca9a24f8bc77f3e49ac,Linear SVM,negative
6ff1dd218712c61265a8,Linear SVM,negative
8bb682392a2611a53ab4,Linear SVM,positive
9e5eb34253e3568aba2a,Linear SVM,positive
388f42516b5b79c8c14f,Linear SVM,positive
49d802444c267b0bc5e5,Linear SVM,positive
f2e3afcafa7620496561,Linear SVM,negative
9fab560ac6eaffbbc344,Linear SVM,positive
90a08bcb552eebc780cc,Linear SVM,positive
0f4ecd474f4f9dcfcd90,Linear SVM,positive
cef5499fb7b512c11a22,Linear SVM,positive
515e0a704b44f9599576,Linear SVM,positive
5d2467cc7c61fc32cca3,Linear SVM,positive
bdb114b699a2a0a3f195,Linear SVM,positive
a86d1189171b196bc8a0,Linear SVM,positive
f2c26d830fe07a14178c,Linear SVM,positive
16d3e65bb4571a14a9d7,Linear SVM,negative
8ed5bff8a68c6d8a81e0,Linear SVM,positive
32b7ffb47cba77cb3bcd,Linear SVM,positive
3b7134211106efe671d1,Linear SVM,positive
cce647ab2834b584d71d,Linear SVM,negative
8c3f4a36eaa90a4b8164,Linear SVM,negative
27986f72e12ed60df67e,Linear SVM,positive
c0d87a1e787206560bef,Linear SVM,negative
5f117b187430a46feb7e,Linear SVM,positive
038b70ea7280cbb4cd47,Linear SVM,positive
3a95ae118e3a5ccc13f7,Linear SVM,positive
3d1c368985213cbf9f1c,Linear SVM,negative
d1f489d580f2d1a62179,Linear SVM,negative
ccb49d2dcb0867096237,Linear SVM,negative
d294db5746ae5553a045,Linear SVM,negative
d306a0cdeb54bcc5ad16,Linear SVM,negative
f32f4e3c93b9389ea4aa,Linear SVM,negative
4b8f93eb9ead8230f662,Linear SVM,negative
f4c8f36513f3d97715dd,Linear SVM,negative
3483aa32e92a54ec79fa,Linear SVM,negative
cd4c2dc2d7da7e74ffed,Linear SVM,negative
857c9f154be300803b32,Linear SVM,negative
3b01c190ac99f0c6dae1,Linear SVM,positive
bf24479f79e6c68432c5,Linear SVM,negative
bb3b56e897af60a633b9,Linear SVM,positive
0a1f426c617c8d7c7d69,Linear SVM,positive
89a85de4732e1843a391,Linear SVM,negative
38c0ff39853706bfb251,Linear SVM,positive
c6b6a240b3254bd02443,Linear SVM,negative
02ce01468615c7e4c9dc,Linear SVM,positive
d2003a366e9e2c7ce8c0,Linear SVM,negative
fa21e146eac88a9a5faa,Linear SVM,positive
e4335dc270e591d7bd17,Linear SVM,negative
a37a5865a0664b385f10,Linear SVM,negative
8ab0f35dafb0c5baeb93,Linear SVM,negative
dc58c6be34d530709727,Linear SVM,negative
28036725be08361e1ab4,Linear SVM,negative
bb63d240e43bdbe2a753,Linear SVM,positive
3cf4ffc55c1fcbd6d708,Linear SVM,negative
53c2ff0c1b0d3536786c,Linear SVM,positive
5520f0e7e735a89911b6,Linear SVM,positive
0882bac430508d4fa8b0,Linear SVM,negative
5c2b079c00a57c82adad,Linear SVM,positive
98f6dd7392314f1571ce,Linear SVM,negative
8852d6236d1e5cba83c6,Linear SVM,positive
bf2c48679a942e96ce78,Linear SVM,positive
d01d893c8f864398c739,Linear SVM,negative
65869fa59510b261128c,Linear SVM,positive
961f69727482dbc229a1,Linear SVM,negative
041853527a26454e0cf3,Linear SVM,positive
6d9ec92fd42d8532c201,Linear SVM,positive
ddb319ac849ab3756fc8,Linear SVM,negative
d24c1fb8e9d88e26d594,Linear SVM,positive
0e38fdf19ade7da113b8,Linear SVM,positive
514a798931f225585e0b,Linear SVM,positive
540c50b1ef5c450999e4,Linear SVM,negative
db8904da171194f9a58c,Linear SVM,negative
f3538bb8d560c393f21d,Linear SVM,positive
69cab82ed1f5a7b588b4,Linear SVM,positive
f2cfff9c2f96df80b934,Linear SVM,negative
bb9af2ebcbad6b8df079,Linear SVM,positive
9c4403a7a88f8bbdc22f,Linear SVM,negative
5cf397d81d0ece5a824b,Linear SVM,negative
b513cf1592208dc43758,Linear SVM,negative
8967f587ba273bb6b6f7,Linear SVM,negative
26801c6c5971541bdadd,Linear SVM,negative
93db743ae5a60cd69bfd,Linear SVM,positive
85a4e5716baa4a0bd93e,Linear SVM,negative
4d07d02fbf0cc2edec99,Linear SVM,negative
a64d9568f7ff33d93177,Linear SVM,negative
d94c66847426ee5291bc,Linear SVM,negative
ed0eeb6da89c4cfeaefa,Linear SVM,negative
5949cfeb50df8145aac8,Linear SVM,negative
239e35dcaa96a9a37e34,Linear SVM,negative
909f04e87ee0e2f9ad0c,Linear SVM,negative
6b8b349d1e82228acc9e,Linear SVM,positive
a1689064a6ab18dfa477,Linear SVM,negative
391cb5ed2343f79cc4cc,Linear SVM,positive
c5579fd03096d1d2a096,Linear SVM,negative
73de7925fc46f3786912,Linear SVM,negative
1438a973a2a486d1d1cc,Linear SVM,positive
63b74515dd8ead56d97b,Linear SVM,negative
6bb7f3aed90d2ffadf99,Linear SVM,negative
b64528c913480ae37135,Linear SVM,negative
eece6ea12125dee2989e,Linear SVM,negative
5eada21dc254ce656609,Linear SVM,negative
5c7bd88b10eab64ec820,Linear SVM,positive
3cee081bf126cb16cedc,Linear SVM,positive
f77ef40ab51b41760292,Linear SVM,negative
9fd67a75a8e074b26df0,Linear SVM,negative
bc992673eb452825445a,Linear SVM,negative
72435d1c3dff9b68425f,Linear SVM,negative
38e09dd10171a0f36090,Linear SVM,positive
c6890118e2dd99d2c5be,Linear SVM,negative
d6518e22601ddd66f0d5,Linear SVM,negative
af599b6c6d2f6efe4b3a,Linear SVM,negative
4498bb7b763e864228a8,Linear SVM,positive
13461cbc1e01b6dce602,Linear SVM,negative
5c30fe3e26670174e3c8,Linear SVM,negative
3ed2b92d4ae0fbbefeb4,Linear SVM,positive
d78e95e01f25e412fd48,Linear SVM,positive
9ed3f0ac5ab5dc460c25,Linear SVM,negative
41a5b694fdd1ddc010c2,Linear SVM,positive
2363279c12f1580a5e3b,Linear SVM,negative
9a35a441d10ae1b34246,Linear SVM,positive
b1299eeca9634f0df5a7,Linear SVM,negative
c4966fd7c36b1a812802,Linear SVM,negative
c38a478f1d540f70197c,Linear SVM,positive
677f9f73f84496c73f2f,Linear SVM,negative
6eb6c43e3bd388233c52,Linear SVM,positive
2b0fa251aa48ae91cd29,Linear SVM,negative
3db17e33d3f93de1b456,Linear SVM,positive
